timestamp,ALLSKY_SFC_SW_DWN,ALLSKY_SFC_SW_DNI,ALLSKY_SFC_SW_DIFF,T2M,RH2M,WS10M,WD10M,PS,PRECTOTCORR
2020010100,0.0,0.0,0.0,6.55,52.59,1.79,47.0,99.51,0.0
2020010101,0.0,0.0,0.0,5.87,55.12,1.96,54.4,99.5,0.0
2020010102,0.0,0.0,0.0,5.43,56.64,2.0,63.3,99.5,0.0
2020010103,0.0,0.0,0.0,5.2,57.38,1.93,73.4,99.5,0.0
2020010104,0.0,0.0,0.0,4.99,58.06,1.86,83.5,99.53,0.0
2020010105,0.0,0.0,0.0,4.76,58.86,1.85,92.5,99.6,0.0
2020010106,0.0,0.0,0.0,4.57,59.88,1.88,100.4,99.68,0.0
2020010107,75.43,84.87,61.95,5.55,60.2,1.74,108.1,99.77,0.0
2020010108,217.77,266.42,146.75,8.26,49.73,2.32,114.5,99.85,0.0
2020010109,368.52,395.1,185.82,11.14,42.09,2.39,116.4,99.92,0.0
2020010110,475.15,416.99,223.76,15.34,31.44,3.25,117.7,99.91,0.0
2020010111,425.67,221.14,244.71,17.45,27.78,3.43,112.6,99.82,0.0
2020010112,419.92,214.37,257.16,18.89,25.13,3.52,109.1,99.71,0.0
2020010113,378.33,215.0,242.86,19.62,23.92,3.49,108.4,99.63,0.0
2020010114,295.67,163.5,216.1,19.49,24.53,3.3,108.0,99.58,0.0
2020010115,159.88,81.94,134.67,17.97,35.17,2.18,107.6,99.57,0.0
2020010116,38.22,13.38,36.25,14.36,46.62,2.27,108.5,99.59,0.0
2020010117,0.0,0.0,0.0,12.62,45.6,2.41,110.2,99.65,0.0
2020010118,0.0,0.0,0.0,11.85,48.25,2.42,111.4,99.75,0.0
2020010119,0.0,0.0,0.0,11.13,50.88,2.44,110.7,99.8,0.0
2020010120,0.0,0.0,0.0,10.2,54.53,2.53,106.5,99.84,0.0
2020010121,0.0,0.0,0.0,9.12,60.71,2.72,102.3,99.84,0.0
2020010122,0.0,0.0,0.0,8.08,67.79,2.92,101.7,99.82,0.0
2020010123,0.0,0.0,0.0,7.24,74.58,3.05,105.0,99.78,0.0
2020010200,0.0,0.0,0.0,6.74,79.91,3.07,108.8,99.74,0.0
2020010201,0.0,0.0,0.0,6.38,84.21,2.95,110.2,99.71,0.0
2020010202,0.0,0.0,0.0,5.99,88.69,2.77,113.0,99.67,0.0
2020010203,0.0,0.0,0.0,5.58,93.51,2.52,119.0,99.65,0.0
2020010204,0.0,0.0,0.0,5.35,97.89,2.23,121.6,99.68,0.0
2020010205,0.0,0.0,0.0,5.2,100.0,1.97,115.3,99.75,0.0
2020010206,0.0,0.0,0.0,5.07,100.0,1.72,100.1,99.83,0.0
2020010207,69.65,55.67,60.33,6.46,96.15,1.62,78.3,99.92,0.0
2020010208,213.8,220.04,135.29,9.01,82.8,1.89,69.8,99.99,0.0
2020010209,346.38,326.55,176.15,12.82,68.6,1.93,90.0,100.04,0.0
2020010210,458.55,382.34,222.47,16.78,56.19,3.21,115.3,99.98,0.0
2020010211,481.85,319.93,242.03,18.48,51.67,3.99,122.3,99.82,0.06
2020010212,486.3,340.01,240.94,19.33,49.77,4.12,123.7,99.66,0.17
2020010213,435.58,357.08,214.77,19.65,49.28,3.93,121.8,99.54,0.24
2020010214,318.83,280.71,183.63,19.58,49.67,3.28,117.2,99.48,0.12
2020010215,169.07,156.98,113.41,18.9,52.18,2.44,107.6,99.46,0.01
2020010216,39.42,21.13,39.46,16.65,61.73,1.51,94.2,99.48,0.02
2020010217,0.0,0.0,0.0,16.0,61.49,1.42,74.9,99.53,0.05
2020010218,0.0,0.0,0.0,15.65,63.1,1.44,60.1,99.58,0.07
2020010219,0.0,0.0,0.0,15.13,65.54,1.55,57.1,99.61,0.12
2020010220,0.0,0.0,0.0,14.64,67.94,1.7,62.2,99.64,0.1
2020010221,0.0,0.0,0.0,14.01,71.08,1.94,70.1,99.65,0.11
2020010222,0.0,0.0,0.0,13.34,74.54,2.19,77.4,99.63,0.17
2020010223,0.0,0.0,0.0,12.85,77.58,2.43,82.7,99.59,0.17
2020010300,0.0,0.0,0.0,12.44,80.31,2.59,85.8,99.53,0.22
2020010301,0.0,0.0,0.0,11.94,83.97,2.66,86.8,99.48,0.28
2020010302,0.0,0.0,0.0,11.05,90.22,2.74,88.3,99.42,0.21
2020010303,0.0,0.0,0.0,10.03,97.83,2.73,91.7,99.39,0.15
2020010304,0.0,0.0,0.0,9.18,100.0,2.66,96.7,99.38,0.16
2020010305,0.0,0.0,0.0,8.62,100.0,2.5,103.2,99.43,0.16
2020010306,0.0,0.0,0.0,8.32,100.0,2.29,111.0,99.49,0.14
2020010307,77.75,117.93,53.84,10.42,98.12,2.09,119.9,99.56,0.08
2020010308,237.77,358.97,113.97,12.91,85.31,2.28,128.8,99.64,0.0
2020010309,370.38,398.27,167.06,16.12,71.16,2.57,129.0,99.67,0.0
2020010310,487.52,477.25,195.09,18.37,62.36,2.09,126.4,99.61,0.0
2020010311,476.98,331.84,236.98,19.86,56.07,1.56,116.7,99.49,0.0
2020010312,474.6,338.83,235.56,20.76,51.1,1.12,96.7,99.37,0.0
2020010313,408.45,306.72,211.66,21.05,47.86,1.02,71.2,99.27,0.0
2020010314,334.52,343.1,171.07,20.8,47.42,1.18,56.7,99.21,0.0
2020010315,176.0,195.68,106.6,20.12,49.25,1.36,54.0,99.2,0.0
2020010316,42.05,34.82,34.74,18.22,58.92,1.2,65.4,99.21,0.0
2020010317,0.0,0.0,0.0,16.82,59.69,1.53,85.5,99.25,0.0
2020010318,0.0,0.0,0.0,15.94,63.25,1.81,105.3,99.3,0.0
2020010319,0.0,0.0,0.0,15.15,66.66,1.97,120.2,99.35,0.0
2020010320,0.0,0.0,0.0,14.41,70.24,2.05,132.0,99.39,0.0
2020010321,0.0,0.0,0.0,13.65,74.42,2.1,141.4,99.42,0.0
2020010322,0.0,0.0,0.0,12.91,78.85,2.12,149.3,99.42,0.0
2020010323,0.0,0.0,0.0,12.21,83.43,2.06,157.2,99.4,0.0
2020010400,0.0,0.0,0.0,11.67,87.36,1.91,166.4,99.38,0.0
2020010401,0.0,0.0,0.0,11.19,90.99,1.69,178.3,99.35,0.0
2020010402,0.0,0.0,0.0,10.83,93.64,1.39,196.7,99.3,0.0
2020010403,0.0,0.0,0.0,10.43,96.26,1.2,225.3,99.27,0.0
2020010404,0.0,0.0,0.0,9.87,99.68,1.18,252.8,99.27,0.0
2020010405,0.0,0.0,0.0,9.41,100.0,1.18,269.0,99.31,0.0
2020010406,0.0,0.0,0.0,9.19,100.0,1.16,276.9,99.35,0.0
2020010407,65.43,59.92,51.46,10.13,95.8,1.11,279.9,99.42,0.0
2020010408,207.4,237.67,121.3,12.41,82.52,1.23,274.6,99.49,0.13
2020010409,342.9,337.53,178.57,16.89,59.02,1.31,271.3,99.55,0.91
2020010410,445.77,363.3,195.74,19.46,47.26,1.99,277.5,99.52,0.55
2020010411,375.45,194.18,217.6,20.45,42.69,2.69,281.4,99.41,0.32
2020010412,377.88,175.18,234.39,21.05,39.5,3.16,285.4,99.29,0.2
2020010413,303.33,163.52,184.39,21.29,37.32,3.47,289.2,99.18,0.12
2020010414,240.07,128.25,169.51,21.03,36.18,3.62,291.9,99.12,0.02
2020010415,129.18,74.02,100.09,20.13,38.51,3.1,295.0,99.1,0.0
2020010416,33.12,11.59,29.18,16.6,53.01,2.38,300.0,99.12,0.0
2020010417,0.0,0.0,0.0,14.24,54.8,2.77,307.5,99.19,0.0
2020010418,0.0,0.0,0.0,13.22,56.31,2.98,315.8,99.27,0.0
2020010419,0.0,0.0,0.0,12.29,57.34,3.18,323.6,99.35,0.0
2020010420,0.0,0.0,0.0,11.45,58.06,3.3,331.0,99.4,0.0
2020010421,0.0,0.0,0.0,10.66,58.61,3.32,337.3,99.43,0.0
2020010422,0.0,0.0,0.0,9.92,59.63,3.25,344.1,99.42,0.0
2020010423,0.0,0.0,0.0,9.29,61.1,3.19,350.2,99.38,0.0
2020010500,0.0,0.0,0.0,8.74,62.54,3.08,356.5,99.35,0.0
2020010501,0.0,0.0,0.0,8.27,64.25,2.97,0.0,99.31,0.0
2020010502,0.0,0.0,0.0,7.89,66.21,2.79,358.8,99.27,0.0
2020010503,0.0,0.0,0.0,7.67,67.49,2.53,353.0,99.24,0.0
2020010504,0.0,0.0,0.0,7.67,67.65,2.28,338.6,99.25,0.0
2020010505,0.0,0.0,0.0,7.61,67.96,2.12,319.4,99.3,0.0
2020010506,0.0,0.0,0.0,7.37,69.11,2.08,296.8,99.34,0.0
2020010507,74.8,96.69,54.44,8.74,65.67,2.01,276.6,99.4,0.0
2020010508,213.65,249.39,122.45,11.68,54.1,3.11,265.0,99.47,0.0
2020010509,368.1,377.07,173.29,14.49,47.36,2.77,261.5,99.53,0.0
2020010510,484.3,446.74,206.34,18.7,36.3,3.24,284.0,99.5,0.0
2020010511,501.0,350.91,253.31,20.47,33.07,3.4,295.2,99.38,0.0
2020010512,485.7,343.12,245.91,21.23,31.71,3.48,300.0,99.26,0.0
2020010513,382.88,218.72,230.59,21.42,30.89,3.91,306.3,99.2,0.0
2020010514,277.45,138.97,205.33,20.84,31.61,3.81,309.8,99.16,0.0
2020010515,161.8,59.08,134.29,19.57,36.98,2.85,311.9,99.18,0.0
2020010516,42.0,3.59,38.17,16.19,51.39,2.41,315.5,99.27,0.0
2020010517,0.0,0.0,0.0,13.91,54.06,2.57,322.9,99.31,0.0
2020010518,0.0,0.0,0.0,12.93,56.5,2.71,333.4,99.4,0.0
2020010519,0.0,0.0,0.0,12.12,58.86,2.87,342.8,99.49,0.0
2020010520,0.0,0.0,0.0,11.01,61.43,2.99,353.5,99.53,0.0
2020010521,0.0,0.0,0.0,10.23,63.43,2.93,2.5,99.51,0.0
2020010522,0.0,0.0,0.0,9.63,64.94,2.74,9.5,99.47,0.0
2020010523,0.0,0.0,0.0,9.18,65.84,2.56,3.6,99.46,0.0
2020010600,0.0,0.0,0.0,8.9,65.97,2.46,354.2,99.45,0.0
2020010601,0.0,0.0,0.0,9.1,64.25,2.27,345.5,99.43,0.0
2020010602,0.0,0.0,0.0,9.27,62.26,2.06,336.2,99.37,0.0
2020010603,0.0,0.0,0.0,8.83,62.86,2.21,325.3,99.34,0.0
2020010604,0.0,0.0,0.0,8.44,63.54,2.38,318.7,99.36,0.0
2020010605,0.0,0.0,0.0,8.31,63.12,2.34,313.1,99.4,0.0
2020010606,0.0,0.0,0.0,8.25,62.23,2.16,309.4,99.42,0.0
2020010607,37.83,1.9,32.94,9.9,59.47,1.84,293.6,99.46,0.0
2020010608,92.72,8.08,80.39,12.26,48.88,2.69,280.1,99.55,0.0
2020010609,138.12,17.88,114.24,14.59,44.41,2.17,268.2,99.62,0.0
2020010610,193.77,32.02,159.04,18.39,32.98,1.89,265.7,99.58,0.02
2020010611,260.15,54.82,206.13,20.53,28.44,1.82,279.5,99.48,0.07
2020010612,259.2,74.32,191.84,21.6,27.47,1.81,301.9,99.38,0.16
2020010613,234.18,14.57,202.86,21.92,27.58,1.58,321.7,99.31,0.07
2020010614,168.02,0.7,145.42,21.58,28.7,1.38,328.0,99.28,0.02
2020010615,93.18,6.07,81.69,20.52,34.46,1.47,340.6,99.32,0.02
2020010616,25.98,0.0,23.6,17.4,50.02,2.07,17.4,99.34,0.03
2020010617,0.0,0.0,0.0,14.5,53.61,3.07,29.5,99.4,0.01
2020010618,0.0,0.0,0.0,14.5,54.22,3.72,34.0,99.46,0.03
2020010619,0.0,0.0,0.0,13.02,63.11,3.92,41.0,99.49,0.06
2020010620,0.0,0.0,0.0,12.36,72.32,4.33,45.1,99.5,0.03
2020010621,0.0,0.0,0.0,11.94,80.14,3.97,48.7,99.51,0.0
2020010622,0.0,0.0,0.0,11.57,85.59,3.21,52.8,99.49,0.0
2020010623,0.0,0.0,0.0,11.11,89.78,2.66,55.7,99.46,0.0
2020010700,0.0,0.0,0.0,11.52,88.29,2.67,57.6,99.45,0.0
2020010701,0.0,0.0,0.0,11.37,89.5,2.82,63.0,99.41,0.02
2020010702,0.0,0.0,0.0,11.04,91.43,2.8,68.8,99.36,0.7
2020010703,0.0,0.0,0.0,10.17,96.34,2.65,74.2,99.31,2.17
2020010704,0.0,0.0,0.0,9.75,98.27,2.83,82.5,99.28,0.14
2020010705,0.0,0.0,0.0,9.1,100.0,2.89,89.2,99.31,0.13
2020010706,0.0,0.0,0.0,8.71,100.0,2.8,92.0,99.38,0.66
2020010707,47.53,5.88,41.57,10.35,92.67,3.82,95.1,99.45,1.2
2020010708,140.8,17.05,117.28,12.26,84.7,3.18,100.1,99.52,0.21
2020010709,258.35,91.31,204.28,15.78,67.52,3.69,107.4,99.56,0.17
2020010710,241.7,9.52,208.16,18.65,52.65,3.72,118.9,99.5,0.07
2020010711,177.43,18.46,144.04,20.28,44.91,3.12,133.6,99.35,0.14
2020010712,288.88,142.43,209.31,21.35,40.06,2.67,144.8,99.21,0.19
2020010713,194.02,17.88,160.68,22.06,37.42,2.29,152.2,99.1,0.26
2020010714,171.65,12.62,146.25,21.86,37.79,1.64,149.5,99.02,0.81
2020010715,101.35,7.52,87.28,20.87,43.66,0.88,91.3,98.99,0.67
2020010716,28.9,4.08,26.19,18.04,58.18,2.07,40.1,99.01,0.34
2020010717,0.0,0.0,0.0,16.33,62.9,3.22,41.4,99.06,0.26
2020010718,0.0,0.0,0.0,15.45,69.64,4.55,44.0,99.12,0.19
2020010719,0.0,0.0,0.0,14.19,79.95,4.65,44.0,99.15,0.36
2020010720,0.0,0.0,0.0,13.27,87.8,4.17,48.8,99.17,1.71
2020010721,0.0,0.0,0.0,12.83,91.43,3.61,56.9,99.17,3.74
2020010722,0.0,0.0,0.0,12.54,93.6,2.83,59.9,99.15,3.67
2020010723,0.0,0.0,0.0,12.34,94.6,2.06,56.3,99.13,3.66
2020010800,0.0,0.0,0.0,12.09,95.46,1.57,52.3,99.1,4.71
2020010801,0.0,0.0,0.0,11.89,95.9,1.61,48.0,99.05,7.2
2020010802,0.0,0.0,0.0,11.75,95.81,1.89,47.8,98.99,11.39
2020010803,0.0,0.0,0.0,11.66,95.3,2.25,55.3,98.94,14.6
2020010804,0.0,0.0,0.0,11.55,94.95,2.55,65.6,98.93,14.35
2020010805,0.0,0.0,0.0,11.42,94.65,2.84,74.7,98.98,11.37
2020010806,0.0,0.0,0.0,11.27,94.6,3.05,80.9,99.05,8.14
2020010807,28.17,0.64,24.56,11.55,92.81,3.53,86.7,99.12,5.94
2020010808,65.3,3.02,56.85,12.35,89.77,3.46,92.3,99.21,36.39
2020010809,96.62,7.1,83.14,13.94,82.93,3.63,101.9,99.26,28.44
2020010810,114.43,17.16,94.24,15.84,73.86,3.92,117.3,99.21,16.76
2020010811,86.78,7.34,70.77,17.29,66.39,3.82,131.7,99.08,10.04
2020010812,71.3,5.97,60.39,17.39,65.25,3.02,145.5,98.96,6.61
2020010813,59.17,3.88,50.81,17.13,66.45,1.97,165.6,98.89,6.17
2020010814,54.28,1.21,46.08,16.83,67.79,1.0,201.7,98.86,4.1
2020010815,29.77,0.0,25.83,16.32,71.14,1.0,289.9,98.88,4.59
2020010816,7.57,0.0,6.88,15.14,81.6,1.28,319.7,98.91,9.89
2020010817,0.0,0.0,0.0,13.95,85.71,1.88,328.7,98.98,7.96
2020010818,0.0,0.0,0.0,13.24,88.93,2.34,331.7,99.08,6.6
2020010819,0.0,0.0,0.0,12.43,92.44,2.76,332.1,99.17,5.27
2020010820,0.0,0.0,0.0,11.65,95.43,3.29,330.5,99.24,3.89
2020010821,0.0,0.0,0.0,10.65,98.08,3.54,327.7,99.28,3.16
2020010822,0.0,0.0,0.0,9.79,98.54,3.71,324.0,99.29,2.92
2020010823,0.0,0.0,0.0,9.1,97.86,3.95,321.1,99.26,2.09
2020010900,0.0,0.0,0.0,8.38,97.7,3.99,317.2,99.25,1.13
2020010901,0.0,0.0,0.0,7.85,96.36,4.6,316.9,99.24,0.83
2020010902,0.0,0.0,0.0,7.12,95.94,4.56,318.4,99.21,0.71
2020010903,0.0,0.0,0.0,6.32,95.72,4.14,319.9,99.19,0.47
2020010904,0.0,0.0,0.0,5.54,96.16,3.71,320.1,99.21,0.18
2020010905,0.0,0.0,0.0,4.87,96.97,3.48,318.1,99.29,0.12
2020010906,0.0,0.0,0.0,4.36,97.93,3.43,313.9,99.38,0.11
2020010907,50.15,8.48,44.62,5.47,93.18,4.4,309.7,99.48,0.07
2020010908,128.3,16.15,112.44,7.45,87.53,3.78,306.2,99.58,0.0
2020010909,213.62,26.48,176.86,11.35,67.96,4.88,315.0,99.67,0.0
2020010910,373.98,190.39,248.74,14.27,50.94,5.55,318.6,99.65,0.0
2020010911,411.23,194.35,267.54,15.95,42.0,5.22,317.5,99.58,0.0
2020010912,550.55,471.03,231.26,17.07,35.56,4.87,316.0,99.48,0.0
2020010913,506.88,473.87,221.78,17.48,32.32,4.56,315.4,99.43,0.0
2020010914,388.92,425.14,182.55,17.25,31.41,4.32,315.7,99.4,0.0
2020010915,226.27,305.97,129.77,16.32,32.56,4.09,315.6,99.42,0.0
2020010916,63.0,76.2,49.49,12.92,47.29,2.69,313.6,99.45,0.0
2020010917,0.0,0.0,0.0,9.69,55.45,3.11,312.3,99.5,0.0
2020010918,0.0,0.0,0.0,8.79,57.42,3.23,312.2,99.6,0.0
2020010919,0.0,0.0,0.0,8.03,59.17,3.29,312.9,99.67,0.0
2020010920,0.0,0.0,0.0,7.36,60.88,3.34,315.0,99.72,0.0
2020010921,0.0,0.0,0.0,6.7,62.74,3.38,318.5,99.73,0.0
2020010922,0.0,0.0,0.0,6.06,64.71,3.46,323.0,99.72,0.0
2020010923,0.0,0.0,0.0,5.38,67.27,3.47,327.6,99.67,0.0
2020011000,0.0,0.0,0.0,4.65,70.56,3.36,330.4,99.62,0.0
2020011001,0.0,0.0,0.0,3.92,74.42,3.15,329.9,99.56,0.0
2020011002,0.0,0.0,0.0,3.33,77.54,3.07,325.7,99.5,0.0
2020011003,0.0,0.0,0.0,2.93,79.3,3.12,320.1,99.45,0.0
2020011004,0.0,0.0,0.0,2.63,80.57,3.27,314.0,99.44,0.0
2020011005,0.0,0.0,0.0,2.45,80.99,3.56,307.8,99.49,0.0
2020011006,0.0,0.0,0.0,2.26,81.49,3.73,305.2,99.55,0.0
2020011007,84.0,123.16,67.17,4.14,71.37,4.91,306.4,99.6,0.0
2020011008,255.32,371.52,137.43,6.76,61.46,3.87,305.3,99.66,0.0
2020011009,430.58,557.35,170.95,10.81,48.84,3.67,311.7,99.7,0.0
2020011010,569.53,680.91,166.27,14.74,35.45,5.0,325.1,99.66,0.0
2020011011,601.2,585.19,212.71,16.81,29.69,4.4,321.8,99.57,0.0
2020011012,602.4,601.88,206.16,18.28,25.51,3.68,318.6,99.44,0.0
2020011013,534.03,580.85,186.06,19.03,23.1,3.53,313.5,99.38,0.0
2020011014,404.67,510.47,153.96,18.8,22.99,3.76,306.6,99.38,0.0
2020011015,233.88,358.71,112.68,17.55,26.46,3.33,305.8,99.4,0.0
2020011016,70.43,135.3,46.22,13.26,45.2,2.46,302.5,99.44,0.0
2020011017,0.0,0.0,0.0,10.43,49.11,2.81,302.2,99.5,0.0
2020011018,0.0,0.0,0.0,9.48,51.3,2.83,308.1,99.57,0.0
2020011019,0.0,0.0,0.0,8.49,53.29,2.81,314.6,99.61,0.0
2020011020,0.0,0.0,0.0,7.44,55.1,2.85,319.0,99.63,0.0
2020011021,0.0,0.0,0.0,6.52,57.05,3.0,318.2,99.65,0.0
2020011022,0.0,0.0,0.0,5.87,58.98,3.15,321.1,99.64,0.0
2020011023,0.0,0.0,0.0,5.18,60.77,3.27,323.8,99.61,0.0
2020011100,0.0,0.0,0.0,4.58,62.39,3.27,328.5,99.55,0.0
2020011101,0.0,0.0,0.0,3.95,64.01,3.21,331.0,99.51,0.0
2020011102,0.0,0.0,0.0,3.34,65.57,3.16,331.0,99.47,0.0
2020011103,0.0,0.0,0.0,3.02,66.0,3.05,326.5,99.45,0.0
2020011104,0.0,0.0,0.0,2.36,67.64,3.03,320.6,99.46,0.0
2020011105,0.0,0.0,0.0,2.03,68.16,2.94,314.2,99.51,0.0
2020011106,0.0,0.0,0.0,2.12,66.88,2.81,307.0,99.58,0.0
2020011107,80.15,68.84,62.74,4.89,56.32,3.23,297.7,99.65,0.0
2020011108,241.07,260.88,151.32,7.17,48.92,2.98,284.8,99.7,0.0
2020011109,399.25,446.21,190.47,10.08,42.9,2.34,271.0,99.74,0.0
2020011110,528.97,548.63,200.67,14.79,28.72,3.34,291.8,99.73,0.0
2020011111,605.47,615.73,203.95,17.26,22.97,3.62,297.6,99.65,0.0
2020011112,610.85,667.17,175.38,18.65,21.09,3.34,300.6,99.52,0.0
2020011113,539.3,626.33,170.14,19.54,19.93,2.82,301.4,99.41,0.0
2020011114,408.1,550.76,141.55,19.45,20.17,2.36,297.8,99.34,0.0
2020011115,236.9,393.35,109.06,18.35,26.8,1.76,293.4,99.31,0.0
2020011116,71.38,146.75,46.11,15.25,38.86,1.73,289.6,99.32,0.0
2020011117,0.0,0.0,0.0,13.61,34.77,1.88,292.5,99.37,0.0
2020011118,0.0,0.0,0.0,13.24,34.6,1.71,300.6,99.44,0.0
2020011119,0.0,0.0,0.0,12.54,35.03,1.67,315.0,99.49,0.0
2020011120,0.0,0.0,0.0,11.78,36.16,1.68,328.9,99.54,0.0
2020011121,0.0,0.0,0.0,11.24,37.24,1.61,334.2,99.57,0.0
2020011122,0.0,0.0,0.0,10.43,39.68,1.44,338.8,99.55,0.0
2020011123,0.0,0.0,0.0,10.01,40.92,1.22,336.8,99.49,0.0
2020011200,0.0,0.0,0.0,9.57,41.98,1.14,331.2,99.43,0.0
2020011201,0.0,0.0,0.0,8.69,44.82,1.45,327.1,99.4,0.0
2020011202,0.0,0.0,0.0,7.54,48.76,1.95,327.8,99.37,0.0
2020011203,0.0,0.0,0.0,6.34,53.43,2.31,330.7,99.34,0.0
2020011204,0.0,0.0,0.0,5.85,55.09,2.33,332.9,99.32,0.0
2020011205,0.0,0.0,0.0,5.98,54.1,2.02,330.6,99.35,0.0
2020011206,0.0,0.0,0.0,6.41,51.71,1.63,317.2,99.38,0.0
2020011207,77.62,128.92,56.4,8.0,53.5,1.27,294.1,99.41,0.0
2020011208,242.73,407.56,112.0,10.76,41.11,1.49,264.6,99.43,0.0
2020011209,409.92,568.98,139.07,13.73,35.94,1.55,242.8,99.45,0.0
2020011210,544.78,645.3,161.46,17.79,26.29,2.08,235.2,99.39,0.0
2020011211,580.9,521.95,234.55,19.94,22.69,2.51,239.3,99.28,0.0
2020011212,593.05,588.39,210.64,21.37,20.68,2.69,247.7,99.12,0.0
2020011213,533.38,652.11,179.14,22.14,19.53,2.84,260.1,99.01,0.0
2020011214,407.62,513.0,169.01,22.03,19.65,2.66,270.2,98.94,0.0
2020011215,236.93,350.88,128.12,20.84,25.43,1.49,271.2,98.91,0.0
2020011216,68.2,97.17,53.8,18.99,29.53,0.67,258.0,98.9,0.0
2020011217,0.0,0.0,0.0,17.78,25.81,0.39,188.7,98.95,0.0
2020011218,0.0,0.0,0.0,16.29,28.21,0.99,140.3,99.03,0.0
2020011219,0.0,0.0,0.0,14.03,35.02,1.81,134.6,99.08,0.0
2020011220,0.0,0.0,0.0,12.13,40.33,2.45,133.2,99.09,0.0
2020011221,0.0,0.0,0.0,10.61,45.34,2.86,133.9,99.08,0.0
2020011222,0.0,0.0,0.0,9.57,48.45,3.08,136.6,99.02,0.0
2020011223,0.0,0.0,0.0,8.82,51.06,3.18,140.5,98.93,0.0
2020011300,0.0,0.0,0.0,8.18,52.99,3.18,143.8,98.85,0.0
2020011301,0.0,0.0,0.0,7.63,54.83,3.11,144.4,98.8,0.0
2020011302,0.0,0.0,0.0,7.15,56.63,2.96,144.8,98.74,0.0
2020011303,0.0,0.0,0.0,6.74,58.21,2.86,143.0,98.68,0.0
2020011304,0.0,0.0,0.0,6.39,59.94,2.81,140.5,98.64,0.0
2020011305,0.0,0.0,0.0,6.16,61.59,2.78,140.2,98.67,0.0
2020011306,0.0,0.0,0.0,6.02,63.41,2.79,144.5,98.74,0.0
2020011307,56.5,17.15,50.33,8.69,56.93,3.01,152.5,98.81,0.0
2020011308,148.25,62.32,121.3,11.65,47.77,3.83,153.6,98.87,0.0
2020011309,251.12,104.96,190.49,15.17,41.19,3.56,148.7,98.9,0.0
2020011310,329.5,128.51,234.08,19.43,30.68,4.8,159.6,98.88,0.0
2020011311,367.23,130.37,242.33,22.3,26.51,5.23,168.6,98.77,0.01
2020011312,380.1,78.68,267.02,23.92,27.82,5.36,175.2,98.63,0.03
2020011313,317.73,113.71,224.64,24.8,31.03,5.2,176.4,98.51,0.03
2020011314,239.25,80.1,191.51,25.07,35.2,4.97,173.4,98.44,0.06
2020011315,140.27,45.74,119.67,24.01,43.52,3.6,166.5,98.4,0.04
2020011316,41.12,8.63,38.31,20.67,56.67,2.72,159.6,98.42,0.04
2020011317,0.0,0.0,0.0,18.96,63.36,2.41,171.6,98.51,0.17
2020011318,0.0,0.0,0.0,17.84,72.3,1.7,217.6,98.66,0.43
2020011319,0.0,0.0,0.0,16.62,82.62,1.92,275.7,98.82,0.85
2020011320,0.0,0.0,0.0,15.73,88.07,3.34,308.6,98.92,1.38
2020011321,0.0,0.0,0.0,14.83,90.67,4.03,336.3,98.98,1.56
2020011322,0.0,0.0,0.0,14.15,92.56,4.14,350.0,99.04,1.19
2020011323,0.0,0.0,0.0,13.67,93.99,3.72,357.1,99.05,0.65
2020011400,0.0,0.0,0.0,13.23,94.65,3.1,3.1,99.05,0.34
2020011401,0.0,0.0,0.0,12.5,95.9,2.36,13.2,99.03,0.12
2020011402,0.0,0.0,0.0,11.72,95.55,1.93,25.5,98.99,0.04
2020011403,0.0,0.0,0.0,11.14,95.12,1.65,35.6,98.99,0.01
2020011404,0.0,0.0,0.0,10.48,96.06,1.68,49.1,99.0,0.01
2020011405,0.0,0.0,0.0,9.86,97.47,1.76,60.7,99.07,0.0
2020011406,0.0,0.0,0.0,9.14,99.66,1.77,71.9,99.14,0.0
2020011407,52.92,9.12,47.42,11.04,90.08,1.51,87.7,99.2,0.0
2020011408,154.93,44.78,135.45,13.33,77.41,1.88,102.0,99.25,0.0
2020011409,234.8,73.73,195.79,15.66,65.36,2.26,106.7,99.28,0.0
2020011410,306.3,94.63,217.97,17.73,56.9,2.1,112.1,99.26,0.0
2020011411,332.5,94.22,219.85,19.55,47.87,1.66,117.6,99.16,0.0
2020011412,391.48,135.68,249.03,20.5,42.98,1.09,138.7,99.03,0.0
2020011413,355.12,134.02,233.53,20.89,41.02,0.91,191.4,98.93,0.0
2020011414,262.95,106.83,192.87,20.95,40.79,1.36,235.5,98.88,0.0
2020011415,152.45,59.56,126.76,20.31,42.9,1.96,261.8,98.88,0.0
2020011416,46.0,11.3,41.42,17.35,56.64,2.11,278.2,98.9,0.0
2020011417,0.0,0.0,0.0,14.74,61.59,2.89,287.7,98.95,0.0
2020011418,0.0,0.0,0.0,13.94,62.64,3.26,296.6,99.04,0.0
2020011419,0.0,0.0,0.0,13.32,63.21,3.82,303.7,99.13,0.0
2020011420,0.0,0.0,0.0,12.54,64.6,3.83,310.6,99.19,0.0
2020011421,0.0,0.0,0.0,11.57,67.14,3.54,317.7,99.21,0.0
2020011422,0.0,0.0,0.0,10.7,69.91,3.36,326.4,99.22,0.0
2020011423,0.0,0.0,0.0,9.87,73.62,3.22,336.4,99.2,0.0
2020011500,0.0,0.0,0.0,9.07,79.04,3.07,344.9,99.17,0.0
2020011501,0.0,0.0,0.0,8.32,85.59,2.93,350.2,99.15,0.0
2020011502,0.0,0.0,0.0,7.69,91.74,2.76,350.6,99.13,0.0
2020011503,0.0,0.0,0.0,7.24,96.14,2.64,348.6,99.11,0.0
2020011504,0.0,0.0,0.0,6.94,98.64,2.53,344.4,99.13,0.0
2020011505,0.0,0.0,0.0,6.67,100.0,2.4,339.8,99.2,0.0
2020011506,0.0,0.0,0.0,6.34,100.0,2.32,338.5,99.29,0.0
2020011507,54.1,28.54,47.23,8.56,86.81,2.79,340.5,99.36,0.0
2020011508,173.27,125.13,124.88,10.92,75.1,2.32,345.5,99.41,0.0
2020011509,288.23,191.86,186.11,14.92,58.19,1.49,2.7,99.44,0.0
2020011510,395.38,234.64,219.85,19.23,42.56,0.67,77.0,99.41,0.0
2020011511,489.67,304.58,251.24,20.89,38.61,0.63,128.5,99.29,0.0
2020011512,422.5,173.67,256.9,21.63,37.03,0.56,157.1,99.15,0.0
2020011513,334.15,124.85,222.31,21.9,36.45,0.57,209.3,99.05,0.0
2020011514,228.75,66.75,181.4,21.83,36.71,0.8,247.3,99.0,0.0
2020011515,126.93,34.13,105.77,21.17,38.91,1.06,283.6,98.99,0.0
2020011516,38.33,7.04,36.36,18.32,53.41,1.54,318.4,99.0,0.0
2020011517,0.0,0.0,0.0,15.24,58.51,2.49,334.1,99.04,0.0
2020011518,0.0,0.0,0.0,14.01,61.42,2.9,345.4,99.12,0.0
2020011519,0.0,0.0,0.0,13.18,63.31,2.98,355.0,99.19,0.0
2020011520,0.0,0.0,0.0,12.43,64.98,3.13,2.6,99.22,0.0
2020011521,0.0,0.0,0.0,11.85,66.25,3.63,6.3,99.21,0.0
2020011522,0.0,0.0,0.0,11.34,68.24,4.43,2.5,99.14,0.0
2020011523,0.0,0.0,0.0,9.94,76.34,2.7,352.8,99.14,0.01
2020011600,0.0,0.0,0.0,9.96,79.64,1.63,6.0,99.19,0.47
2020011601,0.0,0.0,0.0,9.91,83.13,1.78,349.0,99.17,2.8
2020011602,0.0,0.0,0.0,9.76,86.79,1.95,345.5,99.11,7.59
2020011603,0.0,0.0,0.0,9.86,88.26,2.78,342.9,99.07,5.18
2020011604,0.0,0.0,0.0,9.94,89.7,3.32,343.0,99.05,1.51
2020011605,0.0,0.0,0.0,9.87,91.33,3.5,336.2,99.09,1.68
2020011606,0.0,0.0,0.0,9.77,92.43,3.68,330.5,99.2,3.06
2020011607,33.72,1.77,29.84,10.33,90.89,4.14,337.6,99.3,1.98
2020011608,100.35,10.12,87.6,11.53,87.34,3.88,349.6,99.36,1.42
2020011609,160.12,26.08,133.2,13.44,76.66,3.52,15.5,99.39,0.18
2020011610,227.62,22.25,176.12,14.96,67.58,3.4,40.7,99.35,0.5
2020011611,180.75,5.29,150.89,16.15,62.72,3.33,55.9,99.25,2.46
2020011612,141.12,6.92,116.62,16.59,62.06,3.21,57.4,99.09,3.48
2020011613,141.52,21.13,116.03,16.77,62.17,3.29,50.1,98.95,4.48
2020011614,123.4,14.43,102.82,16.72,63.14,3.4,42.4,98.87,3.68
2020011615,72.03,10.72,62.82,16.15,66.22,3.29,38.1,98.82,1.83
2020011616,23.58,3.71,20.82,14.83,74.5,2.07,39.9,98.83,1.21
2020011617,0.0,0.0,0.0,13.69,82.37,1.76,38.8,98.88,1.59
2020011618,0.0,0.0,0.0,13.16,87.75,1.49,3.8,98.98,1.67
2020011619,0.0,0.0,0.0,12.63,91.77,2.27,317.7,99.06,1.8
2020011620,0.0,0.0,0.0,12.17,94.18,2.87,310.6,99.1,2.37
2020011621,0.0,0.0,0.0,11.96,94.71,3.01,319.3,99.1,3.51
2020011622,0.0,0.0,0.0,11.75,95.33,2.46,332.2,99.08,5.86
2020011623,0.0,0.0,0.0,11.41,96.52,2.1,345.1,99.04,12.46
2020011700,0.0,0.0,0.0,10.86,98.49,2.15,349.8,98.99,21.21
2020011701,0.0,0.0,0.0,9.78,100.0,2.45,344.6,98.95,27.49
2020011702,0.0,0.0,0.0,9.29,100.0,2.54,335.1,98.93,29.06
2020011703,0.0,0.0,0.0,8.99,100.0,2.57,326.7,98.94,29.07
2020011704,0.0,0.0,0.0,8.85,100.0,2.47,322.4,98.97,24.9
2020011705,0.0,0.0,0.0,8.5,100.0,2.37,324.1,99.02,19.81
2020011706,0.0,0.0,0.0,8.01,100.0,2.32,328.8,99.12,15.8
2020011707,37.22,10.03,32.12,10.13,95.49,2.18,335.7,99.23,12.34
2020011708,115.97,49.5,94.62,12.2,86.08,2.4,345.3,99.31,0.51
2020011709,193.95,97.03,145.22,14.42,72.2,2.8,349.5,99.37,0.26
2020011710,276.45,164.16,166.4,16.54,59.65,3.09,342.9,99.37,0.12
2020011711,428.38,78.87,307.66,18.1,52.34,3.14,333.4,99.31,0.09
2020011712,428.7,146.38,294.2,19.01,48.67,3.13,324.9,99.21,0.07
2020011713,383.67,72.97,292.27,19.36,46.95,3.15,316.9,99.12,0.06
2020011714,247.75,190.02,153.64,19.31,46.22,3.22,311.7,99.07,0.04
2020011715,167.38,122.99,119.93,18.62,47.52,3.18,312.7,99.06,0.02
2020011716,58.78,38.26,51.79,16.16,60.6,2.16,318.9,99.09,0.01
2020011717,0.0,0.0,0.0,13.28,66.92,2.61,330.1,99.17,0.0
2020011718,0.0,0.0,0.0,12.31,69.73,2.81,342.0,99.26,0.0
2020011719,0.0,0.0,0.0,11.67,72.21,2.88,353.6,99.33,0.0
2020011720,0.0,0.0,0.0,11.75,72.33,2.73,4.2,99.39,0.0
2020011721,0.0,0.0,0.0,11.1,75.17,2.73,12.3,99.41,0.0
2020011722,0.0,0.0,0.0,10.2,79.05,2.75,19.8,99.41,0.0
2020011723,0.0,0.0,0.0,9.86,80.97,2.67,26.7,99.37,0.0
2020011800,0.0,0.0,0.0,9.32,84.46,2.64,32.5,99.32,0.0
2020011801,0.0,0.0,0.0,8.79,88.07,2.55,36.4,99.29,0.0
2020011802,0.0,0.0,0.0,8.57,90.07,2.33,36.6,99.26,0.0
2020011803,0.0,0.0,0.0,8.7,89.97,1.98,33.0,99.24,0.0
2020011804,0.0,0.0,0.0,8.92,89.07,1.6,25.9,99.26,0.0
2020011805,0.0,0.0,0.0,8.81,89.92,1.3,16.5,99.31,0.0
2020011806,0.0,0.0,0.0,8.52,91.77,1.22,7.1,99.38,0.0
2020011807,34.58,0.0,30.17,10.02,83.78,1.27,355.9,99.44,0.0
2020011808,91.65,0.0,78.32,12.51,72.06,1.51,348.2,99.52,0.0
2020011809,142.15,0.0,122.02,16.59,53.03,1.53,343.7,99.58,0.0
2020011810,187.43,1.01,162.77,18.79,44.62,1.85,337.0,99.57,0.02
2020011811,205.73,0.14,175.17,19.8,41.25,2.09,334.5,99.49,0.03
2020011812,245.9,84.65,168.88,20.39,39.0,2.24,330.9,99.38,0.03
2020011813,314.38,164.43,192.22,20.54,37.82,2.37,326.7,99.29,0.02
2020011814,245.43,130.14,170.6,20.15,38.12,2.54,323.5,99.25,0.01
2020011815,163.02,85.4,130.77,19.22,39.95,2.72,323.2,99.24,0.0
2020011816,56.25,24.41,49.4,16.19,54.91,2.14,326.8,99.25,0.0
2020011817,0.0,0.0,0.0,13.17,61.22,2.7,333.8,99.3,0.0
2020011818,0.0,0.0,0.0,12.17,64.08,2.91,341.1,99.38,0.0
2020011819,0.0,0.0,0.0,11.36,67.29,2.97,347.2,99.44,0.0
2020011820,0.0,0.0,0.0,10.61,70.52,2.97,351.9,99.49,0.0
2020011821,0.0,0.0,0.0,9.89,73.49,2.92,355.7,99.51,0.0
2020011822,0.0,0.0,0.0,9.2,76.43,2.85,357.0,99.5,0.0
2020011823,0.0,0.0,0.0,8.54,79.46,2.78,356.1,99.46,0.0
2020011900,0.0,0.0,0.0,7.9,82.67,2.71,353.0,99.44,0.0
2020011901,0.0,0.0,0.0,7.3,85.63,2.66,349.4,99.4,0.0
2020011902,0.0,0.0,0.0,6.73,88.37,2.6,343.9,99.35,0.0
2020011903,0.0,0.0,0.0,6.17,90.82,2.56,335.5,99.33,0.0
2020011904,0.0,0.0,0.0,5.67,93.33,2.56,326.8,99.34,0.0
2020011905,0.0,0.0,0.0,5.2,95.93,2.55,318.8,99.38,0.0
2020011906,0.0,0.0,0.0,4.85,97.82,2.57,312.0,99.45,0.0
2020011907,50.08,18.09,44.24,7.02,84.23,3.67,305.7,99.52,0.0
2020011908,147.65,106.23,113.34,9.42,72.96,3.36,301.6,99.6,0.0
2020011909,252.95,197.37,157.01,13.63,55.24,3.71,306.8,99.66,0.0
2020011910,387.4,309.16,185.76,16.8,43.97,4.23,308.3,99.65,0.0
2020011911,553.45,421.25,252.8,18.31,39.11,4.25,308.1,99.57,0.0
2020011912,567.7,462.41,235.24,19.3,35.37,4.24,308.9,99.45,0.0
2020011913,495.9,404.75,233.25,19.8,32.95,4.13,310.5,99.35,0.0
2020011914,372.5,335.95,194.27,19.57,32.07,3.82,310.6,99.28,0.0
2020011915,232.62,271.34,127.97,18.51,34.41,3.51,307.9,99.27,0.0
2020011916,79.43,99.23,59.14,14.88,50.57,2.51,305.0,99.29,0.0
2020011917,0.0,0.0,0.0,11.57,57.8,3.06,306.8,99.34,0.0
2020011918,0.0,0.0,0.0,10.52,60.78,3.15,310.4,99.41,0.0
2020011919,0.0,0.0,0.0,9.86,63.44,3.16,315.6,99.49,0.0
2020011920,0.0,0.0,0.0,9.55,65.86,3.13,321.9,99.52,0.0
2020011921,0.0,0.0,0.0,8.47,71.69,3.08,326.1,99.51,0.0
2020011922,0.0,0.0,0.0,7.58,77.37,3.03,328.4,99.48,0.0
2020011923,0.0,0.0,0.0,6.94,82.56,3.0,329.1,99.44,0.0
2020012000,0.0,0.0,0.0,6.36,87.37,2.94,328.4,99.4,0.0
2020012001,0.0,0.0,0.0,5.86,91.43,2.91,324.8,99.35,0.0
2020012002,0.0,0.0,0.0,5.4,95.24,2.91,320.0,99.3,0.0
2020012003,0.0,0.0,0.0,4.99,98.68,2.94,316.2,99.26,0.0
2020012004,0.0,0.0,0.0,4.62,100.0,2.96,314.6,99.26,0.0
2020012005,0.0,0.0,0.0,4.24,100.0,2.94,314.4,99.31,0.0
2020012006,0.0,0.0,0.0,3.94,100.0,2.84,314.9,99.37,0.0
2020012007,46.25,5.11,39.81,6.41,91.89,3.66,314.8,99.43,0.0
2020012008,120.1,12.65,102.42,8.93,79.21,2.42,306.6,99.48,0.0
2020012009,191.27,9.07,162.69,13.36,58.94,2.38,315.2,99.51,0.0
2020012010,281.23,7.7,241.38,16.65,44.59,2.66,310.9,99.53,0.0
2020012011,356.58,242.28,266.91,18.04,39.58,2.11,298.6,99.45,0.0
2020012012,456.98,69.01,352.34,18.84,36.29,1.83,288.1,99.35,0.0
2020012013,303.98,10.13,260.63,18.64,35.31,1.69,278.5,99.27,0.0
2020012014,248.48,17.88,211.2,18.3,35.08,1.78,278.1,99.23,0.0
2020012015,152.3,12.36,132.12,17.34,40.0,1.85,284.7,99.26,0.0
2020012016,56.62,5.95,47.87,15.09,55.43,1.71,293.9,99.28,0.0
2020012017,0.0,0.0,0.0,13.15,55.23,2.07,299.9,99.32,0.0
2020012018,0.0,0.0,0.0,12.23,56.81,2.14,307.0,99.38,0.0
2020012019,0.0,0.0,0.0,11.32,59.77,2.32,320.4,99.44,0.0
2020012020,0.0,0.0,0.0,10.58,62.81,2.5,337.4,99.47,0.0
2020012021,0.0,0.0,0.0,10.16,64.72,2.63,353.0,99.47,0.0
2020012022,0.0,0.0,0.0,9.91,66.07,2.68,6.2,99.46,0.0
2020012023,0.0,0.0,0.0,9.8,66.79,2.66,18.6,99.42,0.0
2020012100,0.0,0.0,0.0,9.57,67.53,2.67,29.2,99.36,0.0
2020012101,0.0,0.0,0.0,9.28,68.16,2.57,37.4,99.33,0.0
2020012102,0.0,0.0,0.0,9.07,67.87,2.38,43.6,99.29,0.0
2020012103,0.0,0.0,0.0,8.75,67.51,2.25,46.4,99.26,0.0
2020012104,0.0,0.0,0.0,7.94,68.8,2.32,49.0,99.26,0.0
2020012105,0.0,0.0,0.0,6.97,70.71,2.25,57.5,99.34,0.0
2020012106,0.0,0.0,0.0,6.72,70.56,2.12,76.9,99.44,0.0
2020012107,39.25,3.27,34.3,9.04,62.51,1.96,99.1,99.54,0.0
2020012108,115.0,4.36,97.87,11.59,52.52,1.91,108.9,99.62,0.0
2020012109,201.52,13.87,171.44,15.69,39.7,2.13,127.0,99.66,0.0
2020012110,298.92,40.36,240.01,18.02,33.85,2.28,134.3,99.63,0.0
2020012111,340.42,121.34,208.75,19.32,31.18,2.24,137.9,99.56,0.0
2020012112,432.35,234.85,236.92,20.16,29.56,2.1,144.5,99.43,0.0
2020012113,413.98,298.82,207.01,20.48,29.08,1.7,153.1,99.33,0.0
2020012114,321.3,262.48,180.37,20.29,29.54,1.21,162.8,99.29,0.0
2020012115,203.43,175.61,142.55,19.55,31.35,0.73,169.0,99.28,0.0
2020012116,70.25,51.06,61.43,18.15,38.57,0.19,122.0,99.32,0.0
2020012117,0.0,0.0,0.0,16.46,38.96,0.81,42.5,99.39,0.0
2020012118,0.0,0.0,0.0,14.59,43.98,1.53,42.9,99.5,0.0
2020012119,0.0,0.0,0.0,12.91,48.78,2.19,44.1,99.58,0.0
2020012120,0.0,0.0,0.0,11.45,52.68,2.62,45.0,99.65,0.0
2020012121,0.0,0.0,0.0,10.42,55.16,2.92,48.9,99.66,0.0
2020012122,0.0,0.0,0.0,9.65,57.14,3.02,52.4,99.66,0.0
2020012123,0.0,0.0,0.0,9.08,58.68,2.9,56.8,99.65,0.0
2020012200,0.0,0.0,0.0,8.72,59.41,2.67,61.6,99.63,0.0
2020012201,0.0,0.0,0.0,8.58,59.23,2.43,65.7,99.58,0.0
2020012202,0.0,0.0,0.0,9.01,56.12,1.9,64.1,99.53,0.0
2020012203,0.0,0.0,0.0,9.21,54.81,1.23,44.3,99.51,0.0
2020012204,0.0,0.0,0.0,9.19,55.03,1.1,1.0,99.53,0.0
2020012205,0.0,0.0,0.0,8.03,60.61,1.66,335.1,99.59,0.0
2020012206,0.0,0.0,0.0,6.75,68.47,2.27,330.7,99.66,0.0
2020012207,41.72,7.05,37.95,8.74,65.75,2.56,330.5,99.72,0.0
2020012208,113.25,38.13,93.84,11.61,57.45,3.2,329.2,99.79,0.0
2020012209,199.55,93.31,150.16,15.25,46.15,3.03,324.9,99.83,0.0
2020012210,315.48,170.73,193.86,18.69,33.77,3.58,322.8,99.81,0.0
2020012211,404.58,211.56,227.35,20.15,31.55,3.73,317.7,99.72,0.0
2020012212,490.77,299.34,248.41,21.09,30.12,4.02,311.7,99.6,0.0
2020012213,463.08,326.46,239.8,21.47,29.27,4.46,307.4,99.48,0.0
2020012214,347.85,269.45,187.69,21.2,29.55,4.84,305.5,99.43,0.0
2020012215,200.32,169.28,130.16,20.14,32.08,4.74,304.9,99.4,0.0
2020012216,70.32,50.65,55.78,16.65,44.88,3.15,304.6,99.43,0.0
2020012217,0.0,0.0,0.0,13.17,53.36,3.47,309.5,99.47,0.0
2020012218,0.0,0.0,0.0,12.3,55.1,3.68,314.6,99.57,0.0
2020012219,0.0,0.0,0.0,11.51,57.15,3.78,318.6,99.64,0.0
2020012220,0.0,0.0,0.0,10.67,60.19,3.84,319.8,99.65,0.0
2020012221,0.0,0.0,0.0,9.94,63.33,3.98,318.8,99.66,0.0
2020012222,0.0,0.0,0.0,9.2,67.1,4.02,317.0,99.63,0.0
2020012223,0.0,0.0,0.0,8.57,70.41,4.21,314.5,99.59,0.0
2020012300,0.0,0.0,0.0,8.05,73.21,4.51,313.0,99.55,0.0
2020012301,0.0,0.0,0.0,7.42,76.86,4.57,311.2,99.51,0.0
2020012302,0.0,0.0,0.0,6.8,80.8,4.54,310.8,99.46,0.0
2020012303,0.0,0.0,0.0,6.15,85.31,4.33,311.5,99.42,0.0
2020012304,0.0,0.0,0.0,5.58,89.43,4.2,311.1,99.4,0.0
2020012305,0.0,0.0,0.0,5.13,92.48,4.21,308.8,99.43,0.0
2020012306,0.0,0.0,0.0,4.83,94.31,4.31,306.1,99.5,0.0
2020012307,66.3,78.37,51.1,6.39,84.67,5.21,301.3,99.54,0.0
2020012308,190.64,202.51,113.17,9.43,69.8,4.72,294.1,99.58,0.0
2020012309,303.88,227.68,174.67,14.26,50.07,6.46,306.5,99.63,0.0
2020012310,630.9,839.36,121.32,17.65,37.16,7.94,313.8,99.62,0.0
2020012311,697.85,848.34,131.74,19.27,31.77,7.72,309.8,99.53,0.0
2020012312,703.42,864.37,126.72,20.2,28.47,7.8,306.7,99.43,0.0
2020012313,637.78,837.23,124.91,20.5,27.01,8.1,305.7,99.35,0.0
2020012314,504.0,773.36,113.88,20.16,27.3,8.02,307.2,99.3,0.0
2020012315,319.98,629.38,101.34,19.09,29.16,7.37,309.5,99.26,0.0
2020012316,125.55,329.09,66.83,16.31,36.46,4.96,308.8,99.26,0.0
2020012317,0.0,0.0,0.0,12.11,48.91,3.87,306.5,99.31,0.0
2020012318,0.0,0.0,0.0,10.87,52.27,3.86,304.8,99.37,0.0
2020012319,0.0,0.0,0.0,9.66,56.05,3.7,300.9,99.43,0.0
2020012320,0.0,0.0,0.0,8.85,58.1,3.81,297.4,99.47,0.0
2020012321,0.0,0.0,0.0,8.38,58.97,4.09,294.7,99.49,0.0
2020012322,0.0,0.0,0.0,8.04,59.31,4.52,293.2,99.48,0.0
2020012323,0.0,0.0,0.0,7.62,60.41,4.77,292.8,99.45,0.0
2020012400,0.0,0.0,0.0,7.11,62.06,4.86,294.0,99.42,0.0
2020012401,0.0,0.0,0.0,6.52,64.44,4.77,296.8,99.38,0.0
2020012402,0.0,0.0,0.0,5.89,67.09,4.69,298.8,99.31,0.0
2020012403,0.0,0.0,0.0,5.24,69.98,4.64,299.4,99.26,0.0
2020012404,0.0,0.0,0.0,4.66,72.66,4.65,298.7,99.24,0.0
2020012405,0.0,0.0,0.0,4.14,74.79,4.62,295.8,99.26,0.0
2020012406,0.0,0.0,0.0,3.76,76.25,4.75,291.2,99.29,0.0
2020012407,119.43,380.52,54.51,5.32,68.38,5.52,285.3,99.32,0.0
2020012408,318.4,678.99,103.65,8.43,56.67,4.75,278.0,99.34,0.0
2020012409,499.55,794.02,143.06,13.51,40.75,5.11,286.0,99.37,0.0
2020012410,633.15,929.58,160.03,17.94,27.43,7.18,304.5,99.34,0.0
2020012411,691.25,817.58,154.58,20.09,22.75,6.73,304.4,99.27,0.0
2020012412,701.4,819.74,152.94,21.59,19.86,6.28,302.2,99.17,0.0
2020012413,634.9,904.02,142.02,22.35,18.59,6.02,299.8,99.07,0.0
2020012414,506.7,799.08,125.64,22.29,18.59,5.88,298.4,99.01,0.0
2020012415,325.77,652.64,100.72,21.17,21.6,5.11,297.0,98.97,0.0
2020012416,132.0,403.03,57.71,16.73,36.56,3.18,293.2,98.97,0.0
2020012417,0.0,0.0,0.0,12.7,43.89,3.63,292.9,99.01,0.0
2020012418,0.0,0.0,0.0,11.57,45.81,3.69,295.9,99.1,0.0
2020012419,0.0,0.0,0.0,10.63,47.82,3.68,299.5,99.21,0.0
2020012420,0.0,0.0,0.0,9.68,50.34,3.59,304.6,99.28,0.0
2020012421,0.0,0.0,0.0,8.71,53.05,3.49,310.4,99.31,0.0
2020012422,0.0,0.0,0.0,7.86,55.77,3.37,316.8,99.34,0.0
2020012423,0.0,0.0,0.0,7.06,58.28,3.25,321.9,99.34,0.0
2020012500,0.0,0.0,0.0,6.32,60.63,3.11,326.2,99.3,0.0
2020012501,0.0,0.0,0.0,5.7,62.57,2.94,330.5,99.25,0.0
2020012502,0.0,0.0,0.0,5.24,64.2,2.71,334.9,99.19,0.0
2020012503,0.0,0.0,0.0,4.91,65.31,2.49,336.3,99.16,0.0
2020012504,0.0,0.0,0.0,4.62,66.66,2.35,332.3,99.18,0.0
2020012505,0.0,0.0,0.0,4.29,68.47,2.27,326.3,99.26,0.0
2020012506,0.0,0.0,0.0,4.09,69.9,2.19,320.9,99.37,0.0
2020012507,87.78,194.56,53.15,6.84,60.85,2.16,314.4,99.48,0.0
2020012508,217.85,308.52,121.75,9.63,51.18,1.88,303.9,99.55,0.0
2020012509,360.3,201.01,259.63,14.07,38.38,1.6,303.0,99.58,0.0
2020012510,570.7,632.56,183.54,18.64,24.82,2.73,325.7,99.54,0.0
2020012511,580.35,500.19,229.0,20.13,22.39,2.44,327.5,99.43,0.0
2020012512,649.72,636.91,204.69,21.05,21.51,2.29,325.1,99.29,0.0
2020012513,582.88,611.06,191.8,21.34,21.17,2.53,321.7,99.2,0.0
2020012514,448.25,517.26,176.16,20.94,21.88,3.24,324.7,99.13,0.0
2020012515,274.95,388.19,132.78,19.84,25.74,3.05,334.2,99.1,0.0
2020012516,98.22,153.26,70.74,16.61,43.67,2.07,340.5,99.1,0.0
2020012517,3.53,0.84,5.44,14.19,45.36,2.35,332.7,99.14,0.0
2020012518,0.0,0.0,0.0,12.61,48.03,2.69,328.2,99.2,0.0
2020012519,0.0,0.0,0.0,11.47,50.88,2.99,332.5,99.26,0.0
2020012520,0.0,0.0,0.0,10.71,52.42,3.07,342.4,99.3,0.0
2020012521,0.0,0.0,0.0,10.15,53.65,3.05,352.6,99.29,0.0
2020012522,0.0,0.0,0.0,9.65,54.79,2.94,0.8,99.25,0.0
2020012523,0.0,0.0,0.0,9.32,55.44,2.78,6.4,99.18,0.0
2020012600,0.0,0.0,0.0,9.19,55.77,2.6,6.4,99.14,0.0
2020012601,0.0,0.0,0.0,8.77,56.1,2.56,357.1,99.12,0.0
2020012602,0.0,0.0,0.0,8.37,57.62,2.57,351.0,99.08,0.0
2020012603,0.0,0.0,0.0,7.94,59.02,2.54,349.4,99.06,0.0
2020012604,0.0,0.0,0.0,7.53,60.24,2.51,345.5,99.07,0.0
2020012605,0.0,0.0,0.0,7.28,61.01,2.44,342.1,99.13,0.0
2020012606,0.0,0.0,0.0,7.52,59.76,2.15,335.2,99.2,0.0
2020012607,89.78,146.31,63.68,10.11,56.09,1.72,317.6,99.26,0.0
2020012608,259.12,384.44,129.42,12.86,44.74,1.78,292.5,99.32,0.0
2020012609,443.52,567.24,158.44,16.78,39.57,2.17,289.1,99.34,0.0
2020012610,595.9,682.45,166.68,20.47,37.92,3.78,298.9,99.32,0.0
2020012611,623.05,559.35,224.75,21.68,37.06,4.1,293.3,99.21,0.0
2020012612,631.85,585.79,209.41,22.51,36.47,4.19,288.7,99.09,0.0
2020012613,568.3,558.01,200.19,22.97,36.44,4.25,286.7,99.0,0.0
2020012614,443.67,497.13,174.66,22.87,37.32,4.17,288.6,98.95,0.0
2020012615,273.48,370.54,131.98,21.97,40.43,3.65,294.2,98.92,0.0
2020012616,99.43,159.97,69.96,18.64,54.65,2.3,308.1,98.91,0.0
2020012617,3.83,0.93,5.76,15.72,60.12,2.53,327.8,98.94,0.0
2020012618,0.0,0.0,0.0,14.52,64.31,2.65,344.2,99.0,0.0
2020012619,0.0,0.0,0.0,13.53,68.32,2.69,354.2,99.06,0.0
2020012620,0.0,0.0,0.0,12.68,71.71,2.67,0.2,99.09,0.0
2020012621,0.0,0.0,0.0,11.98,73.96,2.59,5.1,99.09,0.0
2020012622,0.0,0.0,0.0,11.57,74.7,2.38,7.0,99.08,0.0
2020012623,0.0,0.0,0.0,11.48,73.73,2.05,7.9,99.05,0.0
2020012700,0.0,0.0,0.0,11.61,71.55,1.63,13.9,98.99,0.0
2020012701,0.0,0.0,0.0,11.42,70.89,1.19,24.4,98.92,0.0
2020012702,0.0,0.0,0.0,11.77,68.31,0.92,36.1,98.87,0.0
2020012703,0.0,0.0,0.0,11.51,68.89,0.79,51.7,98.82,0.0
2020012704,0.0,0.0,0.0,11.12,70.22,0.8,67.9,98.83,0.0
2020012705,0.0,0.0,0.0,10.62,72.26,0.94,77.1,98.88,0.0
2020012706,0.0,0.0,0.0,9.82,75.89,1.08,75.6,98.94,0.0
2020012707,45.92,5.62,40.36,11.52,69.19,1.36,79.4,99.0,0.0
2020012708,117.45,14.11,98.85,13.93,59.9,1.62,95.3,99.04,0.0
2020012709,209.07,77.57,172.63,17.44,49.84,1.68,118.1,99.07,0.0
2020012710,298.6,160.19,190.55,21.64,37.71,2.02,140.4,99.06,0.0
2020012711,375.58,251.52,198.92,23.17,33.33,2.46,153.2,98.97,0.01
2020012712,460.42,330.86,232.35,23.74,31.35,3.48,157.6,98.85,0.02
2020012713,428.0,273.68,234.48,23.7,30.69,4.67,157.9,98.72,0.22
2020012714,333.1,220.21,203.09,22.91,32.62,5.03,160.0,98.65,1.11
2020012715,187.35,168.62,126.11,21.19,40.79,3.53,160.6,98.65,1.87
2020012716,71.85,60.85,57.2,18.74,55.26,2.04,139.4,98.66,1.23
2020012717,2.92,0.0,4.74,16.86,59.85,2.48,106.9,98.68,0.88
2020012718,0.0,0.0,0.0,16.22,61.68,2.82,85.9,98.72,1.27
2020012719,0.0,0.0,0.0,15.83,63.45,3.24,71.1,98.78,0.88
2020012720,0.0,0.0,0.0,15.45,65.04,3.94,64.1,98.83,0.31
2020012721,0.0,0.0,0.0,14.98,66.67,4.25,64.8,98.83,0.46
2020012722,0.0,0.0,0.0,14.49,68.32,4.57,69.4,98.81,1.26
2020012723,0.0,0.0,0.0,13.85,70.19,4.52,74.9,98.76,1.02
2020012800,0.0,0.0,0.0,13.26,71.55,4.6,80.5,98.71,0.97
2020012801,0.0,0.0,0.0,12.63,73.87,4.56,84.7,98.63,3.02
2020012802,0.0,0.0,0.0,12.05,77.36,3.86,86.7,98.57,7.81
2020012803,0.0,0.0,0.0,11.6,81.17,3.06,87.0,98.54,11.1
2020012804,0.0,0.0,0.0,11.19,85.07,2.4,86.2,98.56,6.2
2020012805,0.0,0.0,0.0,10.87,88.17,2.23,87.2,98.62,3.88
2020012806,0.0,0.0,0.0,10.68,89.98,2.44,89.5,98.72,7.11
2020012807,48.2,15.95,40.76,10.98,88.75,3.14,96.8,98.79,10.29
2020012808,127.53,69.92,102.58,11.8,85.14,3.39,105.2,98.86,13.33
2020012809,230.15,147.09,152.64,12.88,77.86,3.65,110.0,98.92,8.44
2020012810,340.95,206.79,204.24,13.81,73.76,4.13,107.9,98.89,13.05
2020012811,334.25,135.08,220.48,15.2,67.91,4.82,109.0,98.81,17.31
2020012812,417.38,183.78,251.38,16.88,61.02,5.25,116.4,98.71,15.06
2020012813,395.55,248.06,213.68,18.19,56.8,4.82,127.3,98.63,6.08
2020012814,272.05,98.31,189.96,18.88,56.16,3.67,137.9,98.56,2.33
2020012815,161.55,40.76,136.94,18.75,59.73,2.2,146.9,98.54,1.31
2020012816,56.95,9.04,53.33,17.69,67.1,0.94,130.3,98.56,1.17
2020012817,2.58,0.0,3.65,16.71,65.51,0.98,75.8,98.63,1.5
2020012818,0.0,0.0,0.0,15.48,70.77,1.49,58.8,98.74,1.96
2020012819,0.0,0.0,0.0,14.73,74.99,1.88,56.5,98.84,2.05
2020012820,0.0,0.0,0.0,14.42,77.61,1.86,62.9,98.9,2.29
2020012821,0.0,0.0,0.0,14.32,78.72,1.59,68.6,98.94,2.47
2020012822,0.0,0.0,0.0,14.25,79.77,1.08,67.7,98.95,2.22
2020012823,0.0,0.0,0.0,14.2,80.51,0.63,31.4,98.94,2.18
2020012900,0.0,0.0,0.0,13.29,85.11,0.95,340.2,98.94,2.3
2020012901,0.0,0.0,0.0,12.03,90.54,1.58,330.8,98.94,2.25
2020012902,0.0,0.0,0.0,10.86,95.3,1.96,334.3,98.95,1.93
2020012903,0.0,0.0,0.0,10.07,98.57,2.09,343.0,98.98,1.71
2020012904,0.0,0.0,0.0,9.55,100.0,2.04,356.6,99.03,1.2
2020012905,0.0,0.0,0.0,9.35,100.0,1.87,14.0,99.1,0.79
2020012906,0.0,0.0,0.0,9.5,100.0,1.59,33.2,99.2,0.32
2020012907,75.47,63.95,62.3,11.66,96.33,1.35,57.1,99.29,0.22
2020012908,209.5,235.0,131.39,14.24,85.02,1.35,56.2,99.36,2.13
2020012909,383.8,316.06,209.41,16.95,64.54,1.71,13.2,99.41,7.09
2020012910,571.58,541.46,215.42,18.92,49.26,1.73,347.3,99.41,4.59
2020012911,572.12,443.22,243.73,20.15,41.18,1.77,323.7,99.35,2.73
2020012912,579.33,400.11,280.71,20.94,36.76,2.0,310.9,99.27,1.75
2020012913,524.3,365.46,269.9,21.26,34.02,2.29,309.5,99.2,0.79
2020012914,421.25,370.23,214.01,21.1,32.88,2.58,309.5,99.17,0.33
2020012915,252.4,284.26,143.43,20.25,33.32,2.84,311.0,99.18,0.02
2020012916,97.6,121.8,70.92,17.25,49.79,2.16,314.6,99.22,0.0
2020012917,4.7,0.63,7.05,13.58,57.15,2.84,320.7,99.29,0.0
2020012918,0.0,0.0,0.0,12.44,59.54,3.05,329.2,99.37,0.0
2020012919,0.0,0.0,0.0,11.57,62.05,3.1,337.2,99.43,0.0
2020012920,0.0,0.0,0.0,10.82,64.5,3.14,343.0,99.47,0.0
2020012921,0.0,0.0,0.0,10.17,67.37,3.17,346.7,99.48,0.0
2020012922,0.0,0.0,0.0,9.56,70.45,3.18,348.2,99.48,0.0
2020012923,0.0,0.0,0.0,8.96,73.76,3.16,347.6,99.46,0.0
2020013000,0.0,0.0,0.0,8.4,77.04,3.14,345.4,99.45,0.0
2020013001,0.0,0.0,0.0,7.9,80.59,3.15,343.6,99.44,0.0
2020013002,0.0,0.0,0.0,7.37,84.45,3.08,343.0,99.4,0.0
2020013003,0.0,0.0,0.0,6.81,88.85,2.98,343.4,99.36,0.0
2020013004,0.0,0.0,0.0,6.29,93.09,2.91,341.6,99.36,0.0
2020013005,0.0,0.0,0.0,5.81,96.96,2.86,335.6,99.4,0.0
2020013006,0.0,0.0,0.0,5.61,98.72,2.79,327.3,99.46,0.0
2020013007,103.25,181.82,67.42,8.51,81.81,3.87,318.0,99.52,0.0
2020013008,280.5,417.04,127.51,11.44,69.03,3.19,301.4,99.58,0.0
2020013009,458.55,557.86,166.82,16.25,46.04,5.1,310.9,99.62,0.0
2020013010,603.62,655.44,176.58,18.62,36.81,5.88,311.7,99.6,0.0
2020013011,678.45,684.17,192.87,19.72,33.44,5.95,310.1,99.51,0.0
2020013012,683.03,693.57,186.0,20.39,31.18,5.98,309.7,99.4,0.0
2020013013,616.2,659.14,182.92,20.62,29.67,5.88,310.8,99.29,0.0
2020013014,484.23,576.27,170.07,20.3,29.31,5.68,311.6,99.23,0.0
2020013015,306.3,440.79,132.74,19.28,30.79,5.37,311.8,99.22,0.0
2020013016,121.7,253.72,66.34,16.51,40.63,3.44,311.7,99.22,0.0
2020013017,5.6,1.8,8.2,12.47,53.0,3.22,312.6,99.25,0.0
2020013018,0.0,0.0,0.0,11.32,56.02,3.27,315.5,99.3,0.0
2020013019,0.0,0.0,0.0,10.41,58.67,3.25,318.6,99.35,0.0
2020013020,0.0,0.0,0.0,9.58,61.1,3.25,321.1,99.36,0.0
2020013021,0.0,0.0,0.0,8.85,63.47,3.23,322.9,99.33,0.0
2020013022,0.0,0.0,0.0,8.16,66.33,3.2,325.2,99.29,0.0
2020013023,0.0,0.0,0.0,7.52,69.56,3.16,328.1,99.25,0.0
2020013100,0.0,0.0,0.0,6.93,73.04,3.11,331.4,99.2,0.0
2020013101,0.0,0.0,0.0,6.38,76.97,3.05,333.1,99.14,0.0
2020013102,0.0,0.0,0.0,5.93,80.72,3.05,330.1,99.1,0.0
2020013103,0.0,0.0,0.0,5.5,84.55,3.02,326.2,99.07,0.0
2020013104,0.0,0.0,0.0,5.08,88.14,2.99,322.2,99.07,0.0
2020013105,0.0,0.0,0.0,4.68,91.41,2.94,317.2,99.1,0.0
2020013106,0.0,0.0,0.0,4.54,92.93,2.84,312.0,99.17,0.0
2020013107,96.25,150.47,69.96,7.82,74.88,3.42,308.2,99.23,0.0
2020013108,238.62,327.69,125.36,10.67,63.79,2.65,301.9,99.28,0.0
2020013109,377.0,416.3,167.88,15.27,45.95,3.32,298.2,99.33,0.0
2020013110,578.38,603.68,194.86,18.13,35.34,4.34,293.1,99.32,0.0
2020013111,676.47,655.87,207.53,19.26,32.33,4.21,288.4,99.23,0.0
2020013112,689.58,692.47,190.09,20.03,30.24,4.15,285.2,99.12,0.0
2020013113,619.03,652.16,188.6,20.38,28.91,4.01,284.6,99.03,0.0
2020013114,485.12,574.28,172.09,20.14,28.72,3.79,286.6,98.98,0.0
2020013115,304.88,421.49,136.84,19.14,30.41,3.35,289.4,98.97,0.0
2020013116,116.78,206.97,73.35,16.11,46.76,1.97,300.9,98.98,0.0
2020013117,5.72,1.03,8.54,13.31,49.22,2.09,321.8,99.03,0.0
2020013118,0.0,0.0,0.0,12.22,51.68,2.13,339.3,99.1,0.0
2020013119,0.0,0.0,0.0,11.4,53.65,2.09,349.8,99.17,0.0
2020013120,0.0,0.0,0.0,10.9,54.4,1.99,352.8,99.22,0.0
2020013121,0.0,0.0,0.0,10.49,55.66,1.89,351.5,99.22,0.0
2020013122,0.0,0.0,0.0,10.01,57.47,1.86,352.0,99.22,0.0
2020013123,0.0,0.0,0.0,9.49,59.37,1.84,351.9,99.2,0.0
2020020100,0.0,0.0,0.0,9.06,61.1,1.76,350.5,99.18,0.0
2020020101,0.0,0.0,0.0,8.71,62.68,1.65,343.1,99.15,0.0
2020020102,0.0,0.0,0.0,8.2,64.88,1.45,335.2,99.13,0.0
2020020103,0.0,0.0,0.0,7.68,67.22,1.25,326.1,99.13,0.0
2020020104,0.0,0.0,0.0,7.38,68.64,1.16,309.7,99.17,0.0
2020020105,0.0,0.0,0.0,7.05,69.95,1.14,289.4,99.25,0.0
2020020106,0.0,0.0,0.0,6.66,71.6,1.26,270.9,99.36,0.0
2020020107,103.1,137.15,75.97,8.59,64.82,1.42,259.5,99.46,0.0
2020020108,280.35,392.4,127.9,11.21,54.78,1.49,254.0,99.55,0.0
2020020109,461.75,543.5,167.72,15.69,40.75,1.57,270.7,99.61,0.0
2020020110,589.1,599.56,198.73,18.53,34.04,1.98,297.7,99.61,0.0
2020020111,636.85,527.46,241.7,19.74,31.75,2.27,303.5,99.55,0.0
2020020112,647.35,545.28,227.84,20.47,30.07,2.64,302.0,99.49,0.0
2020020113,579.45,512.55,228.24,20.73,29.06,3.12,302.2,99.45,0.0
2020020114,459.02,456.74,199.19,20.44,28.98,3.4,305.0,99.42,0.0
2020020115,290.02,340.5,156.6,19.54,30.43,3.46,310.0,99.41,0.0
2020020116,112.03,152.39,78.46,16.39,45.71,2.37,321.0,99.43,0.0
2020020117,6.15,0.48,9.22,12.87,52.92,2.88,337.1,99.47,0.0
2020020118,0.0,0.0,0.0,11.72,55.28,3.11,349.3,99.56,0.0
2020020119,0.0,0.0,0.0,10.85,57.63,3.19,356.2,99.64,0.0
2020020120,0.0,0.0,0.0,10.04,59.82,3.17,358.2,99.68,0.0
2020020121,0.0,0.0,0.0,9.3,61.92,3.13,357.6,99.69,0.0
2020020122,0.0,0.0,0.0,8.6,64.33,3.11,356.5,99.65,0.0
2020020123,0.0,0.0,0.0,7.92,67.04,3.08,354.6,99.6,0.0
2020020200,0.0,0.0,0.0,7.27,69.9,3.02,350.7,99.57,0.0
2020020201,0.0,0.0,0.0,6.64,72.97,2.97,344.6,99.53,0.0
2020020202,0.0,0.0,0.0,6.05,76.15,2.96,337.9,99.51,0.0
2020020203,0.0,0.0,0.0,5.52,79.17,2.97,332.9,99.5,0.0
2020020204,0.0,0.0,0.0,5.05,81.81,2.98,329.8,99.51,0.0
2020020205,0.0,0.0,0.0,4.58,84.58,2.98,328.9,99.56,0.0
2020020206,0.0,0.0,0.0,4.35,86.21,2.93,326.1,99.63,0.0
2020020207,97.82,165.23,69.1,7.29,71.15,4.03,321.3,99.7,0.0
2020020208,237.12,354.51,112.07,10.1,60.92,3.4,310.9,99.76,0.0
2020020209,381.05,371.88,187.23,14.62,44.69,4.7,314.1,99.79,0.0
2020020210,557.62,626.24,157.44,17.38,35.36,5.42,317.5,99.75,0.0
2020020211,683.03,648.84,209.46,19.05,31.53,5.06,318.1,99.68,0.0
2020020212,679.62,609.62,231.58,20.29,28.96,4.61,317.6,99.56,0.0
2020020213,629.67,668.4,187.32,20.96,27.56,4.07,313.7,99.45,0.0
2020020214,482.33,516.92,195.75,20.86,27.53,4.09,308.0,99.41,0.0
2020020215,308.9,395.65,156.8,19.91,29.87,3.95,301.6,99.41,0.0
2020020216,121.5,197.86,80.09,16.55,44.91,2.6,298.4,99.42,0.0
2020020217,7.03,0.92,10.85,12.52,54.79,3.09,299.1,99.46,0.0
2020020218,0.0,0.0,0.0,11.33,58.49,3.2,306.5,99.53,0.0
2020020219,0.0,0.0,0.0,10.48,62.58,3.24,316.8,99.63,0.0
2020020220,0.0,0.0,0.0,9.66,67.87,3.2,325.8,99.69,0.0
2020020221,0.0,0.0,0.0,8.91,72.38,3.16,332.3,99.7,0.0
2020020222,0.0,0.0,0.0,8.18,76.49,3.06,334.7,99.7,0.0
2020020223,0.0,0.0,0.0,7.47,79.94,2.97,337.8,99.65,0.0
2020020300,0.0,0.0,0.0,6.86,83.0,2.84,338.0,99.62,0.0
2020020301,0.0,0.0,0.0,6.33,85.56,2.75,335.8,99.58,0.0
2020020302,0.0,0.0,0.0,5.92,87.47,2.63,330.6,99.55,0.0
2020020303,0.0,0.0,0.0,5.56,88.91,2.47,329.6,99.46,0.0
2020020304,0.0,0.0,0.0,5.14,91.18,2.43,322.7,99.46,0.0
2020020305,0.0,0.0,0.0,4.48,95.19,2.55,317.5,99.54,0.0
2020020306,3.53,0.83,5.21,4.31,95.97,2.4,317.5,99.57,0.0
2020020307,103.9,175.54,71.05,7.38,78.09,2.35,309.3,99.63,0.0
2020020308,292.33,402.17,137.07,10.3,65.16,2.35,294.9,99.7,0.0
2020020309,476.95,557.65,172.15,14.88,46.37,2.87,299.2,99.73,0.0
2020020310,617.78,639.46,191.85,17.93,33.44,3.53,300.9,99.71,0.0
2020020311,691.22,667.8,199.3,19.43,28.86,3.34,292.5,99.6,0.0
2020020312,693.1,673.48,195.75,20.47,26.1,3.18,287.8,99.47,0.0
2020020313,625.4,638.85,193.96,21.06,24.44,3.0,285.1,99.36,0.0
2020020314,492.75,565.1,176.4,20.91,23.81,2.76,286.0,99.28,0.0
2020020315,311.77,417.53,145.85,19.97,25.84,2.3,289.3,99.25,0.0
2020020316,123.55,211.09,81.18,17.19,39.49,1.51,291.0,99.24,0.0
2020020317,7.18,1.17,9.25,14.84,37.63,1.46,299.5,99.28,0.0
2020020318,0.0,0.0,0.0,13.9,38.72,1.4,322.6,99.35,0.0
2020020319,0.0,0.0,0.0,12.96,40.76,1.52,348.2,99.4,0.0
2020020320,0.0,0.0,0.0,11.97,43.28,1.92,8.4,99.42,0.0
2020020321,0.0,0.0,0.0,10.62,47.34,2.27,22.0,99.42,0.0
2020020322,0.0,0.0,0.0,9.31,51.68,2.55,34.3,99.42,0.0
2020020323,0.0,0.0,0.0,8.17,55.95,2.76,42.4,99.39,0.0
2020020400,0.0,0.0,0.0,7.27,59.64,2.88,49.8,99.37,0.0
2020020401,0.0,0.0,0.0,6.57,63.37,2.91,55.5,99.32,0.0
2020020402,0.0,0.0,0.0,5.99,66.95,2.86,56.3,99.28,0.0
2020020403,0.0,0.0,0.0,5.48,70.21,2.78,59.3,99.24,0.0
2020020404,0.0,0.0,0.0,5.08,72.73,2.67,65.4,99.24,0.0
2020020405,0.0,0.0,0.0,4.84,74.37,2.52,75.7,99.28,0.0
2020020406,3.4,0.0,5.13,4.83,74.64,2.34,92.4,99.34,0.0
2020020407,91.68,113.14,65.4,7.87,62.64,2.29,112.1,99.39,0.0
2020020408,262.17,315.32,140.07,10.71,52.25,2.23,126.0,99.44,0.0
2020020409,433.73,438.55,185.93,15.23,38.61,2.5,139.5,99.47,0.0
2020020410,562.75,555.61,196.43,18.61,30.18,2.63,146.3,99.45,0.0
2020020411,617.28,463.6,256.43,20.01,28.25,2.07,144.6,99.37,0.0
2020020412,616.55,455.28,257.17,20.91,27.02,1.56,145.7,99.26,0.0
2020020413,554.08,453.79,234.71,21.29,26.56,0.98,159.2,99.18,0.0
2020020414,403.38,303.12,217.59,21.17,26.81,0.5,202.4,99.13,0.0
2020020415,246.52,185.07,169.35,20.51,28.64,0.54,275.3,99.13,0.0
2020020416,97.0,64.06,83.52,18.91,35.92,0.65,327.5,99.17,0.0
2020020417,6.43,0.0,8.25,16.79,36.84,1.1,6.3,99.22,0.0
2020020418,0.0,0.0,0.0,15.09,41.85,1.7,24.6,99.31,0.0
2020020419,0.0,0.0,0.0,13.56,46.34,2.27,31.9,99.37,0.0
2020020420,0.0,0.0,0.0,11.94,51.33,2.76,33.9,99.41,0.0
2020020421,0.0,0.0,0.0,10.78,54.95,3.1,31.9,99.43,0.0
2020020422,0.0,0.0,0.0,9.97,57.49,3.24,27.4,99.43,0.0
2020020423,0.0,0.0,0.0,9.28,59.54,3.22,21.5,99.43,0.0
2020020500,0.0,0.0,0.0,8.61,61.58,3.18,15.9,99.42,0.0
2020020501,0.0,0.0,0.0,7.99,63.61,3.18,10.9,99.38,0.0
2020020502,0.0,0.0,0.0,7.31,66.14,3.03,5.5,99.34,0.0
2020020503,0.0,0.0,0.0,6.61,68.88,2.86,359.0,99.31,0.0
2020020504,0.0,0.0,0.0,6.02,71.06,2.75,353.1,99.3,0.0
2020020505,0.0,0.0,0.0,5.57,72.44,2.67,347.7,99.3,0.0
2020020506,3.62,0.0,5.35,5.49,72.52,2.49,336.6,99.34,0.0
2020020507,98.07,130.03,72.68,8.65,59.98,2.7,317.3,99.41,0.0
2020020508,265.17,289.96,147.75,11.37,51.44,2.56,302.4,99.47,0.0
2020020509,442.88,437.08,196.61,15.9,38.66,2.92,308.6,99.48,0.0
2020020510,578.0,510.74,220.77,19.12,31.54,3.66,308.8,99.45,0.0
2020020511,630.9,467.56,270.67,20.57,30.11,3.8,299.7,99.38,0.0
2020020512,583.85,312.92,329.25,21.41,29.31,4.11,293.2,99.27,0.0
2020020513,500.77,235.4,336.08,21.7,28.29,4.36,291.4,99.19,0.0
2020020514,385.85,171.76,284.45,21.34,28.03,4.67,291.5,99.16,0.0
2020020515,231.9,76.53,196.05,20.32,29.31,4.84,293.0,99.14,0.0
2020020516,97.7,32.58,90.06,17.51,39.21,3.26,298.8,99.15,0.0
2020020517,7.22,0.0,9.91,13.53,50.02,3.27,309.8,99.17,0.0
2020020518,0.0,0.0,0.0,12.78,51.27,3.39,318.6,99.23,0.0
2020020519,0.0,0.0,0.0,12.35,52.22,3.43,325.6,99.28,0.0
2020020520,0.0,0.0,0.0,11.6,54.18,3.45,330.7,99.3,0.0
2020020521,0.0,0.0,0.0,10.23,58.08,3.45,335.9,99.32,0.0
2020020522,0.0,0.0,0.0,9.33,60.88,3.42,339.8,99.29,0.0
2020020523,0.0,0.0,0.0,8.48,63.74,3.29,342.0,99.26,0.0
2020020600,0.0,0.0,0.0,7.68,67.0,3.14,342.0,99.25,0.0
2020020601,0.0,0.0,0.0,6.97,69.98,3.04,340.8,99.2,0.0
2020020602,0.0,0.0,0.0,6.27,73.07,2.89,337.4,99.15,0.0
2020020603,0.0,0.0,0.0,5.64,76.13,2.8,332.2,99.12,0.0
2020020604,0.0,0.0,0.0,5.16,78.53,2.73,326.2,99.12,0.0
2020020605,0.0,0.0,0.0,4.82,80.46,2.61,318.6,99.17,0.0
2020020606,3.7,0.0,5.61,4.89,80.12,2.43,309.0,99.24,0.0
2020020607,99.4,132.99,73.46,8.39,64.6,2.46,297.6,99.32,0.0
2020020608,261.98,277.07,150.82,11.27,55.07,2.01,288.5,99.38,0.0
2020020609,439.5,414.2,201.99,15.66,42.45,2.19,297.5,99.42,0.0
2020020610,575.25,483.37,235.19,18.1,35.44,2.66,294.2,99.41,0.0
2020020611,627.55,458.89,260.06,19.27,32.49,2.63,284.5,99.34,0.0
2020020612,634.83,469.35,266.27,20.0,30.61,2.44,280.2,99.24,0.0
2020020613,567.75,436.71,242.46,20.32,29.58,2.22,283.5,99.16,0.0
2020020614,441.65,363.82,221.84,20.18,29.49,2.03,289.0,99.12,0.0
2020020615,276.02,255.5,164.42,19.52,30.23,1.73,296.4,99.11,0.0
2020020616,114.25,118.65,86.87,17.4,42.19,1.13,322.2,99.12,0.0
2020020617,7.65,0.49,9.9,15.0,43.34,1.54,358.5,99.17,0.0
2020020618,0.0,0.0,0.0,13.45,47.54,2.0,15.1,99.25,0.0
2020020619,0.0,0.0,0.0,12.28,50.59,2.27,26.5,99.32,0.0
2020020620,0.0,0.0,0.0,11.16,53.78,2.54,32.9,99.37,0.0
2020020621,0.0,0.0,0.0,10.1,57.09,2.83,34.5,99.39,0.0
2020020622,0.0,0.0,0.0,9.25,60.04,3.08,32.7,99.39,0.0
2020020623,0.0,0.0,0.0,8.61,62.83,3.25,30.9,99.38,0.0
2020020700,0.0,0.0,0.0,8.11,65.29,3.32,31.6,99.38,0.0
2020020701,0.0,0.0,0.0,7.63,67.76,3.3,33.6,99.36,0.0
2020020702,0.0,0.0,0.0,7.09,70.45,3.19,34.1,99.34,0.0
2020020703,0.0,0.0,0.0,6.54,73.16,2.96,33.4,99.33,0.0
2020020704,0.0,0.0,0.0,6.36,73.93,2.6,34.4,99.35,0.0
2020020705,0.0,0.0,0.0,6.81,71.38,2.08,39.3,99.4,0.0
2020020706,4.12,0.0,6.09,7.63,67.07,1.4,48.8,99.47,0.0
2020020707,97.05,100.19,69.6,9.92,60.49,0.64,67.0,99.56,0.0
2020020708,272.1,280.2,155.9,12.35,51.62,0.11,116.6,99.63,0.0
2020020709,456.25,434.69,207.36,16.63,37.9,0.82,287.1,99.68,0.0
2020020710,600.85,523.69,241.56,19.52,28.79,2.34,300.5,99.68,0.0
2020020711,639.17,462.56,266.25,20.48,26.98,3.03,306.3,99.61,0.0
2020020712,617.9,380.17,302.72,20.95,26.12,3.6,311.6,99.51,0.0
2020020713,571.03,418.18,255.79,20.96,26.15,4.08,317.7,99.43,0.0
2020020714,442.02,337.87,232.49,20.56,26.33,4.41,322.3,99.38,0.0
2020020715,277.0,227.3,178.22,19.53,28.27,4.53,326.2,99.37,0.0
2020020716,109.47,80.88,85.54,16.78,38.68,3.07,331.4,99.41,0.0
2020020717,8.23,0.0,10.52,12.77,50.24,3.15,337.4,99.47,0.0
2020020718,0.0,0.0,0.0,11.56,52.82,3.21,339.6,99.55,0.0
2020020719,0.0,0.0,0.0,10.6,55.34,3.17,339.3,99.62,0.0
2020020720,0.0,0.0,0.0,9.79,57.27,3.18,339.6,99.66,0.0
2020020721,0.0,0.0,0.0,9.09,59.07,3.18,341.1,99.67,0.0
2020020722,0.0,0.0,0.0,8.39,61.06,3.14,341.8,99.65,0.0
2020020723,0.0,0.0,0.0,7.69,63.56,3.07,341.4,99.61,0.0
2020020800,0.0,0.0,0.0,7.01,66.72,3.0,340.5,99.57,0.0
2020020801,0.0,0.0,0.0,6.37,70.03,2.95,338.7,99.54,0.0
2020020802,0.0,0.0,0.0,5.77,73.66,2.9,335.6,99.5,0.0
2020020803,0.0,0.0,0.0,5.23,77.19,2.89,331.9,99.5,0.0
2020020804,0.0,0.0,0.0,4.77,80.47,2.88,329.1,99.52,0.0
2020020805,0.0,0.0,0.0,4.36,83.44,2.87,327.4,99.59,0.0
2020020806,4.57,0.0,6.93,4.34,84.38,2.77,324.5,99.66,0.0
2020020807,110.43,172.78,79.42,7.75,67.76,3.5,318.0,99.73,0.0
2020020808,293.7,368.68,147.66,10.67,57.67,2.98,306.4,99.8,0.0
2020020809,442.92,449.21,186.36,15.4,42.89,3.37,309.6,99.84,0.0
2020020810,626.33,620.72,196.49,18.72,32.61,3.92,314.7,99.85,0.0
2020020811,645.15,477.55,261.84,20.28,28.78,4.07,313.9,99.8,0.0
2020020812,658.03,504.12,255.61,21.27,26.61,4.39,315.6,99.7,0.0
2020020813,594.83,484.35,235.68,21.72,25.37,4.71,319.0,99.61,0.0
2020020814,473.0,429.17,215.64,21.49,25.65,4.65,323.0,99.56,0.0
2020020815,303.6,325.83,165.35,20.57,27.86,4.17,326.0,99.54,0.0
2020020816,128.98,169.37,90.34,17.35,42.75,2.53,326.1,99.56,0.0
2020020817,9.2,0.87,11.89,13.37,51.9,2.91,325.9,99.6,0.0
2020020818,0.0,0.0,0.0,12.12,55.14,3.02,328.0,99.68,0.0
2020020819,0.0,0.0,0.0,11.18,58.49,3.09,328.4,99.77,0.0
2020020820,0.0,0.0,0.0,10.33,62.57,3.23,327.8,99.82,0.0
2020020821,0.0,0.0,0.0,9.63,66.5,3.28,331.8,99.82,0.0
2020020822,0.0,0.0,0.0,8.88,69.5,3.2,341.1,99.77,0.0
2020020823,0.0,0.0,0.0,8.06,72.84,3.09,348.4,99.71,0.0
2020020900,0.0,0.0,0.0,7.3,76.36,2.97,349.3,99.65,0.0
2020020901,0.0,0.0,0.0,6.66,79.11,2.88,344.7,99.62,0.0
2020020902,0.0,0.0,0.0,6.09,81.26,2.82,339.0,99.61,0.0
2020020903,0.0,0.0,0.0,5.58,82.96,2.79,334.1,99.62,0.0
2020020904,0.0,0.0,0.0,5.1,84.73,2.8,329.9,99.66,0.0
2020020905,0.0,0.0,0.0,4.68,86.38,2.75,327.0,99.73,0.0
2020020906,5.03,0.61,7.58,4.7,85.58,2.57,322.9,99.81,0.0
2020020907,107.8,142.43,77.0,8.33,67.41,2.55,316.0,99.87,0.0
2020020908,290.2,344.17,147.79,11.31,56.65,2.01,301.6,99.92,0.0
2020020909,468.95,461.79,203.28,16.06,42.21,2.19,300.2,99.95,0.0
2020020910,593.3,493.51,244.5,19.82,30.76,2.73,310.4,99.95,0.0
2020020911,655.83,454.39,293.06,21.42,26.91,2.6,307.4,99.87,0.0
2020020912,681.1,567.84,245.12,22.46,24.58,2.71,307.0,99.77,0.0
2020020913,600.85,506.52,242.77,22.97,23.13,2.96,310.6,99.68,0.0
2020020914,466.17,361.2,242.24,22.74,22.58,3.27,314.8,99.63,0.0
2020020915,289.83,278.11,176.08,21.84,24.39,3.18,317.7,99.6,0.0
2020020916,123.07,104.5,96.98,18.21,41.42,2.34,321.1,99.61,0.0
2020020917,9.77,0.55,13.81,14.52,45.59,2.84,325.5,99.64,0.0
2020020918,0.0,0.0,0.0,13.27,47.27,2.93,330.4,99.69,0.0
2020020919,0.0,0.0,0.0,12.46,48.43,2.89,334.8,99.72,0.0
2020020920,0.0,0.0,0.0,11.85,48.93,2.74,339.1,99.72,0.0
2020020921,0.0,0.0,0.0,11.11,50.28,2.68,342.4,99.69,0.0
2020020922,0.0,0.0,0.0,10.19,52.8,2.72,344.2,99.65,0.0
2020020923,0.0,0.0,0.0,9.3,55.75,2.76,344.5,99.6,0.0
2020021000,0.0,0.0,0.0,8.63,58.73,2.74,343.2,99.55,0.0
2020021001,0.0,0.0,0.0,7.97,61.53,2.65,340.4,99.48,0.0
2020021002,0.0,0.0,0.0,7.17,65.58,2.67,336.1,99.43,0.0
2020021003,0.0,0.0,0.0,6.5,69.47,2.71,331.8,99.39,0.0
2020021004,0.0,0.0,0.0,5.96,72.97,2.74,326.6,99.4,0.0
2020021005,0.0,0.0,0.0,5.57,75.88,2.76,319.1,99.45,0.0
2020021006,5.12,0.0,7.69,5.59,76.35,2.77,310.8,99.52,0.0
2020021007,109.62,151.37,72.57,9.47,60.63,3.12,304.1,99.6,0.0
2020021008,284.95,314.63,158.05,12.42,51.4,2.77,295.0,99.66,0.0
2020021009,452.72,455.74,188.78,16.75,39.87,2.69,290.7,99.69,0.0
2020021010,607.55,543.46,218.1,20.15,30.33,3.49,294.2,99.69,0.0
2020021011,606.35,425.9,254.55,21.49,27.29,3.53,288.2,99.64,0.0
2020021012,651.08,495.79,262.36,22.29,25.61,3.37,285.6,99.55,0.0
2020021013,594.2,476.49,240.64,22.59,24.72,2.95,285.7,99.45,0.0
2020021014,464.2,404.3,210.02,22.34,24.55,2.47,286.7,99.39,0.0
2020021015,293.08,286.98,161.18,21.46,25.96,2.11,288.8,99.37,0.0
2020021016,130.12,169.29,85.57,18.71,40.5,1.55,301.0,99.38,0.0
2020021017,9.57,0.51,10.22,16.01,40.46,1.81,320.2,99.42,0.0
2020021018,0.0,0.0,0.0,14.45,43.79,2.08,334.4,99.49,0.0
2020021019,0.0,0.0,0.0,13.06,47.44,2.32,342.0,99.56,0.0
2020021020,0.0,0.0,0.0,12.11,49.6,2.41,346.1,99.58,0.0
2020021021,0.0,0.0,0.0,11.61,50.45,2.34,349.4,99.57,0.0
2020021022,0.0,0.0,0.0,11.24,50.85,2.23,352.3,99.55,0.0
2020021023,0.0,0.0,0.0,10.91,51.35,2.11,355.1,99.52,0.0
2020021100,0.0,0.0,0.0,10.57,52.77,1.99,355.1,99.5,0.0
2020021101,0.0,0.0,0.0,10.35,53.65,1.78,356.5,99.44,0.0
2020021102,0.0,0.0,0.0,9.67,56.37,1.56,359.3,99.37,0.0
2020021103,0.0,0.0,0.0,9.22,58.49,1.38,355.0,99.33,0.0
2020021104,0.0,0.0,0.0,8.67,61.0,1.31,340.9,99.34,0.0
2020021105,0.0,0.0,0.0,7.85,64.68,1.43,324.1,99.41,0.0
2020021106,5.2,0.0,7.93,7.62,65.92,1.65,308.1,99.5,0.0
2020021107,97.22,78.86,77.62,9.63,60.51,1.87,296.7,99.6,0.0
2020021108,257.92,248.8,151.45,12.31,51.13,1.85,288.6,99.7,0.0
2020021109,427.75,326.74,226.15,16.8,38.93,2.04,280.4,99.75,0.0
2020021110,583.12,476.7,242.78,19.79,32.2,2.52,283.5,99.75,0.0
2020021111,650.65,489.84,253.83,21.36,29.53,2.78,286.3,99.69,0.0
2020021112,657.25,498.01,252.88,22.45,27.54,2.77,291.6,99.58,0.0
2020021113,590.58,471.17,227.97,23.09,26.35,2.61,298.3,99.47,0.0
2020021114,463.7,408.53,200.19,23.08,26.01,2.7,301.5,99.42,0.0
2020021115,293.83,289.17,157.49,22.3,27.8,2.82,302.6,99.4,0.0
2020021116,119.15,103.68,92.19,18.97,44.27,2.14,309.5,99.42,0.0
2020021117,10.12,0.47,11.8,15.61,47.52,2.54,321.2,99.44,0.0
2020021118,0.0,0.0,0.0,14.24,49.89,2.69,331.6,99.51,0.0
2020021119,0.0,0.0,0.0,13.09,52.86,2.88,336.9,99.59,0.0
2020021120,0.0,0.0,0.0,12.13,55.43,3.0,341.0,99.66,0.0
2020021121,0.0,0.0,0.0,11.37,57.35,2.99,345.1,99.68,0.0
2020021122,0.0,0.0,0.0,10.85,58.26,2.79,347.8,99.67,0.0
2020021123,0.0,0.0,0.0,10.47,59.36,2.57,345.4,99.64,0.0
2020021200,0.0,0.0,0.0,9.96,61.26,2.48,339.4,99.6,0.0
2020021201,0.0,0.0,0.0,9.28,64.1,2.47,332.5,99.55,0.0
2020021202,0.0,0.0,0.0,8.64,66.89,2.46,325.3,99.49,0.0
2020021203,0.0,0.0,0.0,8.11,69.32,2.46,317.0,99.46,0.0
2020021204,0.0,0.0,0.0,7.52,72.17,2.56,305.9,99.47,0.0
2020021205,0.0,0.0,0.0,7.02,74.56,2.75,296.4,99.51,0.0
2020021206,5.53,0.0,8.23,7.12,73.94,2.81,290.0,99.58,0.0
2020021207,104.28,111.36,75.53,10.79,58.84,3.66,284.6,99.64,0.0
2020021208,273.4,267.48,158.91,13.81,49.68,3.51,278.2,99.7,0.0
2020021209,452.45,405.55,209.25,18.54,37.04,4.01,283.4,99.72,0.0
2020021210,595.47,489.46,243.84,22.09,28.9,4.82,291.4,99.68,0.0
2020021211,655.6,489.99,261.55,23.99,25.57,4.95,291.4,99.59,0.0
2020021212,660.35,512.19,258.62,25.48,23.07,5.2,292.9,99.46,0.0
2020021213,607.55,508.67,229.43,26.37,21.68,5.45,295.9,99.34,0.0
2020021214,480.33,441.69,210.03,26.22,21.99,5.65,300.7,99.26,0.0
2020021215,308.98,332.57,159.22,25.08,24.57,5.39,304.2,99.22,0.0
2020021216,134.55,181.62,86.28,21.56,36.11,3.28,303.5,99.22,0.0
2020021217,10.82,0.97,12.0,17.35,45.81,3.42,301.7,99.24,0.0
2020021218,0.0,0.0,0.0,16.11,48.28,3.59,300.9,99.28,0.0
2020021219,0.0,0.0,0.0,15.33,50.96,3.72,300.1,99.33,0.0
2020021220,0.0,0.0,0.0,14.6,54.2,3.79,297.2,99.36,0.0
2020021221,0.0,0.0,0.0,14.02,57.08,3.92,294.1,99.38,0.0
2020021222,0.0,0.0,0.0,13.53,59.33,4.13,294.5,99.36,0.0
2020021223,0.0,0.0,0.0,13.06,61.27,4.33,296.7,99.34,0.0
2020021300,0.0,0.0,0.0,12.58,62.99,4.48,300.2,99.31,0.0
2020021301,0.0,0.0,0.0,12.09,65.01,4.52,303.9,99.25,0.0
2020021302,0.0,0.0,0.0,11.68,67.56,4.64,305.9,99.18,0.0
2020021303,0.0,0.0,0.0,11.38,70.53,4.8,305.5,99.15,0.0
2020021304,0.0,0.0,0.0,11.17,74.15,5.0,302.8,99.16,0.0
2020021305,0.0,0.0,0.0,10.95,77.81,4.97,299.2,99.2,0.0
2020021306,6.52,7.83,8.15,10.97,79.69,5.23,294.4,99.26,0.0
2020021307,113.79,161.6,80.54,12.91,71.87,5.63,287.1,99.33,0.0
2020021308,286.3,317.44,154.11,16.4,59.94,4.99,280.4,99.38,0.0
2020021309,468.24,463.03,195.27,21.15,47.18,5.77,289.2,99.38,0.0
2020021310,637.8,633.28,188.95,25.02,37.97,6.75,295.4,99.34,0.0
2020021311,744.28,782.54,155.81,27.78,30.37,7.2,297.0,99.23,0.0
2020021312,750.03,783.04,157.59,29.28,25.28,7.37,296.8,99.09,0.0
2020021313,684.38,765.98,148.65,29.71,23.68,7.54,296.1,98.96,0.0
2020021314,549.7,694.12,144.37,29.38,23.92,7.37,295.0,98.87,0.0
2020021315,365.83,572.68,119.4,28.21,26.25,6.77,293.5,98.83,0.0
2020021316,161.0,331.26,81.0,25.21,34.26,4.48,290.1,98.83,0.0
2020021317,13.73,11.38,14.79,20.43,46.39,3.76,287.2,98.9,0.0
2020021318,0.0,0.0,0.0,19.24,48.51,4.19,289.4,98.99,0.0
2020021319,0.0,0.0,0.0,18.39,50.08,4.53,293.7,99.07,0.0
2020021320,0.0,0.0,0.0,17.56,51.45,4.94,299.2,99.11,0.0
2020021321,0.0,0.0,0.0,16.67,53.1,5.1,304.2,99.12,0.0
2020021322,0.0,0.0,0.0,15.79,55.71,5.08,307.6,99.08,0.0
2020021323,0.0,0.0,0.0,15.02,58.68,5.11,308.1,99.02,0.0
2020021400,0.0,0.0,0.0,14.36,61.68,5.25,306.7,98.97,0.0
2020021401,0.0,0.0,0.0,13.79,64.56,5.42,305.2,98.89,0.0
2020021402,0.0,0.0,0.0,13.28,67.11,5.42,303.5,98.83,0.0
2020021403,0.0,0.0,0.0,12.86,68.53,5.5,301.2,98.79,0.0
2020021404,0.0,0.0,0.0,12.4,69.86,5.57,298.6,98.8,0.0
2020021405,0.0,0.0,0.0,11.88,71.31,5.68,295.6,98.84,0.0
2020021406,7.53,2.3,9.64,11.62,71.55,5.86,292.4,98.9,0.0
2020021407,135.32,260.24,80.6,13.38,63.26,6.22,288.0,98.95,0.0
2020021408,340.33,508.66,134.89,16.81,51.74,5.74,283.2,98.98,0.0
2020021409,531.4,637.52,164.37,21.67,37.0,7.99,300.2,99.0,0.0
2020021410,674.45,728.86,162.76,24.28,30.91,8.61,303.9,98.97,0.0
2020021411,772.42,838.61,143.75,25.62,28.32,8.61,303.5,98.9,0.0
2020021412,776.58,916.74,140.76,26.43,26.47,8.7,304.0,98.81,0.0
2020021413,713.12,871.04,140.63,26.74,25.25,8.65,304.7,98.73,0.0
2020021414,582.67,770.35,134.21,26.55,24.53,8.51,304.8,98.68,0.0
2020021415,396.95,663.52,122.79,25.62,24.67,8.17,304.7,98.68,0.0
2020021416,181.95,418.93,79.65,23.55,27.44,6.52,304.3,98.71,0.0
2020021417,16.17,21.3,16.61,19.26,36.27,4.7,304.0,98.75,0.0
2020021418,0.0,0.0,0.0,17.59,39.29,4.87,305.0,98.84,0.0
2020021419,0.0,0.0,0.0,16.42,41.41,4.97,305.6,98.91,0.0
2020021420,0.0,0.0,0.0,15.04,44.52,4.66,305.2,98.96,0.0
2020021421,0.0,0.0,0.0,13.27,49.53,3.95,302.2,98.97,0.0
2020021422,0.0,0.0,0.0,12.07,52.33,3.74,299.0,98.94,0.0
2020021423,0.0,0.0,0.0,11.16,54.24,3.71,297.3,98.9,0.0
2020021500,0.0,0.0,0.0,10.39,55.69,3.77,297.0,98.85,0.0
2020021501,0.0,0.0,0.0,9.73,57.0,3.94,297.1,98.79,0.0
2020021502,0.0,0.0,0.0,9.08,58.56,3.98,295.9,98.74,0.0
2020021503,0.0,0.0,0.0,8.5,60.18,4.06,293.8,98.72,0.0
2020021504,0.0,0.0,0.0,8.1,61.41,4.25,292.0,98.74,0.0
2020021505,0.0,0.0,0.0,7.71,62.8,4.29,290.5,98.79,0.0
2020021506,9.75,24.35,11.2,7.84,62.14,4.59,288.6,98.86,0.0
2020021507,168.4,521.3,60.87,10.27,53.28,5.05,284.4,98.94,0.0
2020021508,393.3,770.71,85.37,13.94,43.85,4.22,277.2,99.01,0.0
2020021509,590.17,894.15,89.56,19.11,31.36,5.47,290.3,99.05,0.0
2020021510,735.67,965.64,87.04,22.96,23.06,7.15,305.2,99.05,0.0
2020021511,796.95,906.33,121.55,24.82,20.7,6.79,307.5,98.98,0.0
2020021512,803.92,914.77,118.65,26.08,18.77,6.49,308.2,98.88,0.0
2020021513,739.12,910.65,109.94,26.79,17.04,6.31,308.6,98.79,0.0
2020021514,605.8,864.74,99.48,26.86,15.94,6.19,308.3,98.74,0.0
2020021515,418.02,763.08,91.93,26.09,16.21,5.7,306.9,98.74,0.0
2020021516,197.77,570.68,62.32,22.41,26.27,3.38,303.4,98.77,0.0
2020021517,18.58,63.76,17.06,17.15,35.47,3.62,300.0,98.84,0.0
2020021518,0.0,0.0,0.0,15.46,37.12,3.71,298.3,98.94,0.0
2020021519,0.0,0.0,0.0,14.29,38.41,3.73,299.0,99.04,0.0
2020021520,0.0,0.0,0.0,13.22,39.85,3.7,302.2,99.1,0.0
2020021521,0.0,0.0,0.0,12.23,41.75,3.61,304.7,99.13,0.0
2020021522,0.0,0.0,0.0,11.32,43.63,3.54,307.2,99.14,0.0
2020021523,0.0,0.0,0.0,10.5,45.58,3.49,310.9,99.13,0.0
2020021600,0.0,0.0,0.0,9.75,47.78,3.45,315.0,99.11,0.0
2020021601,0.0,0.0,0.0,9.08,50.52,3.38,316.7,99.07,0.0
2020021602,0.0,0.0,0.0,8.46,53.81,3.3,315.0,99.03,0.0
2020021603,0.0,0.0,0.0,7.9,57.37,3.23,310.7,99.02,0.0
2020021604,0.0,0.0,0.0,7.4,61.07,3.18,306.7,99.03,0.0
2020021605,0.0,0.0,0.0,6.95,64.28,3.15,302.9,99.08,0.0
2020021606,10.3,27.97,11.59,7.22,64.4,3.03,299.9,99.15,0.0
2020021607,168.02,507.18,61.65,11.1,50.45,4.16,297.5,99.25,0.0
2020021608,389.8,741.7,90.33,14.3,42.3,2.92,293.4,99.32,0.0
2020021609,583.85,857.18,98.83,19.05,31.58,2.52,300.0,99.38,0.0
2020021610,727.72,916.49,103.47,23.77,19.27,4.6,321.1,99.38,0.0
2020021611,779.12,829.49,149.41,26.01,15.11,5.19,323.2,99.33,0.0
2020021612,785.0,833.21,149.27,27.08,13.99,4.94,322.7,99.25,0.0
2020021613,715.7,817.02,137.96,27.58,13.54,4.73,323.7,99.17,0.0
2020021614,580.92,758.28,126.48,27.62,13.41,4.71,324.0,99.12,0.0
2020021615,393.17,635.64,116.26,26.81,14.83,4.45,323.6,99.11,0.0
2020021616,180.1,432.13,73.23,22.9,29.0,2.79,324.8,99.12,0.0
2020021617,16.77,31.66,16.03,18.03,35.81,3.28,326.5,99.17,0.0
2020021618,0.0,0.0,0.0,16.53,37.04,3.29,328.4,99.24,0.0
2020021619,0.0,0.0,0.0,15.6,38.17,3.18,330.5,99.31,0.0
2020021620,0.0,0.0,0.0,14.72,39.37,3.05,332.7,99.35,0.0
2020021621,0.0,0.0,0.0,13.81,40.76,2.93,335.6,99.37,0.0
2020021622,0.0,0.0,0.0,12.96,42.13,2.8,338.7,99.37,0.0
2020021623,0.0,0.0,0.0,12.22,43.44,2.64,341.9,99.35,0.0
2020021700,0.0,0.0,0.0,11.58,44.37,2.44,343.3,99.32,0.0
2020021701,0.0,0.0,0.0,10.95,45.75,2.26,342.2,99.28,0.0
2020021702,0.0,0.0,0.0,10.28,47.57,2.17,333.2,99.24,0.0
2020021703,0.0,0.0,0.0,9.53,49.75,2.26,318.4,99.23,0.0
2020021704,0.0,0.0,0.0,8.61,52.67,2.51,305.6,99.25,0.0
2020021705,0.0,0.0,0.0,7.79,55.27,2.8,294.9,99.3,0.0
2020021706,10.15,19.61,11.85,7.9,55.79,2.98,288.0,99.38,0.0
2020021707,161.2,448.49,64.97,12.53,42.49,3.7,284.6,99.45,0.0
2020021708,380.0,697.31,95.34,15.92,34.75,3.37,281.5,99.5,0.0
2020021709,575.25,825.45,103.78,20.74,26.4,3.34,286.2,99.52,0.0
2020021710,590.78,466.4,232.54,25.16,17.41,5.1,302.7,99.51,0.0
2020021711,767.78,806.6,151.14,26.72,15.14,5.43,304.7,99.44,0.0
2020021712,778.42,825.44,147.43,27.56,13.79,5.47,305.7,99.33,0.0
2020021713,715.75,821.12,133.32,27.83,12.97,5.41,307.0,99.25,0.0
2020021714,584.12,772.16,123.29,27.53,12.8,5.45,308.4,99.19,0.0
2020021715,398.85,651.65,111.86,26.53,13.89,5.19,310.2,99.18,0.0
2020021716,186.65,454.18,72.63,22.63,25.22,3.21,313.7,99.18,0.0
2020021717,18.48,47.93,17.3,17.41,33.98,3.63,317.8,99.2,0.0
2020021718,0.0,0.0,0.0,15.7,35.95,3.76,319.5,99.26,0.0
2020021719,0.0,0.0,0.0,14.55,37.59,3.76,320.4,99.32,0.0
2020021720,0.0,0.0,0.0,13.43,39.3,3.74,321.5,99.34,0.0
2020021721,0.0,0.0,0.0,12.36,41.05,3.7,324.1,99.35,0.0
2020021722,0.0,0.0,0.0,11.33,42.97,3.63,327.7,99.31,0.0
2020021723,0.0,0.0,0.0,10.37,45.28,3.53,331.0,99.27,0.0
2020021800,0.0,0.0,0.0,9.5,47.97,3.43,333.0,99.21,0.0
2020021801,0.0,0.0,0.0,8.76,50.4,3.34,329.8,99.15,0.0
2020021802,0.0,0.0,0.0,8.15,52.51,3.29,324.3,99.11,0.0
2020021803,0.0,0.0,0.0,7.65,54.02,3.27,317.2,99.1,0.0
2020021804,0.0,0.0,0.0,7.25,55.21,3.28,309.6,99.12,0.0
2020021805,0.0,0.0,0.0,6.87,56.37,3.26,303.5,99.15,0.0
2020021806,11.8,36.1,11.78,7.22,55.98,3.06,299.6,99.17,0.0
2020021807,174.05,533.89,56.65,11.64,42.52,3.65,293.3,99.21,0.0
2020021808,395.67,763.9,80.03,14.8,35.82,3.07,283.0,99.24,0.0
2020021809,590.03,862.17,94.68,19.76,26.59,3.27,284.5,99.25,0.0
2020021810,734.6,935.64,92.9,24.14,17.29,5.07,299.6,99.23,0.0
2020021811,789.5,867.53,130.92,25.92,15.35,5.46,296.1,99.17,0.0
2020021812,797.2,876.44,129.03,27.0,14.3,5.78,294.9,99.09,0.0
2020021813,731.78,858.69,121.62,27.47,13.65,5.77,294.2,99.01,0.0
2020021814,596.97,797.08,119.54,27.38,13.36,5.7,293.4,98.95,0.0
2020021815,409.05,692.44,102.93,26.55,14.3,5.3,294.3,98.9,0.0
2020021816,193.3,489.12,68.19,22.74,26.24,3.09,297.6,98.87,0.0
2020021817,19.77,55.77,16.94,17.71,34.87,3.43,302.5,98.87,0.0
2020021818,0.0,0.0,0.0,16.3,36.27,3.34,307.2,98.91,0.0
2020021819,0.0,0.0,0.0,15.59,36.9,3.15,309.9,98.96,0.0
2020021820,0.0,0.0,0.0,15.16,37.22,2.93,313.6,99.0,0.0
2020021821,0.0,0.0,0.0,14.72,37.07,2.69,317.7,99.04,0.0
2020021822,0.0,0.0,0.0,14.63,36.15,2.31,321.3,99.04,0.0
2020021823,0.0,0.0,0.0,14.5,34.44,1.81,329.5,99.03,0.0
2020021900,0.0,0.0,0.0,15.01,32.57,1.23,350.2,99.0,0.0
2020021901,0.0,0.0,0.0,15.22,32.76,0.64,23.8,98.97,0.0
2020021902,0.0,0.0,0.0,14.46,34.2,0.8,86.4,98.92,0.0
2020021903,0.0,0.0,0.0,12.54,39.28,1.4,110.1,98.88,0.0
2020021904,0.0,0.0,0.0,11.27,42.72,2.02,120.6,98.88,0.0
2020021905,0.0,0.0,0.0,9.65,47.75,2.59,126.8,98.92,0.0
2020021906,11.48,13.96,14.76,8.93,51.67,2.99,130.0,98.97,0.0
2020021907,156.2,335.19,82.3,13.36,40.4,3.57,132.0,99.06,0.0
2020021908,363.75,538.17,141.17,16.59,33.0,3.51,130.3,99.12,0.0
2020021909,554.05,633.73,177.42,21.0,25.43,3.83,132.8,99.15,0.0
2020021910,607.08,451.85,339.35,25.35,17.1,5.16,143.7,99.14,0.0
2020021911,654.38,363.96,433.9,27.4,14.62,5.1,146.0,99.07,0.0
2020021912,527.03,29.2,426.2,28.19,13.95,4.97,147.0,98.97,0.0
2020021913,507.48,143.33,404.75,28.22,14.04,4.94,147.3,98.89,0.0
2020021914,403.77,64.92,324.11,28.25,14.17,5.04,146.1,98.82,0.0
2020021915,261.75,26.31,222.75,27.28,15.99,4.79,142.0,98.8,0.0
2020021916,113.75,15.21,98.23,23.57,27.44,3.13,131.4,98.82,0.0
2020021917,14.62,2.18,17.0,19.14,35.08,3.66,122.6,98.85,0.0
2020021918,0.0,0.0,0.0,18.09,35.81,4.11,118.2,98.91,0.0
2020021919,0.0,0.0,0.0,17.65,36.61,4.51,115.9,98.98,0.0
2020021920,0.0,0.0,0.0,16.08,40.99,4.31,115.6,99.03,0.0
2020021921,0.0,0.0,0.0,14.98,44.27,4.29,115.5,99.06,0.0
2020021922,0.0,0.0,0.0,14.6,45.84,4.43,114.7,99.05,0.0
2020021923,0.0,0.0,0.0,14.64,46.38,4.79,112.1,99.02,0.0
2020022000,0.0,0.0,0.0,14.24,48.65,4.83,109.0,98.99,0.0
2020022001,0.0,0.0,0.0,13.79,51.58,4.78,105.9,98.95,0.0
2020022002,0.0,0.0,0.0,13.44,54.39,4.75,106.0,98.92,0.0
2020022003,0.0,0.0,0.0,12.67,58.37,4.5,108.8,98.9,0.0
2020022004,0.0,0.0,0.0,11.94,61.36,4.63,113.0,98.91,0.0
2020022005,0.0,0.0,0.0,11.69,62.52,5.0,118.7,98.95,0.0
2020022006,9.6,2.79,12.84,11.95,61.5,5.4,123.5,99.01,0.0
2020022007,121.5,130.76,85.13,13.81,54.98,5.78,124.9,99.07,0.0
2020022008,295.05,269.69,179.32,16.81,46.18,5.39,123.2,99.1,0.0
2020022009,467.05,368.33,229.4,20.8,35.15,6.57,128.2,99.1,0.0
2020022010,616.0,517.44,258.7,24.26,26.91,7.85,131.2,99.05,0.0
2020022011,682.03,531.73,247.01,26.81,21.58,8.45,132.8,98.97,0.0
2020022012,682.22,518.82,245.64,28.16,19.51,8.5,133.4,98.87,0.0
2020022013,602.35,475.99,231.63,28.66,19.02,8.45,134.6,98.79,0.0
2020022014,453.77,314.0,243.89,28.43,19.63,8.1,135.7,98.73,0.0
2020022015,284.77,237.24,168.1,27.57,21.36,7.22,135.6,98.71,0.0
2020022016,131.43,112.06,98.73,25.07,27.48,4.61,131.6,98.71,0.0
2020022017,15.4,3.41,19.06,20.83,37.97,3.71,122.7,98.75,0.0
2020022018,0.0,0.0,0.0,20.03,38.57,4.5,117.7,98.82,0.0
2020022019,0.0,0.0,0.0,19.72,38.32,5.59,115.3,98.9,0.0
2020022020,0.0,0.0,0.0,18.74,40.76,5.41,112.3,98.95,0.01
2020022021,0.0,0.0,0.0,17.11,46.39,4.2,107.7,98.99,0.17
2020022022,0.0,0.0,0.0,15.97,52.61,3.44,111.6,99.05,5.23
2020022023,0.0,0.0,0.0,15.38,60.66,3.68,117.5,99.14,36.51
2020022100,0.0,0.0,0.0,14.67,68.5,5.18,99.9,99.12,86.15
2020022101,0.0,0.0,0.0,13.56,76.26,6.19,85.0,98.99,39.61
2020022102,0.0,0.0,0.0,13.06,81.3,5.51,82.3,98.99,4.89
2020022103,0.0,0.0,0.0,12.89,83.36,5.6,77.2,98.97,2.02
2020022104,0.0,0.0,0.0,12.92,83.43,6.25,70.3,98.99,9.26
2020022105,0.0,0.0,0.0,12.89,84.49,6.19,63.9,99.05,15.69
2020022106,5.6,1.04,6.89,12.84,87.48,5.41,56.6,99.11,11.39
2020022107,58.42,20.79,48.73,13.7,86.6,5.45,52.8,99.19,11.81
2020022108,155.93,42.84,131.85,15.44,79.63,6.16,57.6,99.29,14.42
2020022109,262.9,81.46,183.58,17.53,67.22,6.89,69.6,99.34,10.8
2020022110,341.05,74.67,244.94,19.63,54.93,7.26,82.0,99.36,3.8
2020022111,351.48,43.04,246.18,21.69,46.28,6.93,91.2,99.3,1.58
2020022112,177.75,17.05,136.05,23.27,41.28,6.0,96.3,99.18,1.42
2020022113,82.7,33.13,57.1,24.25,38.51,5.0,101.0,99.09,1.44
2020022114,163.1,60.35,118.24,24.43,37.72,3.89,98.6,99.05,2.26
2020022115,102.95,49.42,80.26,23.85,39.65,2.89,76.0,99.06,0.53
2020022116,55.22,24.99,47.16,21.52,53.93,2.49,39.3,99.11,0.42
2020022117,8.55,1.04,10.29,18.85,60.18,3.38,26.6,99.19,0.28
2020022118,0.0,0.0,0.0,18.29,62.1,3.81,28.9,99.3,0.01
2020022119,0.0,0.0,0.0,17.66,64.84,4.46,37.9,99.41,0.01
2020022120,0.0,0.0,0.0,16.74,68.37,4.37,49.3,99.5,0.01
2020022121,0.0,0.0,0.0,15.27,74.05,3.53,57.6,99.55,0.02
2020022122,0.0,0.0,0.0,14.14,78.58,3.23,62.6,99.56,0.01
2020022123,0.0,0.0,0.0,13.2,83.75,3.09,63.5,99.56,0.02
2020022200,0.0,0.0,0.0,12.4,89.34,3.09,63.3,99.54,0.1
2020022201,0.0,0.0,0.0,11.71,94.85,3.08,62.5,99.51,0.34
2020022202,0.0,0.0,0.0,11.06,99.73,2.8,57.4,99.5,0.53
2020022203,0.0,0.0,0.0,10.64,100.0,2.62,52.3,99.52,0.4
2020022204,0.0,0.0,0.0,10.4,100.0,2.57,52.4,99.56,0.3
2020022205,0.0,0.0,0.0,10.14,100.0,2.49,56.9,99.63,0.16
2020022206,8.6,0.63,11.32,10.51,98.69,2.39,60.6,99.73,0.1
2020022207,97.45,61.95,77.59,12.91,86.32,3.09,60.8,99.82,0.01
2020022208,248.57,186.65,159.34,15.8,73.68,2.91,76.3,99.89,0.0
2020022209,389.9,238.39,213.94,19.68,53.95,3.56,94.8,99.9,0.0
2020022210,568.38,384.09,266.26,22.13,46.63,3.78,96.5,99.88,0.0
2020022211,499.92,213.46,289.05,23.39,44.54,3.75,91.5,99.79,0.0
2020022212,514.08,230.51,282.98,23.79,44.29,3.7,85.2,99.67,0.0
2020022213,459.42,198.77,282.29,23.4,45.85,3.53,80.2,99.58,0.0
2020022214,354.12,171.84,206.04,23.38,46.1,3.33,77.0,99.51,0.0
2020022215,217.7,108.02,150.64,22.92,47.21,2.93,74.8,99.48,0.0
2020022216,93.43,40.06,72.84,21.74,53.84,1.89,72.4,99.5,0.0
2020022217,11.88,0.81,11.88,19.62,60.88,1.71,75.4,99.52,0.0
2020022218,0.0,0.0,0.0,19.07,60.66,1.65,79.5,99.57,0.0
2020022219,0.0,0.0,0.0,18.89,60.64,1.42,84.7,99.6,0.0
2020022220,0.0,0.0,0.0,18.58,61.39,1.08,87.9,99.61,0.0
2020022221,0.0,0.0,0.0,18.27,62.14,0.81,83.6,99.6,0.0
2020022222,0.0,0.0,0.0,17.89,63.0,0.72,59.9,99.57,0.0
2020022223,0.0,0.0,0.0,17.08,65.79,0.96,32.7,99.53,0.0
2020022300,0.0,0.0,0.0,15.62,71.47,1.27,20.7,99.5,0.0
2020022301,0.0,0.0,0.0,15.08,72.86,1.52,12.6,99.46,0.0
2020022302,0.0,0.0,0.0,14.58,73.98,1.53,5.3,99.43,0.0
2020022303,0.0,0.0,0.0,14.3,74.15,1.39,358.4,99.4,0.0
2020022304,0.0,0.0,0.0,13.83,75.25,1.21,352.9,99.41,0.0
2020022305,0.0,0.0,0.0,13.78,74.41,1.08,355.8,99.44,0.0
2020022306,9.2,0.0,11.84,14.25,71.52,0.93,4.9,99.48,0.0
2020022307,85.28,16.92,80.45,16.09,64.35,0.71,13.1,99.53,0.0
2020022308,188.12,52.18,156.23,19.13,54.08,0.33,38.9,99.58,0.06
2020022309,309.7,95.22,214.69,23.39,42.59,1.1,111.4,99.6,0.67
2020022310,453.33,174.06,277.9,25.12,39.02,1.11,127.3,99.57,1.17
2020022311,615.42,359.47,288.7,26.18,36.53,0.74,138.3,99.5,1.09
2020022312,557.6,255.69,302.39,26.82,34.92,0.22,108.4,99.4,1.44
2020022313,516.38,274.64,269.23,27.0,34.07,0.61,18.1,99.3,1.14
2020022314,411.02,262.32,213.34,26.44,34.78,1.39,19.0,99.24,0.94
2020022315,266.42,192.91,164.06,25.48,37.04,2.19,22.6,99.2,0.32
2020022316,114.6,76.94,92.33,23.72,46.9,1.87,24.9,99.2,0.01
2020022317,14.4,2.36,16.32,20.46,57.16,2.34,25.8,99.22,0.0
2020022318,0.0,0.0,0.0,18.87,60.15,2.61,26.4,99.27,0.0
2020022319,0.0,0.0,0.0,17.9,63.03,2.66,27.3,99.32,0.0
2020022320,0.0,0.0,0.0,17.05,66.45,2.72,29.3,99.35,0.0
2020022321,0.0,0.0,0.0,16.34,69.34,2.77,32.0,99.35,0.0
2020022322,0.0,0.0,0.0,15.72,71.86,2.83,34.5,99.31,0.0
2020022323,0.0,0.0,0.0,15.15,74.22,2.87,36.1,99.26,0.0
2020022400,0.0,0.0,0.0,14.54,76.86,2.83,35.7,99.2,0.0
2020022401,0.0,0.0,0.0,13.89,79.92,2.71,32.6,99.13,0.0
2020022402,0.0,0.0,0.0,13.23,83.18,2.5,26.7,99.09,0.0
2020022403,0.0,0.0,0.0,12.87,84.82,2.1,13.5,99.06,0.0
2020022404,0.0,0.0,0.0,12.88,84.68,1.74,347.4,99.08,0.0
2020022405,0.0,0.0,0.0,12.41,87.48,1.79,318.8,99.12,0.0
2020022406,10.62,1.24,11.29,12.42,87.91,1.89,304.4,99.18,0.0
2020022407,120.55,121.46,79.7,15.52,72.55,2.61,299.6,99.24,0.0
2020022408,288.58,249.31,169.6,19.08,57.94,2.49,310.6,99.27,0.0
2020022409,408.88,269.43,213.95,23.36,42.31,3.29,327.7,99.28,0.0
2020022410,556.03,363.87,252.62,25.23,37.51,3.47,329.7,99.24,0.0
2020022411,689.55,505.71,257.38,26.43,34.63,3.62,330.2,99.15,0.01
2020022412,690.4,507.47,253.53,27.14,32.51,3.79,329.6,99.02,0.01
2020022413,630.7,503.72,236.92,27.38,31.11,4.0,328.3,98.9,0.03
2020022414,496.4,421.66,208.93,27.11,30.36,4.16,327.0,98.82,0.02
2020022415,323.65,322.03,152.1,26.24,30.78,4.17,326.7,98.79,0.0
2020022416,160.82,225.04,93.92,24.29,36.6,3.12,327.0,98.79,0.0
2020022417,18.25,8.93,17.74,19.92,49.95,2.87,326.1,98.85,0.0
2020022418,0.0,0.0,0.0,18.36,52.11,3.15,325.4,98.92,0.0
2020022419,0.0,0.0,0.0,17.55,53.39,3.24,324.5,99.01,0.0
2020022420,0.0,0.0,0.0,16.87,55.11,3.33,324.5,99.05,0.0
2020022421,0.0,0.0,0.0,16.29,57.02,3.43,325.9,99.07,0.0
2020022422,0.0,0.0,0.0,15.76,59.24,3.54,328.3,99.05,0.0
2020022423,0.0,0.0,0.0,15.19,61.61,3.6,331.1,99.02,0.0
2020022500,0.0,0.0,0.0,14.51,64.34,3.52,333.4,98.98,0.0
2020022501,0.0,0.0,0.0,13.77,67.57,3.33,335.1,98.93,0.0
2020022502,0.0,0.0,0.0,13.02,71.13,3.02,337.0,98.88,0.0
2020022503,0.0,0.0,0.0,12.29,75.05,2.78,338.2,98.86,0.0
2020022504,0.0,0.0,0.0,11.67,79.0,2.64,337.5,98.88,0.0
2020022505,0.0,0.0,0.0,11.16,82.49,2.5,333.8,98.95,0.0
2020022506,14.15,4.55,16.07,11.64,80.67,2.08,328.1,99.04,0.0
2020022507,139.93,153.09,94.47,14.79,66.57,2.31,318.9,99.13,0.0
2020022508,302.77,254.9,182.33,17.93,56.23,1.55,306.4,99.2,0.0
2020022509,446.62,243.38,255.94,22.91,38.64,2.44,325.2,99.22,0.11
2020022510,651.75,529.37,243.3,24.84,33.64,2.76,320.7,99.2,1.22
2020022511,667.2,414.63,291.69,25.83,31.88,3.09,317.8,99.12,4.76
2020022512,607.67,214.86,381.63,26.43,30.86,3.08,320.8,98.97,3.62
2020022513,621.12,405.24,276.64,26.65,30.37,2.97,326.0,98.82,2.3
2020022514,493.98,374.9,226.78,26.51,30.24,3.4,325.0,98.76,1.45
2020022515,321.15,277.59,169.1,25.9,30.9,4.25,321.3,98.8,0.31
2020022516,153.65,159.82,100.6,23.94,38.24,3.17,322.3,98.84,0.0
2020022517,18.95,3.8,18.77,19.84,51.43,2.81,329.0,98.86,0.0
2020022518,0.0,0.0,0.0,18.37,53.93,2.93,335.4,98.89,0.0
2020022519,0.0,0.0,0.0,17.55,55.5,2.93,338.0,98.97,0.0
2020022520,0.0,0.0,0.0,16.8,56.99,2.84,340.5,99.03,0.0
2020022521,0.0,0.0,0.0,16.13,58.22,2.7,345.0,99.08,0.0
2020022522,0.0,0.0,0.0,15.51,59.5,2.56,355.1,99.09,0.0
2020022523,0.0,0.0,0.0,14.89,61.82,2.4,9.6,99.08,0.0
2020022600,0.0,0.0,0.0,14.51,64.11,2.12,28.7,99.07,0.02
2020022601,0.0,0.0,0.0,13.76,69.01,2.08,50.3,99.06,0.02
2020022602,0.0,0.0,0.0,13.01,75.3,2.21,68.8,99.04,0.02
2020022603,0.0,0.0,0.0,12.24,83.06,2.3,88.0,99.02,0.0
2020022604,0.0,0.0,0.0,11.5,91.65,2.39,106.3,99.04,0.0
2020022605,0.0,0.0,0.0,10.98,99.01,2.41,121.5,99.1,0.0
2020022606,14.3,4.54,14.23,11.47,98.92,2.27,137.9,99.14,0.0
2020022607,151.15,216.84,88.65,14.57,82.51,3.02,150.9,99.18,0.0
2020022608,335.02,366.22,155.57,17.92,67.27,2.22,160.8,99.21,0.0
2020022609,520.05,486.94,199.1,22.65,44.07,0.37,218.4,99.2,0.0
2020022610,655.58,547.36,235.09,25.65,34.07,2.42,326.1,99.17,0.0
2020022611,637.62,224.14,391.59,26.86,31.34,3.3,325.1,99.1,0.0
2020022612,654.8,348.65,316.43,27.63,29.29,3.8,323.9,99.0,0.0
2020022613,628.5,432.61,269.0,27.95,27.96,3.86,323.8,98.9,0.0
2020022614,507.92,392.18,236.05,27.61,27.95,3.57,321.8,98.84,0.0
2020022615,336.05,304.24,172.04,26.78,29.17,3.59,319.3,98.87,0.0
2020022616,154.68,151.65,106.6,24.39,41.06,2.14,326.8,98.91,0.0
2020022617,19.55,4.9,19.98,21.15,48.23,2.1,354.5,98.95,0.0
2020022618,0.0,0.0,0.0,19.82,49.74,2.19,22.8,99.03,0.0
2020022619,0.0,0.0,0.0,18.53,53.44,2.41,49.7,99.11,0.0
2020022620,0.0,0.0,0.0,17.39,56.8,2.65,71.5,99.15,0.0
2020022621,0.0,0.0,0.0,16.46,59.85,2.78,85.7,99.18,0.0
2020022622,0.0,0.0,0.0,15.68,63.17,2.83,98.3,99.18,0.0
2020022623,0.0,0.0,0.0,15.22,65.52,2.77,109.0,99.19,0.0
2020022700,0.0,0.0,0.0,14.63,68.62,2.76,115.3,99.18,0.0
2020022701,0.0,0.0,0.0,13.86,73.0,2.71,119.1,99.14,0.0
2020022702,0.0,0.0,0.0,12.91,78.82,2.63,116.0,99.11,0.0
2020022703,0.0,0.0,0.0,12.24,83.99,2.6,110.7,99.07,0.0
2020022704,0.0,0.0,0.0,11.75,88.69,2.48,111.8,99.07,0.0
2020022705,0.0,0.0,0.0,11.09,94.5,2.3,113.0,99.13,0.0
2020022706,14.9,1.18,17.86,11.99,90.43,2.34,117.8,99.17,0.0
2020022707,122.88,48.83,103.94,14.1,79.79,3.17,126.4,99.23,0.0
2020022708,266.75,111.78,208.54,15.38,74.41,2.39,135.7,99.28,0.0
2020022709,414.0,164.75,285.66,17.51,65.7,2.34,152.2,99.31,0.0
2020022710,534.65,198.04,346.18,20.65,53.5,3.06,163.3,99.31,0.0
2020022711,385.38,20.34,300.41,23.99,41.13,3.0,161.9,99.23,0.0
2020022712,571.8,204.94,347.68,26.32,34.06,2.31,150.4,99.11,0.0
2020022713,630.45,424.61,278.81,27.32,30.95,1.78,127.5,99.0,0.0
2020022714,519.62,416.0,225.59,27.49,29.8,1.32,102.2,98.92,0.0
2020022715,338.0,296.71,182.65,26.86,30.29,1.01,69.8,98.89,0.0
2020022716,152.2,122.86,111.75,24.73,42.5,1.23,57.0,98.89,0.0
2020022717,20.25,2.68,21.38,20.49,50.94,2.42,62.4,98.91,0.0
2020022718,0.0,0.0,0.0,18.5,55.3,3.09,69.3,98.95,0.0
2020022719,0.0,0.0,0.0,17.74,58.59,3.3,77.2,99.01,0.0
2020022720,0.0,0.0,0.0,17.2,61.61,3.63,85.6,99.06,0.0
2020022721,0.0,0.0,0.0,16.64,65.35,3.95,92.6,99.08,0.0
2020022722,0.0,0.0,0.0,15.84,70.35,3.92,98.2,99.07,0.0
2020022723,0.0,0.0,0.0,15.32,74.34,3.96,102.7,99.05,0.0
2020022800,0.0,0.0,0.0,14.76,78.56,3.79,105.6,99.02,0.0
2020022801,0.0,0.0,0.0,14.23,82.51,3.54,107.9,98.97,0.0
2020022802,0.0,0.0,0.0,13.77,85.97,3.53,108.2,98.92,0.0
2020022803,0.0,0.0,0.0,13.21,89.97,3.56,106.5,98.9,0.0
2020022804,0.0,0.0,0.0,12.41,95.36,3.44,103.3,98.89,0.0
2020022805,0.0,0.0,0.0,11.92,98.18,3.57,100.3,98.93,0.0
2020022806,12.55,0.0,14.83,12.2,95.0,4.28,99.6,98.98,0.0
2020022807,106.35,17.93,91.49,14.26,82.42,4.44,100.2,99.05,0.0
2020022808,227.65,57.86,189.25,17.82,64.23,4.8,116.6,99.12,0.0
2020022809,363.1,118.85,252.11,21.41,49.48,5.88,134.7,99.15,0.0
2020022810,491.88,141.1,326.8,24.2,40.47,6.07,141.5,99.12,0.0
2020022811,636.42,224.34,405.32,26.15,35.4,5.85,145.1,99.05,0.0
2020022812,672.35,420.48,284.71,27.81,31.66,5.52,147.4,98.95,0.0
2020022813,574.67,301.62,294.43,28.64,29.69,5.11,148.0,98.83,0.0
2020022814,450.77,213.32,283.33,28.54,29.6,4.74,144.8,98.75,0.0
2020022815,285.33,130.87,210.18,27.72,31.25,4.56,139.7,98.72,0.0
2020022816,139.38,59.54,123.11,25.59,38.54,3.29,133.4,98.74,0.0
2020022817,19.48,2.89,22.0,21.46,50.87,3.04,121.8,98.79,0.0
2020022818,0.0,0.0,0.0,20.43,52.8,3.64,114.9,98.85,0.0
2020022819,0.0,0.0,0.0,19.82,54.94,4.18,112.2,98.93,0.0
2020022820,0.0,0.0,0.0,19.2,57.78,4.24,113.5,99.0,0.0
2020022821,0.0,0.0,0.0,18.7,60.21,4.4,113.7,99.03,0.0
2020022822,0.0,0.0,0.0,18.04,63.57,4.25,108.6,99.0,0.0
2020022823,0.0,0.0,0.0,17.62,65.88,4.29,106.2,98.96,0.0
2020022900,0.0,0.0,0.0,17.42,66.75,4.57,103.3,98.9,0.0
2020022901,0.0,0.0,0.0,16.91,69.54,4.81,95.1,98.81,0.0
2020022902,0.0,0.0,0.0,16.18,74.09,4.28,93.1,98.76,0.0
2020022903,0.0,0.0,0.0,14.76,82.74,3.15,99.9,98.76,0.0
2020022904,0.0,0.0,0.0,13.9,88.59,2.87,108.5,98.79,0.0
2020022905,0.0,0.0,0.0,13.51,90.7,2.92,112.8,98.82,0.0
2020022906,16.9,6.93,18.64,14.12,86.15,3.31,119.7,98.88,0.0
2020022907,139.27,123.27,105.01,16.76,71.79,4.0,127.9,98.96,0.0
2020022908,293.88,164.94,207.71,20.14,56.98,3.89,132.9,99.02,3.58
2020022909,443.67,202.55,282.1,23.27,46.4,4.24,134.6,99.04,8.9
2020022910,609.67,350.21,335.14,24.94,42.42,4.03,132.1,99.03,14.83
2020022911,555.75,260.52,298.96,26.42,39.57,3.73,134.5,98.97,17.68
2020022912,564.25,259.03,301.46,27.19,38.48,3.51,145.3,98.89,18.25
2020022913,484.23,226.84,267.5,26.7,40.57,3.45,151.7,98.82,19.19
2020022914,395.77,205.22,244.33,26.13,42.94,3.57,139.3,98.75,15.56
2020022915,261.7,134.63,187.58,25.67,44.9,3.92,120.8,98.68,9.75
2020022916,122.32,60.06,106.22,23.94,57.32,2.82,109.9,98.68,7.32
2020022917,14.3,1.72,15.83,20.61,71.25,2.85,98.1,98.71,7.02
2020022918,0.0,0.0,0.0,19.68,72.63,3.57,88.9,98.74,2.49
2020022919,0.0,0.0,0.0,19.38,72.85,4.67,85.8,98.79,0.88
2020022920,0.0,0.0,0.0,18.78,75.68,5.05,85.2,98.87,0.3
2020022921,0.0,0.0,0.0,18.1,80.31,5.14,82.1,98.92,0.18
2020022922,0.0,0.0,0.0,17.42,85.35,5.11,77.7,98.95,0.82
2020022923,0.0,0.0,0.0,16.71,90.85,4.82,73.4,98.95,2.71
2020030100,0.0,0.0,0.0,16.27,93.93,4.39,72.6,98.94,6.75
2020030101,0.0,0.0,0.0,16.11,94.52,4.31,79.7,98.91,8.6
2020030102,0.0,0.0,0.0,15.84,95.32,3.97,85.5,98.85,5.27
2020030103,0.0,0.0,0.0,15.54,96.26,3.45,88.5,98.82,3.33
2020030104,0.0,0.0,0.0,15.12,97.44,2.82,92.2,98.83,0.29
2020030105,0.0,0.0,0.0,14.87,97.4,2.59,98.7,98.88,0.03
2020030106,15.57,5.37,18.48,15.17,96.6,2.34,106.4,98.94,0.21
2020030107,144.93,144.36,104.96,16.63,91.71,2.13,115.2,99.03,0.06
2020030108,324.65,319.4,164.97,19.15,78.16,2.28,129.5,99.09,0.0
2020030109,525.03,466.43,208.98,22.85,53.98,3.17,138.8,99.12,0.0
2020030110,660.58,528.49,242.15,25.03,45.31,2.38,145.8,99.11,0.0
2020030111,762.7,626.67,230.94,26.57,40.57,1.3,152.4,99.06,0.0
2020030112,719.08,540.68,262.31,27.48,37.27,0.32,171.1,98.97,0.0
2020030113,689.12,574.36,232.58,28.12,34.13,0.54,319.5,98.88,0.0
2020030114,551.15,481.99,227.3,28.22,32.59,1.07,335.1,98.81,0.0
2020030115,363.38,390.34,169.18,27.64,33.15,1.47,344.6,98.77,0.0
2020030116,169.65,213.75,105.54,26.23,38.6,1.58,350.5,98.78,0.0
2020030117,23.35,14.96,23.03,22.55,52.38,2.04,356.9,98.81,0.0
2020030118,0.0,0.0,0.0,20.7,54.32,2.6,1.3,98.87,0.0
2020030119,0.0,0.0,0.0,19.79,56.07,2.83,3.9,98.94,0.0
2020030120,0.0,0.0,0.0,19.0,57.91,2.88,4.6,98.97,0.0
2020030121,0.0,0.0,0.0,18.2,59.84,2.87,4.0,98.99,0.0
2020030122,0.0,0.0,0.0,17.45,61.78,2.85,2.0,98.98,0.0
2020030123,0.0,0.0,0.0,16.72,64.11,2.87,0.4,98.95,0.0
2020030200,0.0,0.0,0.0,16.07,66.8,2.89,359.8,98.93,0.0
2020030201,0.0,0.0,0.0,15.46,69.8,2.91,0.6,98.89,0.0
2020030202,0.0,0.0,0.0,14.77,73.23,2.8,3.5,98.87,0.0
2020030203,0.0,0.0,0.0,14.16,76.37,2.57,7.4,98.86,0.0
2020030204,0.0,0.0,0.0,14.25,75.95,2.24,10.6,98.89,0.0
2020030205,0.0,0.0,0.0,14.12,76.33,1.9,14.0,98.94,0.0
2020030206,20.08,15.68,20.24,14.93,72.58,1.32,19.0,99.0,0.0
2020030207,171.35,255.2,94.17,17.14,63.15,0.39,32.5,99.08,0.0
2020030208,367.4,451.42,144.72,20.61,51.65,0.57,224.3,99.14,0.0
2020030209,556.42,561.98,186.31,24.7,39.54,1.14,273.0,99.15,0.0
2020030210,699.92,636.33,199.94,26.63,35.93,1.55,277.4,99.11,0.0
2020030211,715.45,498.82,278.99,27.91,33.64,1.78,282.0,99.04,0.0
2020030212,713.53,480.39,292.33,28.7,32.1,1.92,286.9,98.93,0.0
2020030213,617.08,443.43,247.68,29.0,31.36,2.02,293.3,98.83,0.0
2020030214,505.35,404.66,217.57,28.85,31.21,2.02,299.7,98.75,0.0
2020030215,333.62,303.75,173.45,28.18,31.65,1.87,305.0,98.7,0.0
2020030216,157.5,157.0,108.87,26.72,36.93,1.49,313.9,98.69,0.0
2020030217,22.17,7.87,22.7,23.87,47.47,1.57,334.7,98.7,0.0
2020030218,0.0,0.0,0.0,22.07,50.07,2.02,351.2,98.76,0.0
2020030219,0.0,0.0,0.0,20.69,53.11,2.33,0.5,98.83,0.0
2020030220,0.0,0.0,0.0,19.57,55.5,2.54,6.8,98.9,0.0
2020030221,0.0,0.0,0.0,18.68,57.44,2.67,12.5,98.92,0.0
2020030222,0.0,0.0,0.0,17.93,59.14,2.75,18.0,98.92,0.0
2020030223,0.0,0.0,0.0,17.24,60.71,2.8,22.3,98.89,0.0
2020030300,0.0,0.0,0.0,16.62,62.46,2.82,25.4,98.85,0.0
2020030301,0.0,0.0,0.0,16.05,64.4,2.82,27.2,98.82,0.0
2020030302,0.0,0.0,0.0,15.51,66.37,2.75,27.0,98.78,0.0
2020030303,0.0,0.0,0.0,14.94,68.55,2.65,25.5,98.75,0.0
2020030304,0.0,0.0,0.0,14.47,70.28,2.51,23.5,98.75,0.0
2020030305,0.0,0.0,0.0,14.18,71.25,2.26,20.4,98.78,0.0
2020030306,18.92,6.78,19.48,15.03,68.21,1.8,15.1,98.83,0.0
2020030307,163.6,213.69,93.06,18.2,56.62,1.61,2.5,98.9,0.0
2020030308,325.75,287.93,171.44,21.43,47.48,1.14,340.0,98.95,0.0
2020030309,509.27,406.12,223.62,25.8,35.07,1.93,304.4,98.96,0.0
2020030310,644.9,467.97,253.62,27.57,31.37,2.63,293.5,98.93,0.0
2020030311,721.17,490.01,284.14,28.65,29.12,3.07,291.0,98.84,0.0
2020030312,685.12,455.21,266.52,29.34,27.33,3.38,294.3,98.74,0.0
2020030313,650.92,463.38,267.11,29.61,25.94,3.56,299.4,98.63,0.0
2020030314,526.83,433.89,221.06,29.36,25.25,3.5,304.9,98.56,0.0
2020030315,351.33,338.17,171.22,28.48,25.92,3.22,309.6,98.53,0.0
2020030316,182.48,253.48,101.8,26.66,31.8,2.36,317.9,98.53,0.0
2020030317,24.42,15.09,22.36,22.33,46.8,2.32,339.8,98.57,0.0
2020030318,0.0,0.0,0.0,20.38,48.71,2.7,354.7,98.63,0.0
2020030319,0.0,0.0,0.0,19.34,50.52,2.85,4.6,98.7,0.0
2020030320,0.0,0.0,0.0,18.5,52.08,2.9,9.9,98.75,0.0
2020030321,0.0,0.0,0.0,17.78,53.5,2.89,12.0,98.76,0.0
2020030322,0.0,0.0,0.0,17.14,54.81,2.89,13.0,98.75,0.0
2020030323,0.0,0.0,0.0,16.54,56.09,2.88,13.7,98.72,0.0
2020030400,0.0,0.0,0.0,15.96,57.41,2.82,16.9,98.7,0.0
2020030401,0.0,0.0,0.0,15.35,59.04,2.81,20.8,98.65,0.0
2020030402,0.0,0.0,0.0,14.79,60.53,2.79,26.4,98.62,0.0
2020030403,0.0,0.0,0.0,14.33,61.77,2.67,34.9,98.61,0.0
2020030404,0.0,0.0,0.0,14.03,62.7,2.45,45.2,98.63,0.0
2020030405,0.0,0.0,0.0,14.0,62.67,2.17,58.6,98.69,0.0
2020030406,19.12,4.48,18.57,14.84,61.54,1.82,77.6,98.76,0.0
2020030407,148.05,128.55,100.25,18.13,50.47,2.07,101.1,98.82,0.0
2020030408,290.5,183.94,185.82,20.88,43.65,1.95,121.8,98.88,0.06
2020030409,489.42,343.6,238.51,25.27,32.2,2.58,157.7,98.88,0.03
2020030410,632.03,422.17,275.32,27.46,28.67,3.18,173.5,98.85,0.14
2020030411,683.03,402.11,311.52,28.69,27.83,3.41,176.1,98.76,0.26
2020030412,673.6,375.96,324.87,29.57,27.51,3.34,174.2,98.63,0.35
2020030413,578.62,353.13,277.31,29.85,27.6,3.32,172.6,98.51,0.37
2020030414,386.15,180.66,230.76,29.4,28.76,3.2,172.8,98.44,0.24
2020030415,242.0,87.06,182.34,28.09,31.81,3.06,172.1,98.42,0.41
2020030416,119.1,31.94,104.11,26.34,40.69,2.12,170.0,98.45,0.46
2020030417,16.7,0.52,17.48,23.55,53.03,2.12,169.4,98.5,1.26
2020030418,0.0,0.0,0.0,22.11,57.62,2.34,170.9,98.58,2.61
2020030419,0.0,0.0,0.0,21.11,63.32,2.4,173.8,98.67,6.07
2020030420,0.0,0.0,0.0,20.09,69.74,2.38,174.5,98.75,13.98
2020030421,0.0,0.0,0.0,18.94,76.53,2.33,171.1,98.8,22.79
2020030422,0.0,0.0,0.0,18.6,81.1,2.0,159.8,98.81,25.64
2020030423,0.0,0.0,0.0,18.1,85.34,1.8,131.8,98.8,25.09
2020030500,0.0,0.0,0.0,17.29,89.14,2.08,98.8,98.76,19.01
2020030501,0.0,0.0,0.0,16.35,92.56,2.74,79.5,98.71,10.15
2020030502,0.0,0.0,0.0,15.68,95.16,2.94,76.6,98.67,3.62
2020030503,0.0,0.0,0.0,15.08,97.04,2.77,80.6,98.64,1.2
2020030504,0.0,0.0,0.0,14.67,97.86,2.76,85.8,98.64,0.25
2020030505,0.0,0.0,0.0,14.28,98.36,2.68,90.2,98.66,0.05
2020030506,19.52,2.79,22.32,14.68,96.56,3.28,95.1,98.71,0.05
2020030507,123.93,57.0,105.24,16.16,92.38,3.79,100.7,98.77,0.01
2020030508,250.82,112.07,188.68,19.07,78.21,3.94,111.1,98.84,3.24
2020030509,362.3,112.6,248.58,22.93,56.26,4.43,125.3,98.85,6.51
2020030510,540.45,356.32,248.79,25.29,46.67,4.6,139.3,98.81,8.46
2020030511,627.92,300.76,337.26,26.31,43.4,4.77,142.7,98.73,10.71
2020030512,625.75,323.86,303.38,26.72,41.96,4.85,140.6,98.62,10.34
2020030513,625.45,444.34,257.73,26.79,41.21,4.85,137.0,98.52,10.04
2020030514,519.75,336.88,263.23,26.61,41.16,4.58,135.2,98.45,9.49
2020030515,320.05,211.28,207.11,25.83,43.14,4.07,133.6,98.42,9.92
2020030516,151.0,95.71,119.94,24.09,55.26,2.34,127.4,98.43,11.14
2020030517,21.05,1.98,21.97,21.8,68.64,2.14,112.8,98.47,6.26
2020030518,0.0,0.0,0.0,20.75,70.57,2.42,101.7,98.52,6.39
2020030519,0.0,0.0,0.0,19.99,71.47,2.76,96.9,98.6,4.37
2020030520,0.0,0.0,0.0,19.56,71.65,3.65,98.8,98.64,4.98
2020030521,0.0,0.0,0.0,19.08,73.26,5.09,103.9,98.64,5.72
2020030522,0.0,0.0,0.0,18.25,77.01,5.6,107.7,98.63,3.2
2020030523,0.0,0.0,0.0,17.35,80.55,5.49,109.6,98.63,2.38
2020030600,0.0,0.0,0.0,16.44,84.74,4.65,106.3,98.61,2.76
2020030601,0.0,0.0,0.0,15.7,88.44,4.25,98.1,98.55,2.15
2020030602,0.0,0.0,0.0,15.28,89.97,4.18,91.5,98.47,2.96
2020030603,0.0,0.0,0.0,14.95,90.83,4.13,86.9,98.42,2.02
2020030604,0.0,0.0,0.0,14.72,91.44,4.08,84.9,98.41,8.01
2020030605,0.0,0.0,0.0,14.76,90.49,4.13,89.2,98.45,12.51
2020030606,10.95,0.0,11.95,15.23,88.39,4.82,99.9,98.51,105.84
2020030607,94.45,8.67,80.75,15.6,90.19,5.19,96.1,98.59,232.11
2020030608,195.55,47.25,156.8,16.74,88.42,6.2,98.1,98.64,23.98
2020030609,347.48,120.37,221.01,18.91,77.05,7.78,102.4,98.65,8.62
2020030610,503.83,192.1,309.91,21.26,64.62,8.64,113.2,98.62,12.93
2020030611,625.03,288.86,312.81,22.7,59.08,8.88,126.1,98.54,17.05
2020030612,513.05,308.13,240.36,23.33,56.16,8.6,133.3,98.44,8.73
2020030613,451.38,133.6,292.16,23.56,53.26,7.9,138.0,98.38,5.81
2020030614,275.77,8.13,230.19,23.45,52.23,6.23,138.5,98.33,8.33
2020030615,195.68,5.77,167.92,22.61,59.37,3.9,120.5,98.28,22.27
2020030616,104.5,3.73,90.78,20.85,72.97,3.74,105.3,98.23,74.1
2020030617,17.67,0.0,18.27,18.7,86.34,3.98,136.3,98.32,178.47
2020030618,0.0,0.0,0.0,17.69,92.63,3.56,174.8,98.42,106.95
2020030619,0.0,0.0,0.0,16.41,96.13,2.16,213.8,98.44,39.15
2020030620,0.0,0.0,0.0,15.53,97.68,1.59,231.6,98.49,12.77
2020030621,0.0,0.0,0.0,15.75,95.99,1.02,216.2,98.61,12.17
2020030622,0.0,0.0,0.0,15.64,94.01,0.75,203.5,98.69,8.19
2020030623,0.0,0.0,0.0,15.3,93.04,0.6,170.4,98.71,3.42
2020030700,0.0,0.0,0.0,14.71,94.08,0.73,147.8,98.67,1.38
2020030701,0.0,0.0,0.0,13.97,96.22,0.9,151.4,98.65,0.64
2020030702,0.0,0.0,0.0,13.34,97.9,1.23,152.4,98.65,0.12
2020030703,0.0,0.0,0.0,12.86,99.16,1.56,150.5,98.69,0.08
2020030704,0.0,0.0,0.0,12.48,99.98,1.75,144.3,98.75,0.07
2020030705,0.0,0.0,0.0,12.04,100.0,2.0,134.4,98.83,0.22
2020030706,21.58,8.5,22.73,12.94,99.4,2.09,126.4,98.92,0.44
2020030707,129.05,82.82,99.23,15.81,92.34,3.41,123.4,99.01,0.51
2020030708,263.55,131.76,191.13,18.19,76.61,4.01,132.4,99.1,0.11
2020030709,294.55,106.63,200.4,20.53,55.05,4.03,149.9,99.15,0.1
2020030710,344.08,124.53,215.82,22.05,46.04,3.69,165.2,99.16,0.06
2020030711,432.62,71.59,309.82,23.13,41.82,3.41,178.0,99.1,0.07
2020030712,507.05,183.29,300.96,23.9,39.1,3.23,188.4,99.03,0.06
2020030713,482.1,258.62,263.22,24.27,37.74,3.19,197.7,98.96,0.04
2020030714,433.15,245.71,237.24,24.14,37.6,3.06,205.4,98.92,0.02
2020030715,286.48,217.29,171.94,23.55,38.41,2.71,213.1,98.91,0.01
2020030716,150.48,142.78,102.47,22.47,42.24,2.07,222.1,98.94,0.0
2020030717,27.1,7.35,28.37,20.12,52.49,1.21,238.1,98.99,0.0
2020030718,0.0,0.0,0.0,19.32,51.11,0.82,282.0,99.05,0.0
2020030719,0.0,0.0,0.0,18.32,53.78,0.94,332.9,99.14,0.0
2020030720,0.0,0.0,0.0,17.28,56.67,1.23,351.1,99.21,0.0
2020030721,0.0,0.0,0.0,16.44,59.55,1.43,352.0,99.26,0.0
2020030722,0.0,0.0,0.0,15.5,63.24,1.57,352.7,99.27,0.0
2020030723,0.0,0.0,0.0,14.73,66.27,1.61,357.5,99.27,0.0
2020030800,0.0,0.0,0.0,14.21,68.03,1.52,3.8,99.25,0.0
2020030801,0.0,0.0,0.0,13.85,68.91,1.39,12.4,99.22,0.0
2020030802,0.0,0.0,0.0,13.43,70.39,1.36,18.0,99.18,0.0
2020030803,0.0,0.0,0.0,12.98,72.47,1.38,19.1,99.15,0.0
2020030804,0.0,0.0,0.0,12.6,74.41,1.33,18.8,99.16,0.0
2020030805,0.0,0.0,0.0,12.38,75.96,1.16,13.4,99.19,0.0
2020030806,26.25,15.04,27.14,12.89,76.47,0.94,353.9,99.24,0.0
2020030807,159.12,179.72,108.5,15.33,66.41,1.25,324.1,99.3,0.0
2020030808,315.95,312.24,165.22,19.04,53.04,1.62,307.7,99.36,0.0
2020030809,506.62,420.34,228.81,22.19,43.63,2.04,298.7,99.39,0.0
2020030810,752.53,629.55,246.47,23.95,39.54,2.49,294.7,99.38,0.0
2020030811,853.38,780.83,192.15,25.2,35.93,3.06,294.1,99.32,0.0
2020030812,854.2,789.7,186.75,25.94,33.17,3.6,296.4,99.23,0.0
2020030813,775.75,730.89,200.81,26.23,31.47,4.08,300.7,99.14,0.0
2020030814,641.62,713.03,158.16,26.09,30.44,4.36,306.3,99.06,0.0
2020030815,448.48,605.32,137.45,25.23,31.14,4.48,311.7,99.03,0.0
2020030816,230.0,426.98,95.0,23.48,37.53,3.85,315.0,99.03,0.0
2020030817,38.12,67.07,30.01,19.31,53.33,2.86,315.6,99.06,0.0
2020030818,0.0,0.0,0.0,17.12,57.91,3.16,315.9,99.11,0.0
2020030819,0.0,0.0,0.0,16.22,60.33,3.21,316.0,99.17,0.0
2020030820,0.0,0.0,0.0,15.41,62.66,3.28,315.5,99.2,0.0
2020030821,0.0,0.0,0.0,14.74,64.68,3.38,315.2,99.22,0.0
2020030822,0.0,0.0,0.0,14.12,66.73,3.51,315.8,99.21,0.0
2020030823,0.0,0.0,0.0,13.49,69.09,3.59,317.6,99.18,0.0
2020030900,0.0,0.0,0.0,12.84,71.52,3.62,319.7,99.13,0.0
2020030901,0.0,0.0,0.0,12.2,73.99,3.66,321.7,99.07,0.0
2020030902,0.0,0.0,0.0,11.64,76.26,3.75,322.4,99.01,0.0
2020030903,0.0,0.0,0.0,11.14,78.67,3.85,322.8,98.95,0.0
2020030904,0.0,0.0,0.0,10.65,82.12,3.85,322.1,98.93,0.0
2020030905,0.0,0.0,0.0,10.15,87.07,3.76,319.5,98.93,0.0
2020030906,39.58,95.02,29.3,11.12,84.62,4.57,313.9,98.96,0.0
2020030907,243.52,501.34,88.35,13.88,74.2,4.59,302.8,99.01,0.0
2020030908,470.05,686.71,124.09,18.14,58.44,4.98,299.3,99.06,0.0
2020030909,668.7,799.16,134.86,22.05,40.35,7.46,311.9,99.07,0.0
2020030910,812.8,847.38,146.37,23.93,33.3,7.34,308.9,99.06,0.0
2020030911,719.82,479.05,269.84,25.22,29.73,7.11,305.8,99.01,0.0
2020030912,720.51,479.16,270.1,26.11,27.61,6.93,304.2,98.91,0.0
2020030913,808.38,827.86,153.74,26.49,26.61,6.7,303.2,98.82,0.0
2020030914,665.62,779.71,140.75,26.45,26.15,6.27,304.3,98.73,0.0
2020030915,469.3,674.81,125.99,25.78,26.91,5.69,305.9,98.69,0.0
2020030916,242.1,479.74,91.6,24.01,33.49,4.21,306.2,98.68,0.0
2020030917,41.65,90.21,30.77,19.37,48.75,3.04,306.6,98.71,0.0
2020030918,0.0,0.0,0.0,17.09,52.65,3.27,308.2,98.76,0.0
2020030919,0.0,0.0,0.0,16.15,54.39,3.23,310.6,98.84,0.0
2020030920,0.0,0.0,0.0,15.28,55.91,3.19,310.4,98.9,0.0
2020030921,0.0,0.0,0.0,14.43,57.45,3.22,308.7,98.94,0.0
2020030922,0.0,0.0,0.0,13.61,59.07,3.27,309.3,98.94,0.0
2020030923,0.0,0.0,0.0,12.81,60.73,3.32,313.3,98.91,0.0
2020031000,0.0,0.0,0.0,12.09,62.19,3.35,319.6,98.88,0.0
2020031001,0.0,0.0,0.0,11.46,63.52,3.36,326.4,98.82,0.0
2020031002,0.0,0.0,0.0,10.84,64.95,3.36,333.3,98.79,0.0
2020031003,0.0,0.0,0.0,10.25,66.67,3.31,341.0,98.78,0.0
2020031004,0.0,0.0,0.0,9.78,68.16,3.26,349.0,98.8,0.0
2020031005,0.0,0.0,0.0,9.46,69.68,3.2,356.1,98.85,0.0
2020031006,38.85,73.5,29.9,11.08,66.05,2.78,2.7,98.93,0.0
2020031007,228.9,415.78,97.17,15.22,51.89,3.11,12.8,99.01,0.0
2020031008,447.25,597.67,138.88,18.61,45.19,1.63,35.5,99.07,0.0
2020031009,639.28,691.15,168.63,22.75,30.39,1.83,10.1,99.08,0.0
2020031010,779.2,745.47,179.78,24.47,25.89,1.53,344.9,99.03,0.0
2020031011,811.2,629.1,254.38,25.74,23.94,1.72,323.5,98.93,0.0
2020031012,805.4,619.09,245.87,26.61,23.21,2.03,314.4,98.82,0.0
2020031013,651.12,387.27,313.84,27.0,23.19,1.98,305.8,98.7,0.0
2020031014,389.95,285.5,213.84,27.01,23.77,1.79,295.8,98.6,0.02
2020031015,249.88,202.16,146.53,26.55,24.27,1.33,285.3,98.57,0.02
2020031016,114.15,62.31,97.2,25.47,27.66,0.72,252.3,98.56,0.01
2020031017,15.98,2.16,15.99,22.6,39.69,1.02,187.3,98.57,0.0
2020031018,0.0,0.0,0.0,19.56,46.13,2.16,180.3,98.62,0.0
2020031019,0.0,0.0,0.0,18.04,50.78,2.67,185.4,98.71,0.01
2020031020,0.0,0.0,0.0,16.87,55.62,2.75,190.7,98.79,0.01
2020031021,0.0,0.0,0.0,15.6,62.91,2.55,194.3,98.82,0.0
2020031022,0.0,0.0,0.0,14.83,67.6,2.29,196.2,98.83,0.0
2020031023,0.0,0.0,0.0,14.5,68.83,1.8,190.9,98.79,0.01
2020031100,0.0,0.0,0.0,14.83,67.64,1.17,189.9,98.75,0.11
2020031101,0.0,0.0,0.0,15.0,68.83,1.21,236.8,98.74,0.47
2020031102,0.0,0.0,0.0,14.75,71.99,1.63,261.2,98.71,0.56
2020031103,0.0,0.0,0.0,14.31,75.77,1.7,263.3,98.66,0.35
2020031104,0.0,0.0,0.0,13.99,78.42,1.61,279.6,98.64,0.36
2020031105,0.0,0.0,0.0,13.15,82.21,1.6,321.3,98.65,0.7
2020031106,22.75,1.12,23.27,13.63,82.02,1.41,1.2,98.68,1.03
2020031107,127.0,32.54,112.62,15.52,74.14,1.59,74.7,98.73,1.31
2020031108,255.23,95.01,182.56,18.9,58.59,3.39,123.3,98.77,0.27
2020031109,415.92,211.26,238.38,22.05,47.69,4.95,134.8,98.75,0.3
2020031110,584.9,309.55,283.7,24.36,43.98,5.54,139.0,98.69,0.45
2020031111,720.58,456.17,301.0,26.0,43.39,5.58,143.7,98.6,0.62
2020031112,748.25,495.41,291.85,26.64,44.33,5.44,146.0,98.46,0.7
2020031113,666.97,471.31,265.73,26.78,45.19,5.27,145.1,98.34,0.69
2020031114,565.42,445.85,223.94,26.71,45.47,5.27,141.5,98.25,0.62
2020031115,380.38,335.34,192.78,25.92,47.82,5.04,134.6,98.24,0.71
2020031116,185.6,164.91,131.61,24.82,53.84,3.98,121.1,98.25,0.75
2020031117,31.73,10.14,32.01,22.8,61.67,3.7,108.8,98.3,0.68
2020031118,0.0,0.0,0.0,21.81,64.66,4.78,110.6,98.38,0.53
2020031119,0.0,0.0,0.0,21.18,67.03,5.35,115.1,98.49,0.45
2020031120,0.0,0.0,0.0,20.14,71.19,4.81,119.4,98.57,0.24
2020031121,0.0,0.0,0.0,19.19,75.06,3.81,124.9,98.62,0.15
2020031122,0.0,0.0,0.0,18.78,77.09,3.13,125.4,98.63,0.32
2020031123,0.0,0.0,0.0,17.99,81.3,2.89,119.9,98.61,0.41
2020031200,0.0,0.0,0.0,17.53,84.54,3.44,117.7,98.61,0.4
2020031201,0.0,0.0,0.0,16.96,88.38,3.48,122.5,98.61,0.47
2020031202,0.0,0.0,0.0,16.24,92.6,2.72,123.3,98.6,0.57
2020031203,0.0,0.0,0.0,15.56,96.53,2.14,120.3,98.6,0.48
2020031204,0.0,0.0,0.0,15.01,99.68,1.98,116.0,98.64,0.36
2020031205,0.0,0.0,0.0,14.62,100.0,2.02,113.3,98.72,0.23
2020031206,32.58,26.55,31.83,15.56,96.65,2.52,111.0,98.8,0.16
2020031207,154.5,185.88,104.77,17.96,85.34,2.96,113.5,98.9,0.07
2020031208,315.02,168.37,215.18,21.41,64.2,2.62,132.2,98.98,5.3
2020031209,536.5,405.7,250.94,24.25,48.3,3.03,156.5,99.0,9.17
2020031210,681.05,607.52,214.13,26.04,40.36,3.8,163.7,98.94,7.23
2020031211,815.55,584.42,278.19,27.16,36.05,4.52,164.1,98.85,5.54
2020031212,820.22,617.05,274.19,27.93,33.42,5.13,165.4,98.74,4.44
2020031213,686.38,497.13,365.0,28.24,31.4,5.58,169.0,98.64,3.65
2020031214,562.33,375.75,299.36,28.16,30.0,5.72,171.2,98.57,2.87
2020031215,406.9,355.76,213.68,27.52,30.19,5.44,171.8,98.55,1.53
2020031216,208.07,269.41,119.04,26.0,36.15,4.01,170.2,98.57,0.51
2020031217,38.42,37.35,34.74,22.36,52.14,2.58,161.2,98.63,0.45
2020031218,0.0,0.0,0.0,20.79,54.82,2.61,144.1,98.7,0.23
2020031219,0.0,0.0,0.0,20.11,56.07,2.68,125.1,98.77,0.12
2020031220,0.0,0.0,0.0,19.46,57.16,2.8,120.5,98.82,0.07
2020031221,0.0,0.0,0.0,19.13,58.09,2.78,124.3,98.86,0.2
2020031222,0.0,0.0,0.0,18.39,59.49,2.75,128.2,98.85,0.29
2020031223,0.0,0.0,0.0,17.85,60.69,2.55,135.8,98.83,0.2
2020031300,0.0,0.0,0.0,17.45,61.13,2.21,154.5,98.82,0.45
2020031301,0.0,0.0,0.0,17.21,60.3,1.74,192.6,98.82,1.06
2020031302,0.0,0.0,0.0,16.37,62.24,1.55,253.5,98.8,2.15
2020031303,0.0,0.0,0.0,14.87,68.41,1.94,294.7,98.77,3.23
2020031304,0.0,0.0,0.0,13.81,71.49,2.25,309.2,98.79,3.21
2020031305,0.0,0.0,0.0,13.02,73.19,2.35,314.1,98.82,1.9
2020031306,46.47,78.7,36.66,13.84,71.9,2.11,313.5,98.86,1.24
2020031307,246.62,438.69,104.73,16.39,61.05,2.64,308.4,98.92,1.06
2020031308,473.27,613.49,150.92,19.59,48.64,2.38,302.3,98.99,2.46
2020031309,599.17,533.8,226.61,24.59,25.46,2.45,286.1,99.04,1.84
2020031310,807.83,770.81,183.01,26.57,20.77,2.09,260.6,99.05,2.81
2020031311,831.6,589.64,310.66,27.43,19.74,1.74,233.4,99.01,6.85
2020031312,752.38,560.77,263.02,27.93,19.33,1.89,211.6,98.94,6.15
2020031313,695.75,524.86,268.52,28.05,18.76,2.29,204.5,98.86,3.26
2020031314,583.2,510.12,215.47,27.8,18.56,2.37,205.3,98.8,2.17
2020031315,400.08,392.53,186.08,27.03,19.05,2.16,215.0,98.78,1.57
2020031316,199.57,242.5,121.89,25.48,24.23,1.71,231.7,98.8,1.07
2020031317,36.65,17.09,32.87,22.44,36.94,1.63,252.5,98.86,0.77
2020031318,0.0,0.0,0.0,21.09,32.64,1.76,268.0,98.94,0.79
2020031319,0.0,0.0,0.0,19.97,34.26,1.9,286.5,99.03,0.62
2020031320,0.0,0.0,0.0,17.8,42.13,2.41,299.7,99.1,0.4
2020031321,0.0,0.0,0.0,15.32,51.53,3.04,306.0,99.13,0.42
2020031322,0.0,0.0,0.0,13.85,55.07,3.34,310.1,99.12,0.76
2020031323,0.0,0.0,0.0,12.69,57.56,3.68,315.1,99.11,1.44
2020031400,0.0,0.0,0.0,11.6,61.73,3.73,324.3,99.12,3.05
2020031401,0.0,0.0,0.0,10.67,66.9,3.52,340.6,99.12,5.26
2020031402,0.0,0.0,0.0,9.87,73.57,3.21,357.9,99.12,6.21
2020031403,0.0,0.0,0.0,9.3,81.02,2.83,8.5,99.11,5.74
2020031404,0.0,0.0,0.0,9.04,87.55,2.5,13.6,99.12,4.01
2020031405,0.0,0.0,0.0,9.12,94.06,2.33,21.2,99.15,4.81
2020031406,32.6,13.01,30.99,10.9,96.22,1.81,34.0,99.16,3.59
2020031407,153.7,52.54,133.33,14.16,91.28,1.95,52.1,99.2,2.05
2020031408,316.8,37.32,259.73,17.62,78.19,1.3,73.0,99.23,22.33
2020031409,462.48,221.76,273.49,21.83,50.56,1.03,131.4,99.23,11.78
2020031410,580.5,434.12,214.46,24.2,36.53,1.63,192.8,99.2,5.1
2020031411,600.8,272.91,314.85,25.33,31.28,2.15,209.8,99.12,3.97
2020031412,540.42,198.36,320.08,25.84,28.9,2.43,222.7,99.03,3.99
2020031413,444.52,158.18,271.47,25.82,28.14,2.84,236.5,98.93,4.54
2020031414,272.12,132.05,165.09,25.53,27.89,3.07,246.4,98.86,5.4
2020031415,199.48,94.31,138.34,24.63,28.71,3.05,256.7,98.85,2.99
2020031416,120.47,61.01,99.2,22.98,33.97,2.55,269.3,98.89,1.66
2020031417,27.2,4.31,27.04,19.14,54.56,2.35,289.4,98.96,0.38
2020031418,0.0,0.0,0.0,16.98,58.06,2.8,304.8,99.04,0.4
2020031419,0.0,0.0,0.0,16.06,59.88,2.89,314.6,99.12,0.14
2020031420,0.0,0.0,0.0,15.26,61.6,2.84,319.0,99.17,0.05
2020031421,0.0,0.0,0.0,14.5,63.38,2.79,318.8,99.2,0.62
2020031422,0.0,0.0,0.0,13.8,65.11,2.73,318.6,99.19,0.04
2020031423,0.0,0.0,0.0,13.15,66.55,2.66,321.4,99.17,0.14
2020031500,0.0,0.0,0.0,12.51,68.61,2.58,328.2,99.13,0.42
2020031501,0.0,0.0,0.0,11.88,71.47,2.52,337.1,99.06,0.04
2020031502,0.0,0.0,0.0,11.38,73.85,2.45,343.4,99.03,0.0
2020031503,0.0,0.0,0.0,11.09,75.42,2.34,346.9,99.04,0.01
2020031504,0.0,0.0,0.0,11.02,75.67,2.15,348.2,99.08,0.17
2020031505,0.0,0.0,0.0,11.17,74.72,1.94,346.9,99.12,6.61
2020031506,39.3,20.35,38.92,12.49,73.66,1.52,344.0,99.19,9.45
2020031507,197.0,222.45,119.25,15.26,64.24,1.65,325.2,99.3,47.11
2020031508,403.67,387.63,188.7,18.1,55.43,1.18,311.9,99.38,1.29
2020031509,608.42,518.03,228.69,21.41,39.81,0.31,193.1,99.41,0.89
2020031510,738.0,557.18,257.9,22.93,36.0,0.8,172.1,99.41,0.37
2020031511,787.55,569.39,273.76,24.0,33.8,0.76,172.4,99.39,0.3
2020031512,723.08,528.38,256.64,24.63,32.57,0.4,137.0,99.31,0.26
2020031513,682.83,438.57,313.05,24.93,31.91,0.62,60.1,99.22,0.19
2020031514,587.33,470.83,255.72,24.9,31.59,0.99,43.4,99.12,0.02
2020031515,404.33,398.38,193.85,24.49,32.36,1.25,29.6,99.08,0.0
2020031516,207.4,295.14,114.09,23.51,35.41,1.4,14.4,99.09,0.0
2020031517,40.35,36.97,36.77,20.97,47.71,1.39,356.3,99.12,0.0
2020031518,0.0,0.0,0.0,19.15,50.43,1.79,341.8,99.16,0.0
2020031519,0.0,0.0,0.0,18.07,54.36,2.03,331.2,99.2,0.0
2020031520,0.0,0.0,0.0,16.78,59.02,2.38,324.9,99.26,0.0
2020031521,0.0,0.0,0.0,15.66,62.62,2.7,325.0,99.31,0.0
2020031522,0.0,0.0,0.0,14.88,65.18,2.81,327.0,99.3,0.0
2020031523,0.0,0.0,0.0,14.4,67.4,2.76,334.0,99.26,0.0
2020031600,0.0,0.0,0.0,13.72,70.33,2.84,337.4,99.25,0.0
2020031601,0.0,0.0,0.0,13.15,73.17,2.88,343.3,99.2,0.0
2020031602,0.0,0.0,0.0,12.72,75.42,2.8,352.0,99.14,0.0
2020031603,0.0,0.0,0.0,12.32,77.41,2.67,353.1,99.12,0.0
2020031604,0.0,0.0,0.0,11.83,79.49,2.53,354.3,99.11,0.0
2020031605,0.0,0.0,0.0,11.51,80.65,2.39,349.2,99.16,0.0
2020031606,38.9,5.04,35.86,12.95,74.77,2.15,343.2,99.21,0.0
2020031607,168.43,38.65,144.41,15.57,63.33,2.34,330.6,99.29,0.0
2020031608,322.23,96.03,236.16,18.94,53.01,2.28,315.7,99.37,0.0
2020031609,514.4,323.61,273.89,22.97,39.41,3.25,327.2,99.39,0.0
2020031610,672.47,467.72,265.26,24.97,35.13,2.99,321.0,99.35,0.0
2020031611,602.78,127.92,402.5,26.39,32.64,2.72,317.1,99.28,0.0
2020031612,627.12,259.6,355.79,27.33,30.73,2.38,315.3,99.18,0.0
2020031613,576.5,349.4,282.54,27.75,29.7,2.16,321.4,99.08,0.0
2020031614,569.85,403.78,259.77,27.63,29.68,2.1,322.4,99.02,0.0
2020031615,398.27,355.51,195.3,26.99,30.27,2.16,320.6,99.01,0.0
2020031616,211.93,254.22,118.78,25.81,34.17,1.95,319.4,99.03,0.0
2020031617,39.03,25.6,33.39,22.66,49.31,1.81,321.3,99.07,0.0
2020031618,0.0,0.0,0.0,20.46,51.46,2.22,325.7,99.12,0.0
2020031619,0.0,0.0,0.0,19.2,55.26,2.44,327.9,99.19,0.0
2020031620,0.0,0.0,0.0,18.15,58.74,2.59,329.9,99.24,0.0
2020031621,0.0,0.0,0.0,17.24,61.9,2.71,330.4,99.26,0.0
2020031622,0.0,0.0,0.0,16.44,65.21,2.83,329.9,99.25,0.0
2020031623,0.0,0.0,0.0,15.72,68.71,2.95,328.6,99.24,0.0
2020031700,0.0,0.0,0.0,15.12,71.77,3.05,327.3,99.23,0.0
2020031701,0.0,0.0,0.0,14.61,74.34,3.13,326.6,99.21,0.0
2020031702,0.0,0.0,0.0,14.11,76.75,3.12,326.4,99.17,0.0
2020031703,0.0,0.0,0.0,13.62,78.91,3.1,325.8,99.14,0.0
2020031704,0.0,0.0,0.0,13.12,81.01,3.05,325.7,99.15,0.0
2020031705,0.0,0.0,0.0,12.61,83.03,2.96,325.2,99.17,0.0
2020031706,52.35,76.36,39.46,14.32,75.28,2.97,323.5,99.22,0.0
2020031707,236.25,336.84,115.22,17.46,62.88,3.11,317.6,99.28,0.0
2020031708,452.0,506.66,169.42,21.3,51.4,2.63,312.1,99.32,0.0
2020031709,643.15,618.39,190.93,25.45,36.28,4.76,324.1,99.34,0.0
2020031710,781.7,671.64,214.46,27.13,31.71,4.91,321.8,99.33,0.0
2020031711,885.08,810.2,167.72,28.37,28.5,4.99,320.1,99.28,0.0
2020031712,880.53,805.18,168.38,29.2,26.05,5.08,318.6,99.21,0.0
2020031713,802.83,769.64,170.13,29.54,24.26,5.2,317.3,99.14,0.0
2020031714,659.75,715.19,155.83,29.3,23.42,5.13,315.8,99.09,0.0
2020031715,464.4,603.4,141.77,28.44,23.92,4.79,314.0,99.08,0.0
2020031716,242.45,428.61,99.91,26.69,29.44,3.78,312.9,99.1,0.0
2020031717,47.97,91.3,35.0,22.21,45.89,2.67,313.8,99.14,0.0
2020031718,0.0,0.0,0.0,19.67,49.47,2.91,315.8,99.21,0.0
2020031719,0.0,0.0,0.0,18.77,50.97,2.78,318.8,99.27,0.0
2020031720,0.0,0.0,0.0,18.02,51.92,2.68,322.0,99.31,0.0
2020031721,0.0,0.0,0.0,17.38,52.54,2.61,323.9,99.31,0.0
2020031722,0.0,0.0,0.0,16.81,53.05,2.54,324.6,99.28,0.0
2020031723,0.0,0.0,0.0,16.2,54.18,2.52,324.7,99.24,0.0
2020031800,0.0,0.0,0.0,15.46,56.16,2.59,324.4,99.2,0.0
2020031801,0.0,0.0,0.0,14.69,58.6,2.72,323.4,99.15,0.0
2020031802,0.0,0.0,0.0,14.05,60.75,2.8,322.7,99.1,0.0
2020031803,0.0,0.0,0.0,13.54,62.78,2.9,322.6,99.07,0.0
2020031804,0.0,0.0,0.0,13.12,64.53,2.97,322.0,99.07,0.0
2020031805,0.0,0.0,0.0,12.78,66.32,3.01,320.7,99.1,0.0
2020031806,47.72,61.91,36.84,14.71,62.4,2.9,318.6,99.16,0.0
2020031807,209.15,252.87,115.47,18.15,51.14,3.66,315.3,99.21,0.0
2020031808,385.26,352.23,189.31,21.77,44.88,2.83,308.4,99.24,0.0
2020031809,653.92,634.79,187.07,26.34,35.3,4.82,322.7,99.22,0.0
2020031810,792.08,683.05,213.59,28.44,32.43,5.04,320.2,99.19,0.0
2020031811,855.15,689.62,225.65,29.76,30.85,5.03,314.3,99.12,0.0
2020031812,855.62,700.18,219.99,30.56,29.55,5.04,308.1,99.03,0.0
2020031813,781.15,671.52,215.0,30.83,28.65,5.11,303.3,98.94,0.0
2020031814,633.12,592.04,209.74,30.66,28.44,5.23,301.6,98.86,0.0
2020031815,436.83,449.3,190.83,29.92,29.4,5.26,302.9,98.82,0.0
2020031816,223.75,267.69,140.89,28.32,34.37,4.46,305.8,98.82,0.0
2020031817,44.1,20.77,41.46,24.27,48.94,2.85,311.9,98.83,0.0
2020031818,0.0,0.0,0.0,21.68,54.79,3.06,319.4,98.87,0.0
2020031819,0.0,0.0,0.0,20.68,57.84,3.03,327.4,98.93,0.0
2020031820,0.0,0.0,0.0,19.78,60.76,2.95,335.8,98.97,0.0
2020031821,0.0,0.0,0.0,18.95,63.77,2.87,343.2,98.98,0.0
2020031822,0.0,0.0,0.0,18.18,67.06,2.78,348.6,98.96,0.0
2020031823,0.0,0.0,0.0,17.47,70.19,2.67,352.7,98.93,0.0
2020031900,0.0,0.0,0.0,16.79,73.0,2.52,353.9,98.89,0.0
2020031901,0.0,0.0,0.0,16.27,75.0,2.3,350.3,98.85,0.0
2020031902,0.0,0.0,0.0,16.06,75.54,2.0,341.0,98.8,0.0
2020031903,0.0,0.0,0.0,16.01,75.5,1.71,325.5,98.77,0.0
2020031904,0.0,0.0,0.0,15.82,76.17,1.58,305.5,98.78,0.0
2020031905,0.0,0.0,0.0,15.54,77.22,1.59,287.2,98.81,0.0
2020031906,57.17,61.78,48.95,16.66,74.33,1.49,271.2,98.85,0.0
2020031907,248.65,347.05,129.83,19.49,62.39,1.7,253.3,98.92,0.0
2020031908,465.15,526.47,170.31,23.02,51.6,1.56,240.8,98.95,0.0
2020031909,656.4,629.58,191.96,27.46,36.62,2.46,257.8,98.97,0.0
2020031910,796.2,699.47,204.19,29.32,32.01,3.08,265.2,98.94,0.0
2020031911,848.6,666.97,233.75,30.52,29.21,3.58,269.8,98.86,0.0
2020031912,847.08,659.68,246.55,31.2,27.52,3.85,276.1,98.76,0.0
2020031913,771.83,636.84,235.75,31.45,26.58,3.94,285.2,98.64,0.0
2020031914,630.78,579.63,212.63,31.29,26.32,3.89,294.3,98.54,0.0
2020031915,440.65,484.9,174.25,30.54,27.21,3.76,302.6,98.5,0.0
2020031916,227.25,323.07,113.6,29.05,31.32,3.2,313.5,98.5,0.0
2020031917,45.8,49.1,36.68,24.98,48.59,2.34,336.1,98.53,0.0
2020031918,0.0,0.0,0.0,22.53,52.84,2.73,356.4,98.58,0.0
2020031919,0.0,0.0,0.0,21.53,55.72,2.82,12.1,98.66,0.0
2020031920,0.0,0.0,0.0,20.69,58.38,2.82,22.7,98.71,0.0
2020031921,0.0,0.0,0.0,19.9,60.84,2.76,29.3,98.74,0.0
2020031922,0.0,0.0,0.0,19.13,63.34,2.72,34.0,98.75,0.0
2020031923,0.0,0.0,0.0,18.41,66.11,2.67,37.4,98.74,0.0
2020032000,0.0,0.0,0.0,17.75,68.66,2.61,39.9,98.72,0.07
2020032001,0.0,0.0,0.0,17.2,70.81,2.48,43.9,98.67,0.07
2020032002,0.0,0.0,0.0,16.84,71.99,2.26,51.5,98.61,0.07
2020032003,0.0,0.0,0.0,16.71,71.82,2.02,64.5,98.58,0.0
2020032004,0.0,0.0,0.0,16.7,71.22,1.81,79.8,98.6,0.0
2020032005,0.0,0.0,0.0,16.92,69.78,1.45,99.9,98.65,0.0
2020032006,54.85,32.63,46.98,18.03,68.08,1.04,151.2,98.74,0.0
2020032007,229.52,240.94,141.18,19.83,60.63,1.88,195.4,98.85,0.0
2020032008,431.42,378.96,215.62,22.01,55.26,2.26,178.2,98.91,0.0
2020032009,625.78,507.83,254.19,26.72,39.61,2.64,163.0,98.91,0.0
2020032010,723.0,383.24,361.22,29.54,32.2,1.91,165.5,98.88,0.0
2020032011,708.17,283.43,448.59,30.75,29.88,1.25,187.8,98.83,0.0
2020032012,682.35,217.46,424.48,31.35,28.95,0.87,215.7,98.73,0.0
2020032013,648.67,278.92,361.68,31.38,28.91,0.65,251.0,98.64,0.0
2020032014,471.83,120.56,378.42,31.21,29.17,0.65,284.2,98.55,0.0
2020032015,325.12,72.93,252.32,30.68,30.12,0.61,301.6,98.5,0.0
2020032016,164.65,50.49,138.56,29.65,33.93,0.38,340.1,98.48,0.0
2020032017,35.65,6.05,34.21,27.69,42.57,0.58,51.3,98.48,0.0
2020032018,0.0,0.0,0.0,25.56,45.17,1.17,71.1,98.5,0.0
2020032019,0.0,0.0,0.0,24.13,49.68,1.68,79.0,98.55,0.0
2020032020,0.0,0.0,0.0,23.01,52.55,1.96,85.6,98.58,0.0
2020032021,0.0,0.0,0.0,22.28,53.96,2.02,92.6,98.6,0.0
2020032022,0.0,0.0,0.0,21.8,54.6,1.94,101.9,98.61,0.0
2020032023,0.0,0.0,0.0,21.43,55.24,1.77,114.7,98.62,0.0
2020032100,0.0,0.0,0.0,20.95,56.7,1.65,129.1,98.62,0.0
2020032101,0.0,0.0,0.0,20.15,58.29,1.68,140.1,98.59,0.0
2020032102,0.0,0.0,0.0,19.24,60.18,1.74,145.0,98.54,0.0
2020032103,0.0,0.0,0.0,18.46,62.36,1.83,147.7,98.53,0.0
2020032104,0.0,0.0,0.0,17.8,64.33,1.89,151.5,98.55,0.0
2020032105,0.0,0.0,0.0,17.43,65.18,1.8,158.6,98.62,0.0
2020032106,55.25,25.31,49.87,18.71,64.76,1.39,168.8,98.68,0.0
2020032107,221.07,210.73,141.69,21.15,53.46,1.21,186.2,98.75,0.0
2020032108,429.48,385.36,201.58,24.5,44.17,1.05,202.9,98.81,0.0
2020032109,611.6,484.78,240.07,29.09,29.79,0.96,201.5,98.83,0.0
2020032110,716.55,537.34,253.91,30.81,26.56,0.67,176.6,98.81,0.0
2020032111,788.55,433.05,388.83,31.93,24.67,0.72,165.6,98.76,0.0
2020032112,701.75,376.7,356.47,32.56,23.63,0.74,163.5,98.68,0.01
2020032113,617.75,333.79,303.13,32.75,23.14,0.7,166.8,98.6,0.01
2020032114,471.6,255.24,261.88,32.39,23.4,0.39,201.3,98.53,0.01
2020032115,338.08,209.84,210.96,31.68,24.32,0.51,279.1,98.51,0.0
2020032116,178.2,157.54,120.89,30.52,26.67,0.84,309.2,98.51,0.0
2020032117,42.47,33.71,38.66,27.8,38.38,1.07,335.6,98.53,0.0
2020032118,0.0,0.0,0.0,25.57,40.78,1.58,356.7,98.58,0.0
2020032119,0.0,0.0,0.0,23.83,45.59,2.01,11.8,98.65,0.0
2020032120,0.0,0.0,0.0,22.54,50.13,2.18,24.7,98.72,0.0
2020032121,0.0,0.0,0.0,21.64,53.35,2.19,35.4,98.78,0.0
2020032122,0.0,0.0,0.0,21.08,56.36,2.12,42.3,98.81,0.0
2020032123,0.0,0.0,0.0,20.58,58.2,2.02,50.0,98.83,0.0
2020032200,0.0,0.0,0.0,20.05,58.67,1.91,62.0,98.83,0.0
2020032201,0.0,0.0,0.0,19.6,59.35,1.85,74.6,98.81,0.0
2020032202,0.0,0.0,0.0,19.44,59.36,1.69,77.7,98.77,0.0
2020032203,0.0,0.0,0.0,19.35,58.62,1.44,71.8,98.74,0.0
2020032204,0.0,0.0,0.0,18.86,59.59,1.15,58.1,98.76,0.0
2020032205,0.0,0.0,0.0,18.84,59.27,1.05,28.5,98.81,0.0
2020032206,64.32,88.95,46.33,19.2,62.87,1.08,356.3,98.88,0.0
2020032207,253.52,355.82,120.18,21.55,54.1,1.49,339.1,98.94,0.0
2020032208,470.05,526.3,168.3,25.91,40.78,1.63,315.5,98.97,0.0
2020032209,661.15,633.8,186.01,28.96,32.22,2.31,299.2,98.97,0.0
2020032210,800.55,703.67,202.31,30.42,29.22,2.88,292.0,98.95,0.0
2020032211,874.5,725.86,214.4,31.48,26.85,3.51,290.9,98.9,0.0
2020032212,874.95,751.91,193.71,32.19,24.92,4.12,295.3,98.81,0.0
2020032213,799.9,732.77,187.26,32.39,24.1,4.7,303.6,98.73,0.0
2020032214,660.85,692.81,167.63,32.1,23.83,5.04,311.5,98.68,0.0
2020032215,471.17,590.49,148.42,31.22,24.87,5.03,316.4,98.65,0.0
2020032216,246.55,403.22,111.45,29.59,28.78,4.47,320.5,98.67,0.0
2020032217,52.05,59.38,46.25,25.73,42.24,2.86,329.0,98.71,0.0
2020032218,0.0,0.0,0.0,22.87,48.93,3.03,339.4,98.76,0.0
2020032219,0.0,0.0,0.0,21.8,51.55,3.04,345.7,98.85,0.0
2020032220,0.0,0.0,0.0,20.87,53.78,3.02,349.1,98.92,0.0
2020032221,0.0,0.0,0.0,20.01,55.77,2.98,354.0,98.92,0.0
2020032222,0.0,0.0,0.0,19.24,57.43,2.94,1.6,98.89,0.0
2020032223,0.0,0.0,0.0,18.55,58.9,2.95,7.6,98.84,0.0
2020032300,0.0,0.0,0.0,18.1,60.18,2.92,13.7,98.8,0.0
2020032301,0.0,0.0,0.0,17.54,62.07,2.88,16.1,98.75,0.0
2020032302,0.0,0.0,0.0,16.81,65.16,2.8,15.8,98.73,0.0
2020032303,0.0,0.0,0.0,16.19,68.64,2.61,17.9,98.73,0.0
2020032304,0.0,0.0,0.0,15.76,71.02,2.3,22.0,98.77,0.0
2020032305,0.0,0.0,0.0,15.99,69.85,1.7,28.1,98.83,0.0
2020032306,64.75,48.79,55.98,17.65,65.09,0.79,52.7,98.9,0.0
2020032307,252.18,281.68,141.48,19.88,56.52,0.66,157.7,98.96,0.0
2020032308,477.55,521.53,175.31,24.1,43.81,1.01,171.5,99.0,0.0
2020032309,665.75,623.59,201.85,27.92,32.94,0.31,193.1,99.01,0.0
2020032310,800.9,688.01,210.93,29.74,29.68,0.67,276.8,98.97,0.0
2020032311,840.83,611.57,271.35,30.9,27.85,1.3,269.1,98.9,0.0
2020032312,804.22,547.12,281.8,31.66,26.92,2.21,263.5,98.82,0.0
2020032313,683.72,515.55,249.21,32.45,25.92,3.07,263.5,98.73,0.0
2020032314,547.38,313.21,286.12,32.26,26.14,3.58,264.4,98.64,0.0
2020032315,381.45,267.57,224.55,31.41,27.66,4.18,264.5,98.6,0.0
2020032316,188.0,153.17,132.18,29.59,32.78,4.18,264.5,98.62,0.0
2020032317,42.58,10.97,38.9,26.62,43.16,2.94,266.5,98.65,0.0
2020032318,0.0,0.0,0.0,24.71,48.36,2.84,275.7,98.69,0.0
2020032319,0.0,0.0,0.0,23.83,50.85,2.8,290.1,98.76,0.0
2020032320,0.0,0.0,0.0,23.04,53.24,2.79,307.9,98.8,0.0
2020032321,0.0,0.0,0.0,22.25,55.22,2.79,321.4,98.81,0.0
2020032322,0.0,0.0,0.0,21.58,56.96,2.7,336.0,98.79,0.0
2020032323,0.0,0.0,0.0,20.5,59.34,2.7,352.1,98.73,0.0
2020032400,0.0,0.0,0.0,19.69,60.65,2.62,4.6,98.68,0.0
2020032401,0.0,0.0,0.0,19.14,61.04,2.47,13.8,98.64,0.0
2020032402,0.0,0.0,0.0,18.83,60.7,2.21,19.3,98.62,0.0
2020032403,0.0,0.0,0.0,18.98,58.27,1.86,22.8,98.61,0.0
2020032404,0.0,0.0,0.0,19.44,54.62,1.45,26.2,98.63,0.0
2020032405,0.0,0.0,0.0,19.69,52.42,1.05,48.9,98.66,0.0
2020032406,42.35,4.06,35.76,21.06,51.85,0.73,93.1,98.72,0.0
2020032407,162.12,36.4,133.14,22.84,43.16,1.01,145.5,98.79,0.0
2020032408,301.02,84.05,215.01,24.56,40.51,1.34,166.2,98.83,0.0
2020032409,467.23,117.09,314.11,27.79,35.21,1.91,186.0,98.86,0.0
2020032410,567.83,89.78,431.46,30.17,30.53,2.16,200.9,98.83,0.0
2020032411,695.35,226.14,429.75,32.09,27.84,1.89,225.2,98.77,0.0
2020032412,824.5,571.29,288.5,33.33,25.67,2.15,254.1,98.68,0.0
2020032413,664.3,362.59,341.75,32.0,27.27,2.92,270.6,98.6,0.01
2020032414,255.93,27.12,204.36,30.59,30.93,3.46,284.6,98.55,0.02
2020032415,37.47,0.0,32.63,29.81,33.71,3.58,299.4,98.51,0.14
2020032416,110.1,0.92,94.03,29.23,36.28,3.42,315.8,98.5,0.05
2020032417,27.12,1.04,24.65,26.16,48.9,2.42,333.5,98.53,0.51
2020032418,0.0,0.0,0.0,23.62,55.91,2.84,345.7,98.58,2.62
2020032419,0.0,0.0,0.0,23.15,59.33,2.85,352.8,98.66,6.08
2020032420,0.0,0.0,0.0,22.31,63.34,2.7,0.4,98.72,1.82
2020032421,0.0,0.0,0.0,21.56,66.43,2.54,10.6,98.72,0.15
2020032422,0.0,0.0,0.0,20.87,68.29,2.4,14.7,98.72,0.0
2020032423,0.0,0.0,0.0,20.49,68.79,2.13,14.7,98.7,0.0
2020032500,0.0,0.0,0.0,20.39,68.81,1.91,10.0,98.68,0.0
2020032501,0.0,0.0,0.0,19.65,71.34,2.05,1.1,98.67,0.0
2020032502,0.0,0.0,0.0,18.74,74.34,2.28,352.9,98.66,0.0
2020032503,0.0,0.0,0.0,18.27,75.6,2.33,349.6,98.67,0.0
2020032504,0.0,0.0,0.0,17.93,76.26,2.34,347.4,98.69,0.0
2020032505,0.0,0.0,0.0,17.66,76.51,2.33,345.1,98.73,0.0
2020032506,71.62,61.05,56.51,19.75,70.1,2.11,341.7,98.79,0.0
2020032507,248.32,247.35,148.01,22.69,58.17,2.56,337.7,98.86,0.0
2020032508,456.38,397.91,208.14,27.04,44.15,2.62,330.3,98.9,0.0
2020032509,645.65,503.56,242.83,31.08,29.53,4.05,322.1,98.91,0.0
2020032510,784.25,566.61,264.51,32.37,26.5,4.16,317.1,98.88,0.0
2020032511,887.33,682.39,259.67,33.24,25.25,4.4,310.9,98.83,0.0
2020032512,859.65,616.4,311.68,33.67,24.21,4.85,306.6,98.74,0.0
2020032513,796.25,675.7,255.04,33.69,24.25,5.36,304.3,98.65,0.0
2020032514,618.3,434.66,289.54,33.36,24.53,5.65,303.2,98.6,0.0
2020032515,393.1,215.31,262.06,32.38,26.07,5.61,304.6,98.57,0.0
2020032516,194.25,80.31,157.58,30.74,29.96,4.89,311.4,98.56,0.0
2020032517,41.78,6.42,37.45,27.54,40.77,3.08,324.2,98.57,0.0
2020032518,0.0,0.0,0.0,25.15,46.26,3.2,342.4,98.57,0.0
2020032519,0.0,0.0,0.0,24.02,48.58,3.29,349.5,98.63,0.0
2020032520,0.0,0.0,0.0,22.95,52.0,2.97,339.7,98.77,0.0
2020032521,0.0,0.0,0.0,22.82,51.79,3.01,342.0,98.75,0.0
2020032522,0.0,0.0,0.0,22.23,53.56,2.79,331.0,98.76,0.0
2020032523,0.0,0.0,0.0,21.38,56.91,2.57,308.5,98.76,0.0
2020032600,0.0,0.0,0.0,20.69,60.0,2.55,288.8,98.74,0.0
2020032601,0.0,0.0,0.0,20.33,62.77,2.76,281.1,98.69,0.0
2020032602,0.0,0.0,0.0,19.97,67.05,3.04,280.2,98.67,0.0
2020032603,0.0,0.0,0.0,19.7,71.74,3.34,268.6,98.68,0.0
2020032604,0.0,0.0,0.0,19.6,75.53,4.02,250.1,98.74,0.0
2020032605,0.0,0.0,0.0,19.27,78.15,2.76,258.9,98.74,0.0
2020032606,68.15,27.42,62.14,19.9,75.59,3.28,276.5,98.78,0.0
2020032607,212.77,97.84,175.24,21.11,70.32,3.42,290.0,98.84,0.0
2020032608,374.0,147.63,256.32,23.6,59.08,4.11,298.8,98.92,1.15
2020032609,482.95,112.02,334.53,27.0,44.11,5.39,303.0,98.98,1.09
2020032610,492.9,30.47,378.72,28.64,38.45,5.2,307.1,99.0,0.63
2020032611,556.88,35.5,427.37,28.86,37.63,5.09,310.7,98.95,0.74
2020032612,545.35,268.15,363.71,28.7,37.99,5.18,311.8,98.87,1.39
2020032613,404.42,22.79,321.61,29.03,37.32,5.23,309.1,98.79,0.77
2020032614,218.48,8.36,182.15,29.99,35.03,5.32,308.7,98.73,0.02
2020032615,199.75,3.28,173.5,29.65,35.37,5.19,312.3,98.71,0.0
2020032616,98.65,25.11,79.5,28.32,39.22,4.57,322.7,98.71,0.0
2020032617,29.5,3.24,27.18,25.88,48.08,3.26,334.1,98.74,0.0
2020032618,0.0,0.0,0.0,24.41,51.9,3.68,335.9,98.79,0.0
2020032619,0.0,0.0,0.0,23.85,53.23,4.02,334.8,98.87,0.0
2020032620,0.0,0.0,0.0,23.13,55.35,3.64,333.7,98.93,0.0
2020032621,0.0,0.0,0.0,22.24,58.25,2.92,332.5,98.93,0.0
2020032622,0.0,0.0,0.0,21.28,60.77,2.79,329.7,98.92,0.0
2020032623,0.0,0.0,0.0,20.95,61.36,2.9,330.7,98.9,0.0
2020032700,0.0,0.0,0.0,20.68,62.12,3.05,329.0,98.87,0.0
2020032701,0.0,0.0,0.0,20.28,63.78,3.24,323.4,98.83,0.01
2020032702,0.0,0.0,0.0,19.73,66.8,3.98,309.8,98.82,0.18
2020032703,0.0,0.0,0.0,19.05,71.68,4.86,305.5,98.82,0.19
2020032704,0.0,0.0,0.0,18.35,77.45,4.83,306.2,98.87,0.17
2020032705,0.0,0.0,0.0,17.92,82.44,4.85,310.2,98.91,0.49
2020032706,19.17,0.0,16.8,18.53,82.11,5.09,316.0,98.97,2.13
2020032707,58.12,0.0,50.51,20.77,71.8,5.0,322.0,99.02,33.37
2020032708,101.57,0.0,88.22,23.64,57.63,4.64,328.3,99.08,1.48
2020032709,140.27,5.98,117.68,26.01,48.26,3.74,329.7,99.09,1.45
2020032710,209.62,7.49,170.27,27.95,42.86,2.94,308.0,99.1,8.24
2020032711,508.1,0.11,408.41,27.34,45.25,1.74,245.9,99.12,16.41
2020032712,451.67,338.97,304.03,26.88,47.21,1.99,196.6,99.06,1.34
2020032713,354.02,152.82,222.83,26.93,47.66,2.91,163.4,99.01,0.16
2020032714,680.25,724.2,164.4,26.95,47.31,3.68,135.1,98.84,1.27
2020032715,469.8,564.89,158.27,26.99,47.4,3.42,143.6,98.8,5.23
2020032716,236.88,325.56,123.38,26.03,50.54,3.19,157.0,98.82,8.35
2020032717,52.03,60.67,43.62,24.23,61.39,2.27,155.6,98.83,5.03
2020032718,0.0,0.0,0.0,22.11,69.46,2.38,153.5,98.88,2.5
2020032719,0.0,0.0,0.0,21.37,71.8,2.5,154.5,98.95,0.77
2020032720,0.0,0.0,0.0,20.74,73.21,2.53,156.2,99.02,0.22
2020032721,0.0,0.0,0.0,20.08,74.69,2.51,161.4,99.06,0.24
2020032722,0.0,0.0,0.0,19.49,76.37,2.45,173.0,99.07,0.33
2020032723,0.0,0.0,0.0,18.99,78.37,2.28,192.9,99.09,0.31
2020032800,0.0,0.0,0.0,18.49,81.52,2.19,222.4,99.08,0.36
2020032801,0.0,0.0,0.0,17.92,85.86,2.26,250.4,99.07,0.43
2020032802,0.0,0.0,0.0,17.36,90.75,2.2,272.1,99.05,0.18
2020032803,0.0,0.0,0.0,16.58,96.44,2.21,295.5,99.05,0.02
2020032804,0.0,0.0,0.0,16.01,100.0,2.27,317.3,99.09,0.0
2020032805,0.0,0.0,0.0,15.6,100.0,2.39,332.4,99.15,0.0
2020032806,103.62,267.94,54.05,17.52,93.13,3.42,341.1,99.21,0.0
2020032807,319.65,560.55,105.35,20.5,74.11,3.6,341.2,99.28,0.01
2020032808,548.0,735.3,123.39,23.93,51.84,3.47,330.7,99.32,0.0
2020032809,738.08,818.49,133.62,26.52,39.65,3.5,322.1,99.31,0.0
2020032810,873.4,869.32,131.83,28.45,32.47,3.82,319.7,99.26,0.0
2020032811,943.65,911.92,119.64,29.88,27.96,4.19,318.6,99.15,0.0
2020032812,938.95,912.16,119.16,30.73,25.17,4.61,319.0,99.02,0.0
2020032813,862.4,889.66,120.9,31.09,23.3,5.02,317.0,98.9,0.0
2020032814,715.3,814.47,130.43,30.89,22.84,5.27,313.8,98.81,0.0
2020032815,514.9,736.22,113.2,30.14,23.42,5.33,313.1,98.75,0.0
2020032816,287.17,536.21,101.82,28.76,25.6,5.19,313.3,98.73,0.0
2020032817,70.62,183.04,42.11,25.25,36.55,3.38,313.1,98.75,0.0
2020032818,0.0,0.0,0.0,21.99,44.8,3.38,311.5,98.81,0.0
2020032819,0.0,0.0,0.0,21.09,47.12,3.46,311.7,98.88,0.0
2020032820,0.0,0.0,0.0,20.26,49.82,3.49,312.6,98.94,0.0
2020032821,0.0,0.0,0.0,19.57,52.36,3.58,313.9,98.97,0.0
2020032822,0.0,0.0,0.0,18.94,54.75,3.73,317.5,98.97,0.0
2020032823,0.0,0.0,0.0,18.32,57.28,3.87,321.8,98.97,0.0
2020032900,0.0,0.0,0.0,17.72,59.7,3.99,327.3,98.94,0.0
2020032901,0.0,0.0,0.0,17.22,61.51,4.17,333.2,98.9,0.0
2020032902,0.0,0.0,0.0,16.79,63.25,4.25,336.9,98.83,0.0
2020032903,0.0,0.0,0.0,16.31,65.53,4.04,337.8,98.79,0.0
2020032904,0.0,0.0,0.0,15.82,68.13,3.72,335.2,98.78,0.0
2020032905,0.0,0.0,0.0,15.31,71.13,3.39,328.5,98.8,0.0
2020032906,78.55,97.44,60.45,17.33,63.85,4.58,318.4,98.86,0.0
2020032907,245.5,260.13,141.98,20.29,55.01,4.2,303.2,98.92,0.0
2020032908,429.46,356.66,210.76,25.05,40.43,5.63,308.2,98.95,0.0
2020032909,742.9,807.78,137.22,28.21,30.98,7.12,311.8,98.96,0.0
2020032910,874.78,844.6,147.33,29.76,27.37,6.9,306.9,98.93,0.0
2020032911,953.5,927.01,114.86,30.87,24.96,6.76,303.3,98.86,0.0
2020032912,949.85,931.62,112.46,31.53,23.41,6.73,301.8,98.78,0.0
2020032913,872.8,918.59,108.32,31.74,22.54,6.8,302.6,98.69,0.0
2020032914,730.7,878.43,103.26,31.54,22.31,6.83,303.8,98.63,0.0
2020032915,534.75,800.2,97.6,30.9,22.61,6.7,304.9,98.61,0.0
2020032916,304.65,666.58,77.74,29.61,24.57,6.1,306.1,98.63,0.0
2020032917,79.2,263.28,39.05,26.11,34.75,3.66,307.7,98.67,0.0
2020032918,0.0,0.0,0.0,22.71,43.3,3.45,309.5,98.73,0.0
2020032919,0.0,0.0,0.0,21.68,46.2,3.43,312.5,98.8,0.0
2020032920,0.0,0.0,0.0,20.73,49.13,3.39,316.1,98.86,0.0
2020032921,0.0,0.0,0.0,19.82,51.85,3.39,320.6,98.89,0.0
2020032922,0.0,0.0,0.0,19.03,54.4,3.51,325.8,98.9,0.0
2020032923,0.0,0.0,0.0,18.25,57.21,3.61,330.1,98.92,0.0
2020033000,0.0,0.0,0.0,17.44,60.51,3.58,335.1,98.91,0.0
2020033001,0.0,0.0,0.0,16.63,64.25,3.42,342.1,98.86,0.0
2020033002,0.0,0.0,0.0,15.89,68.37,3.18,344.9,98.82,0.0
2020033003,0.0,0.0,0.0,15.34,72.17,2.98,340.8,98.81,0.0
2020033004,0.0,0.0,0.0,14.87,75.79,2.82,333.9,98.82,0.0
2020033005,0.0,0.0,0.0,14.65,77.94,2.76,326.8,98.85,0.0
2020033006,120.35,354.11,57.85,17.15,67.57,3.53,321.1,98.89,0.0
2020033007,343.75,633.21,97.56,19.83,58.31,3.44,311.5,98.93,0.0
2020033008,569.17,783.68,106.99,24.16,43.07,3.86,301.8,98.98,0.0
2020033009,758.1,855.69,119.27,28.0,29.95,5.55,296.5,98.99,0.0
2020033010,891.8,888.24,129.51,29.64,26.66,6.25,294.0,98.98,0.0
2020033011,912.8,704.79,268.43,30.82,24.31,6.73,294.6,98.93,0.0
2020033012,902.35,709.45,257.95,31.68,22.55,7.03,297.2,98.85,0.0
2020033013,861.33,843.95,151.39,32.16,21.11,7.25,301.1,98.77,0.0
2020033014,704.47,744.41,165.79,32.0,20.69,7.11,304.4,98.7,0.0
2020033015,496.95,616.71,156.39,31.08,21.38,6.72,308.1,98.67,0.0
2020033016,273.35,442.87,122.55,29.06,24.75,5.9,314.4,98.67,0.0
2020033017,68.62,135.13,50.1,25.8,33.65,4.14,323.4,98.7,0.0
2020033018,0.0,0.0,0.0,23.6,39.69,4.26,330.2,98.75,0.0
2020033019,0.0,0.0,0.0,22.03,45.46,3.66,335.3,98.81,0.0
2020033020,0.0,0.0,0.0,20.8,50.26,3.09,337.8,98.85,0.0
2020033021,0.0,0.0,0.0,19.76,53.32,2.85,337.3,98.85,0.0
2020033022,0.0,0.0,0.0,18.62,55.99,2.77,335.9,98.82,0.0
2020033023,0.0,0.0,0.0,17.68,57.74,2.83,334.4,98.78,0.0
2020033100,0.0,0.0,0.0,16.96,58.86,2.9,334.1,98.74,0.0
2020033101,0.0,0.0,0.0,16.39,59.82,2.94,334.8,98.69,0.0
2020033102,0.0,0.0,0.0,15.89,60.95,2.99,334.5,98.66,0.0
2020033103,0.0,0.0,0.0,15.44,62.55,2.99,331.0,98.65,0.0
2020033104,0.0,0.0,0.0,15.0,64.74,2.93,325.0,98.68,0.0
2020033105,0.0,0.0,0.0,14.64,67.22,2.86,319.4,98.72,0.0
2020033106,107.35,155.31,86.02,17.27,59.4,3.44,313.8,98.76,0.0
2020033107,295.35,356.89,153.41,20.42,51.05,3.11,300.5,98.82,0.0
2020033108,490.17,435.73,224.75,25.29,39.62,3.19,299.5,98.85,0.0
2020033109,692.05,558.32,270.13,29.6,29.2,3.93,304.5,98.85,0.0
2020033110,820.42,614.2,283.34,31.8,24.87,3.76,288.3,98.81,0.0
2020033111,903.65,717.04,251.54,33.33,22.09,4.09,275.2,98.73,0.0
2020033112,911.08,805.79,214.83,33.85,21.17,4.73,272.1,98.64,0.0
2020033113,713.15,421.46,339.14,32.37,22.92,5.18,276.0,98.57,0.0
2020033114,498.67,156.85,339.28,31.6,24.71,5.49,284.2,98.52,0.0
2020033115,315.8,113.42,231.08,31.06,26.63,5.86,296.8,98.53,0.05
2020033116,175.77,127.88,135.63,29.66,31.5,5.67,316.5,98.56,0.08
2020033117,51.75,51.86,44.84,27.27,39.57,5.65,337.6,98.6,0.06
2020033118,0.0,0.0,0.0,24.99,47.63,5.79,351.4,98.65,0.02
2020033119,0.0,0.0,0.0,23.53,53.8,5.35,358.9,98.71,0.0
2020033120,0.0,0.0,0.0,22.28,59.28,4.7,2.7,98.75,0.0
2020033121,0.0,0.0,0.0,21.07,64.96,3.76,7.6,98.74,0.0
2020033122,0.0,0.0,0.0,19.88,70.9,2.79,14.3,98.71,0.0
2020033123,0.0,0.0,0.0,19.02,75.71,2.33,22.2,98.69,0.0
2020040100,0.0,0.0,0.0,18.53,78.92,2.15,28.6,98.67,5.38
2020040101,0.0,0.0,0.0,18.11,81.91,2.0,33.0,98.63,5.38
2020040102,0.0,0.0,0.0,18.03,81.84,1.76,36.9,98.61,5.38
2020040103,0.0,0.0,0.0,18.17,80.06,1.55,37.7,98.58,0.0
2020040104,0.0,0.0,0.0,18.28,78.24,1.36,35.4,98.58,0.0
2020040105,0.0,0.0,0.0,18.29,77.24,1.23,27.2,98.6,0.0
2020040106,105.93,155.64,80.17,19.56,74.62,1.09,7.9,98.65,0.0
2020040107,305.12,413.9,139.34,21.65,66.43,1.24,336.7,98.72,0.0
2020040108,522.5,569.45,174.48,25.98,49.27,1.2,311.6,98.78,0.0
2020040109,714.22,678.5,186.76,31.35,27.26,1.4,279.9,98.79,0.0
2020040110,855.7,760.53,180.06,33.09,24.54,2.32,274.2,98.75,0.0
2020040111,919.9,781.94,181.36,34.17,23.15,2.94,275.3,98.68,0.0
2020040112,913.38,784.85,177.92,34.73,22.47,3.4,278.5,98.58,0.0
2020040113,834.45,755.16,179.21,34.86,22.54,3.69,283.5,98.47,0.0
2020040114,688.17,693.72,175.93,34.64,22.71,4.0,289.4,98.38,0.0
2020040115,492.25,595.66,152.88,33.94,23.37,4.22,295.1,98.36,0.0
2020040116,270.45,429.56,112.54,32.57,25.68,4.23,302.3,98.37,0.0
2020040117,69.3,129.48,45.49,29.0,36.88,2.97,312.4,98.4,0.0
2020040118,0.0,0.0,0.0,25.92,42.92,3.41,321.8,98.45,0.0
2020040119,0.0,0.0,0.0,25.05,44.1,3.73,327.6,98.51,0.0
2020040120,0.0,0.0,0.0,24.2,46.12,3.98,330.5,98.58,0.0
2020040121,0.0,0.0,0.0,23.27,48.84,4.12,331.3,98.61,0.0
2020040122,0.0,0.0,0.0,22.32,52.02,4.25,331.1,98.6,0.0
2020040123,0.0,0.0,0.0,21.42,55.01,4.42,330.6,98.58,0.0
2020040200,0.0,0.0,0.0,20.58,57.91,4.59,331.1,98.56,0.0
2020040201,0.0,0.0,0.0,19.65,61.54,4.42,331.3,98.54,0.0
2020040202,0.0,0.0,0.0,18.63,65.92,3.84,330.5,98.51,0.0
2020040203,0.0,0.0,0.0,17.75,70.12,3.37,327.3,98.5,0.0
2020040204,0.0,0.0,0.0,17.02,74.17,3.13,320.6,98.5,0.0
2020040205,0.0,0.0,0.0,16.45,77.93,3.08,311.3,98.54,0.0
2020040206,100.98,125.41,77.82,18.11,71.26,4.37,299.6,98.59,0.0
2020040207,280.21,290.75,156.74,21.04,61.01,3.67,282.9,98.67,0.0
2020040208,476.82,407.9,206.92,26.28,41.35,4.31,297.3,98.71,0.0
2020040209,653.97,470.52,258.78,29.32,30.67,4.95,302.6,98.73,0.0
2020040210,764.18,516.71,271.41,30.9,26.96,4.95,301.3,98.71,0.0
2020040211,969.35,936.16,114.74,32.11,24.26,5.11,299.9,98.64,0.0
2020040212,960.15,939.0,109.63,32.82,22.79,5.6,298.7,98.56,0.0
2020040213,870.17,838.65,159.81,32.91,22.25,6.29,299.3,98.48,0.0
2020040214,732.05,853.27,116.42,32.5,22.18,6.85,301.3,98.42,0.0
2020040215,534.75,768.95,106.28,31.54,23.21,7.12,303.9,98.43,0.0
2020040216,300.65,604.62,87.14,30.01,25.71,7.02,306.8,98.48,0.0
2020040217,79.4,206.07,50.1,27.41,32.1,5.19,311.1,98.54,0.0
2020040218,0.0,0.0,0.0,24.09,41.68,3.89,318.0,98.61,0.0
2020040219,0.0,0.0,0.0,23.02,45.11,3.86,324.7,98.7,0.0
2020040220,0.0,0.0,0.0,22.02,48.39,3.7,330.4,98.78,0.0
2020040221,0.0,0.0,0.0,21.04,51.34,3.59,333.9,98.82,0.0
2020040222,0.0,0.0,0.0,20.12,53.94,3.54,335.8,98.82,0.0
2020040223,0.0,0.0,0.0,19.26,56.06,3.56,336.0,98.84,0.0
2020040300,0.0,0.0,0.0,18.5,57.67,3.65,335.4,98.83,0.0
2020040301,0.0,0.0,0.0,17.82,59.03,3.77,333.9,98.82,0.0
2020040302,0.0,0.0,0.0,17.16,60.64,3.7,332.7,98.8,0.0
2020040303,0.0,0.0,0.0,16.46,62.88,3.4,331.8,98.79,0.0
2020040304,0.0,0.0,0.0,15.79,65.46,3.13,329.3,98.79,0.0
2020040305,3.92,3.67,6.0,15.24,68.1,2.95,325.3,98.82,0.0
2020040306,122.5,304.6,64.16,17.51,59.99,4.05,319.9,98.87,0.0
2020040307,341.73,566.53,117.28,20.56,51.11,3.34,309.2,98.92,0.0
2020040308,559.05,746.41,128.5,25.28,34.55,5.68,306.6,98.96,0.0
2020040309,769.17,775.72,189.56,27.54,27.24,6.21,303.2,98.97,0.0
2020040310,904.92,852.31,188.03,29.29,22.9,6.26,300.1,98.93,0.0
2020040311,972.35,834.54,216.72,30.69,20.08,6.34,298.3,98.87,0.0
2020040312,980.38,941.34,128.16,31.71,17.99,6.5,298.2,98.77,0.0
2020040313,890.75,872.19,173.2,32.29,16.77,6.69,299.7,98.68,0.0
2020040314,747.83,837.77,141.75,32.2,16.55,6.83,301.2,98.62,0.0
2020040315,551.5,799.4,105.16,31.45,17.37,6.75,304.4,98.59,0.0
2020040316,317.12,658.99,80.78,30.04,19.34,6.21,307.8,98.6,0.0
2020040317,88.43,281.57,40.75,26.42,29.0,3.65,309.9,98.64,0.0
2020040318,0.0,0.0,0.0,22.45,39.06,3.33,310.7,98.69,0.0
2020040319,0.0,0.0,0.0,21.26,41.97,3.3,310.2,98.76,0.0
2020040320,0.0,0.0,0.0,20.26,44.53,3.25,310.3,98.82,0.0
2020040321,0.0,0.0,0.0,19.37,46.72,3.21,311.6,98.85,0.0
2020040322,0.0,0.0,0.0,18.57,48.53,3.2,314.6,98.86,0.0
2020040323,0.0,0.0,0.0,17.82,50.4,3.18,318.7,98.85,0.0
2020040400,0.0,0.0,0.0,17.1,52.4,3.16,324.7,98.82,0.0
2020040401,0.0,0.0,0.0,16.42,54.78,3.12,331.7,98.78,0.0
2020040402,0.0,0.0,0.0,15.77,57.53,3.06,335.1,98.75,0.0
2020040403,0.0,0.0,0.0,15.21,60.08,2.99,334.5,98.74,0.0
2020040404,0.0,0.0,0.0,14.72,62.85,2.9,330.7,98.74,0.0
2020040405,4.5,2.66,6.71,14.41,65.2,2.79,322.4,98.78,0.0
2020040406,130.65,327.6,70.57,17.56,56.01,2.91,310.0,98.84,0.0
2020040407,359.48,593.19,116.41,20.78,46.82,2.99,293.2,98.91,0.0
2020040408,585.38,731.49,137.39,25.68,34.31,3.58,291.8,98.96,0.0
2020040409,774.58,810.11,150.06,29.72,23.63,5.3,300.1,98.98,0.0
2020040410,907.2,857.64,154.67,31.63,20.55,5.78,298.0,98.97,0.0
2020040411,975.75,897.25,143.56,32.89,19.0,6.06,297.3,98.92,0.0
2020040412,968.08,906.48,134.1,33.61,17.99,6.14,297.4,98.82,0.0
2020040413,886.72,875.62,137.18,33.84,17.44,6.09,297.8,98.72,0.0
2020040414,740.58,835.95,126.89,33.63,17.33,6.07,297.4,98.64,0.0
2020040415,541.12,743.47,120.61,32.92,17.74,5.96,298.1,98.59,0.0
2020040416,309.02,597.71,93.57,31.63,19.39,5.5,300.5,98.59,0.0
2020040417,86.22,231.72,46.33,27.77,30.32,3.27,306.7,98.62,0.0
2020040418,0.0,0.0,0.0,24.02,38.83,3.38,314.8,98.67,0.0
2020040419,0.0,0.0,0.0,22.92,41.41,3.4,322.1,98.73,0.0
2020040420,0.0,0.0,0.0,21.98,43.87,3.36,328.8,98.8,0.0
2020040421,0.0,0.0,0.0,21.1,46.06,3.29,334.2,98.82,0.0
2020040422,0.0,0.0,0.0,20.29,47.94,3.21,338.2,98.81,0.0
2020040423,0.0,0.0,0.0,19.54,49.59,3.11,341.3,98.78,0.0
2020040500,0.0,0.0,0.0,18.85,51.11,3.03,342.9,98.77,0.0
2020040501,0.0,0.0,0.0,18.22,52.48,2.98,346.0,98.75,0.0
2020040502,0.0,0.0,0.0,17.64,53.87,2.92,351.5,98.72,0.0
2020040503,0.0,0.0,0.0,17.15,55.24,2.85,358.0,98.72,0.0
2020040504,0.0,0.0,0.0,16.77,56.52,2.72,2.7,98.74,0.0
2020040505,4.47,0.0,6.95,16.72,57.06,2.48,5.3,98.79,0.0
2020040506,107.45,135.75,77.04,19.73,51.31,1.89,5.5,98.87,0.0
2020040507,293.73,308.29,160.82,22.91,40.61,1.05,0.5,98.93,0.0
2020040508,488.27,430.69,235.03,27.19,32.31,0.23,270.0,98.97,0.0
2020040509,703.25,622.64,218.12,31.62,22.66,1.97,293.0,98.98,0.0
2020040510,800.95,548.64,297.43,33.21,21.4,2.86,291.5,98.98,0.0
2020040511,881.8,633.74,275.42,34.26,21.07,3.17,290.9,98.92,0.0
2020040512,907.28,750.17,216.21,34.92,20.87,3.47,293.1,98.85,0.0
2020040513,842.03,725.1,211.2,35.11,21.02,3.55,296.4,98.76,0.0
2020040514,702.47,717.57,174.29,34.94,21.42,3.34,297.6,98.68,0.0
2020040515,518.92,681.43,127.9,34.34,21.79,2.96,303.2,98.64,0.0
2020040516,296.0,535.17,97.96,33.13,23.49,2.33,316.6,98.62,0.0
2020040517,84.05,218.95,44.82,30.13,37.85,1.52,357.0,98.61,0.0
2020040518,0.0,0.0,0.0,26.79,42.01,2.36,33.1,98.63,0.0
2020040519,0.0,0.0,0.0,25.14,45.02,2.93,46.1,98.68,0.0
2020040520,0.0,0.0,0.0,24.12,46.05,3.1,50.5,98.74,0.0
2020040521,0.0,0.0,0.0,23.14,47.15,3.06,50.6,98.78,0.0
2020040522,0.0,0.0,0.0,22.15,48.25,2.96,50.5,98.79,0.0
2020040523,0.0,0.0,0.0,21.32,48.39,2.91,47.6,98.77,0.0
2020040600,0.0,0.0,0.0,20.56,48.42,2.88,42.6,98.73,0.0
2020040601,0.0,0.0,0.0,19.89,48.61,2.87,37.1,98.68,0.0
2020040602,0.0,0.0,0.0,19.32,49.07,2.87,30.8,98.63,0.0
2020040603,0.0,0.0,0.0,18.89,49.6,2.83,22.9,98.61,0.0
2020040604,0.0,0.0,0.0,18.56,50.36,2.66,6.7,98.64,0.0
2020040605,5.28,4.36,7.82,18.34,51.03,2.54,345.2,98.72,0.0
2020040606,133.12,334.79,61.95,21.1,44.41,2.6,326.6,98.8,0.0
2020040607,356.65,598.1,105.94,24.13,34.36,3.04,310.3,98.87,0.0
2020040608,578.8,737.39,124.77,28.7,27.49,2.59,297.2,98.91,0.0
2020040609,765.58,809.11,140.37,32.37,22.68,2.85,284.6,98.92,0.0
2020040610,898.3,868.38,136.42,33.92,20.93,3.59,282.6,98.89,0.0
2020040611,944.83,812.94,178.85,35.0,19.34,4.21,285.9,98.82,0.0
2020040612,935.15,807.75,185.03,35.64,18.22,4.77,291.7,98.73,0.0
2020040613,855.08,766.51,191.71,35.84,17.49,5.32,297.4,98.63,0.0
2020040614,708.17,727.28,165.73,35.55,17.27,5.75,301.9,98.54,0.0
2020040615,516.47,651.8,140.11,34.78,17.65,5.95,305.8,98.5,0.0
2020040616,289.7,479.43,111.88,33.41,19.04,5.83,309.5,98.48,0.0
2020040617,80.62,166.66,50.47,29.87,27.15,3.85,313.8,98.5,0.0
2020040618,0.0,0.0,0.0,26.23,34.69,3.82,319.9,98.55,0.0
2020040619,0.0,0.0,0.0,25.3,36.39,4.18,325.9,98.63,0.0
2020040620,0.0,0.0,0.0,24.43,38.61,4.46,331.3,98.69,0.0
2020040621,0.0,0.0,0.0,23.45,41.51,4.44,334.6,98.71,0.0
2020040622,0.0,0.0,0.0,22.34,45.08,4.08,335.4,98.69,0.0
2020040623,0.0,0.0,0.0,21.37,48.31,3.74,333.3,98.66,0.0
2020040700,0.0,0.0,0.0,20.58,50.95,3.53,329.4,98.6,0.0
2020040701,0.0,0.0,0.0,19.97,53.01,3.49,326.8,98.54,0.0
2020040702,0.0,0.0,0.0,19.41,54.86,3.37,325.3,98.51,0.0
2020040703,0.0,0.0,0.0,18.86,56.62,3.24,324.1,98.49,0.0
2020040704,0.0,0.0,0.0,18.42,57.98,3.16,322.8,98.49,0.0
2020040705,5.85,0.0,9.25,18.18,58.74,3.13,322.8,98.53,0.0
2020040706,120.47,117.64,94.45,21.0,50.4,3.88,322.3,98.59,0.0
2020040707,324.23,311.09,201.82,24.19,42.11,3.48,318.4,98.63,0.0
2020040708,532.92,458.03,258.42,28.84,31.24,3.19,308.4,98.66,0.0
2020040709,664.5,414.36,331.12,33.04,19.57,4.99,301.4,98.68,0.0
2020040710,891.85,735.68,230.34,34.5,17.75,5.67,305.6,98.67,0.0
2020040711,941.92,720.49,274.1,35.48,17.08,6.03,313.5,98.61,0.0
2020040712,951.83,793.49,207.48,36.02,16.91,6.01,322.2,98.52,0.0
2020040713,837.28,638.69,280.9,36.1,17.24,5.8,329.9,98.42,0.0
2020040714,698.3,635.64,222.8,35.81,17.98,5.48,332.7,98.33,0.0
2020040715,484.55,424.64,227.77,34.94,19.41,5.1,334.1,98.28,0.0
2020040716,265.08,250.08,170.75,33.46,21.86,4.62,338.8,98.28,0.0
2020040717,74.1,42.93,63.48,30.01,32.07,2.98,349.2,98.29,0.0
2020040718,0.0,0.0,0.0,26.54,39.99,3.23,2.1,98.34,0.0
2020040719,0.0,0.0,0.0,25.49,42.0,3.44,10.7,98.41,0.0
2020040720,0.0,0.0,0.0,24.5,44.42,3.5,16.3,98.46,0.0
2020040721,0.0,0.0,0.0,23.59,46.77,3.49,17.5,98.48,0.0
2020040722,0.0,0.0,0.0,22.71,49.38,3.39,16.3,98.48,0.0
2020040723,0.0,0.0,0.0,21.86,52.11,3.18,14.7,98.46,0.0
2020040800,0.0,0.0,0.0,21.06,54.82,2.96,12.9,98.41,0.0
2020040801,0.0,0.0,0.0,20.38,57.21,2.8,9.5,98.37,0.0
2020040802,0.0,0.0,0.0,19.93,58.83,2.76,0.8,98.37,0.0
2020040803,0.0,0.0,0.0,19.67,59.93,2.93,348.8,98.39,0.0
2020040804,0.0,0.0,0.0,19.23,61.62,3.2,337.8,98.43,0.0
2020040805,6.15,0.0,9.7,18.8,63.26,3.44,330.4,98.48,0.0
2020040806,121.72,151.88,85.95,20.39,57.41,4.66,326.1,98.55,0.0
2020040807,336.3,420.26,155.38,23.16,49.01,3.88,321.4,98.62,0.0
2020040808,563.65,599.12,178.49,28.06,33.97,4.04,323.9,98.67,0.0
2020040809,750.5,686.17,200.2,30.93,27.44,3.53,315.1,98.71,0.0
2020040810,880.9,741.31,205.09,32.52,24.98,3.55,296.6,98.72,0.0
2020040811,939.9,756.32,207.9,33.67,23.11,4.02,286.5,98.69,0.0
2020040812,933.15,767.28,200.49,34.36,22.05,4.44,286.9,98.63,0.0
2020040813,855.17,753.28,186.03,34.58,21.88,4.81,293.2,98.55,0.0
2020040814,708.4,695.24,183.86,34.34,22.07,5.19,299.4,98.47,0.0
2020040815,511.92,614.06,149.1,33.46,22.9,5.35,304.9,98.42,0.0
2020040816,287.48,436.92,120.95,32.04,24.57,5.26,310.7,98.41,0.0
2020040817,80.12,127.64,53.25,29.29,30.67,3.83,316.0,98.43,0.0
2020040818,0.0,0.0,0.0,25.75,38.7,3.51,322.4,98.5,0.0
2020040819,0.0,0.0,0.0,24.6,39.14,3.86,327.1,98.57,0.0
2020040820,0.0,0.0,0.0,23.42,40.53,4.04,330.5,98.66,0.0
2020040821,0.0,0.0,0.0,22.26,42.85,4.06,332.4,98.69,0.0
2020040822,0.0,0.0,0.0,21.11,45.9,3.71,333.6,98.68,0.0
2020040823,0.0,0.0,0.0,20.05,48.85,3.39,333.4,98.65,0.0
2020040900,0.0,0.0,0.0,19.26,51.02,3.35,330.9,98.64,0.0
2020040901,0.0,0.0,0.0,18.71,52.57,3.5,328.7,98.62,0.0
2020040902,0.0,0.0,0.0,18.3,54.46,3.46,328.2,98.61,0.0
2020040903,0.0,0.0,0.0,17.76,57.26,3.17,329.2,98.6,0.0
2020040904,0.0,0.0,0.0,17.24,59.89,2.84,329.1,98.59,0.0
2020040905,7.32,3.7,9.24,16.86,61.7,2.63,323.8,98.63,0.0
2020040906,143.23,298.76,75.31,19.31,54.05,3.56,312.4,98.69,0.0
2020040907,370.85,580.63,119.37,22.42,45.76,3.19,295.8,98.75,0.0
2020040908,592.67,710.33,147.36,27.24,32.25,4.11,297.4,98.78,0.0
2020040909,767.62,711.44,211.89,29.68,25.61,4.78,299.9,98.81,0.0
2020040910,858.72,596.74,324.77,31.33,22.61,4.8,300.1,98.79,0.0
2020040911,949.17,763.09,298.19,32.69,20.42,4.79,300.7,98.73,0.0
2020040912,927.97,746.52,328.55,33.71,19.05,4.74,301.0,98.63,0.0
2020040913,820.0,550.47,328.58,34.27,18.3,4.42,301.2,98.51,0.0
2020040914,636.58,370.14,345.12,34.22,18.22,4.22,299.5,98.43,0.0
2020040915,396.0,104.49,304.49,33.12,19.15,4.36,299.3,98.39,0.0
2020040916,234.25,89.69,189.65,31.62,21.92,4.15,299.3,98.41,0.0
2020040917,73.1,27.1,63.22,28.33,32.76,2.85,300.1,98.46,0.0
2020040918,0.0,0.0,0.0,26.08,37.5,3.24,302.7,98.54,0.0
2020040919,0.0,0.0,0.0,25.31,39.09,3.48,304.9,98.62,0.0
2020040920,0.0,0.0,0.0,24.46,41.66,3.43,307.1,98.67,0.0
2020040921,0.0,0.0,0.0,23.83,43.16,3.38,308.3,98.69,0.0
2020040922,0.0,0.0,0.0,23.36,43.69,3.41,310.2,98.68,0.0
2020040923,0.0,0.0,0.0,23.06,43.19,3.59,314.1,98.65,0.0
2020041000,0.0,0.0,0.0,22.76,42.95,3.71,319.1,98.61,0.0
2020041001,0.0,0.0,0.0,22.21,44.1,3.6,324.9,98.58,0.0
2020041002,0.0,0.0,0.0,21.45,46.93,3.31,330.3,98.56,0.0
2020041003,0.0,0.0,0.0,20.63,50.96,2.96,335.9,98.56,0.0
2020041004,0.0,0.0,0.0,19.73,55.26,2.77,338.8,98.59,0.0
2020041005,7.18,0.55,9.22,19.65,57.21,2.47,338.6,98.64,0.0
2020041006,121.95,121.44,96.51,22.32,51.44,1.94,328.7,98.72,0.0
2020041007,318.73,283.9,182.22,25.04,42.91,1.67,299.8,98.79,0.0
2020041008,521.92,412.66,247.12,29.69,31.38,2.46,296.6,98.84,0.0
2020041009,710.03,532.5,271.59,33.43,21.82,4.34,310.0,98.87,0.0
2020041010,842.65,600.28,297.78,34.8,20.04,4.8,311.3,98.86,0.0
2020041011,937.7,705.04,252.54,35.26,19.64,5.14,313.3,98.83,0.0
2020041012,933.62,737.32,223.86,35.01,19.57,5.42,316.1,98.78,0.0
2020041013,852.5,713.4,220.64,35.15,18.88,5.42,318.7,98.73,0.0
2020041014,706.35,662.31,200.29,35.45,17.91,4.91,318.6,98.66,0.0
2020041015,511.5,585.06,163.82,34.97,18.07,4.26,315.8,98.6,0.0
2020041016,288.42,421.93,126.55,34.1,19.37,3.54,313.4,98.57,0.0
2020041017,84.18,147.06,57.96,30.79,33.62,2.03,317.6,98.58,0.0
2020041018,0.0,0.0,0.0,28.21,36.32,2.19,325.6,98.62,0.0
2020041019,0.0,0.0,0.0,27.36,36.26,2.23,333.3,98.69,0.0
2020041020,0.0,0.0,0.0,26.53,37.96,2.3,340.5,98.76,0.0
2020041021,0.0,0.0,0.0,25.66,39.46,2.41,346.8,98.81,0.0
2020041022,0.0,0.0,0.0,24.84,41.44,2.49,349.8,98.83,0.0
2020041023,0.0,0.0,0.0,24.29,43.65,2.42,349.8,98.83,0.0
2020041100,0.0,0.0,0.0,23.96,45.78,2.24,347.1,98.79,0.0
2020041101,0.0,0.0,0.0,23.33,48.52,2.15,343.0,98.77,0.0
2020041102,0.0,0.0,0.0,22.43,52.05,2.2,345.8,98.77,0.0
2020041103,0.0,0.0,0.0,21.59,55.29,2.19,356.3,98.79,0.0
2020041104,0.0,0.0,0.0,21.03,57.38,2.05,6.4,98.85,0.0
2020041105,8.07,1.47,10.27,20.95,56.74,1.71,16.3,98.9,0.0
2020041106,137.35,238.44,81.57,23.02,52.62,1.18,25.7,98.97,0.0
2020041107,353.5,472.13,144.09,25.5,44.18,0.45,32.3,99.04,0.0
2020041108,570.88,617.02,165.33,30.71,30.78,0.6,225.7,99.1,0.0
2020041109,756.33,706.4,183.43,34.76,21.62,1.71,233.3,99.12,0.0
2020041110,883.95,753.39,192.16,36.41,19.37,2.06,249.5,99.09,0.0
2020041111,927.8,698.55,244.63,37.62,17.98,2.51,263.1,99.02,0.0
2020041112,913.38,683.64,255.13,38.25,17.24,3.02,273.0,98.91,0.0
2020041113,839.65,692.06,218.14,38.01,17.2,3.66,283.8,98.78,0.0
2020041114,689.8,612.59,218.51,37.38,17.64,4.5,295.3,98.7,0.0
2020041115,472.98,409.11,227.95,36.74,18.31,5.35,302.4,98.66,0.0
2020041116,263.92,250.98,164.02,35.47,19.96,5.78,308.9,98.65,0.0
2020041117,76.93,50.51,65.49,32.26,27.25,3.89,314.4,98.66,0.0
2020041118,0.0,0.0,0.0,29.13,34.65,3.67,319.4,98.68,0.0
2020041119,0.0,0.0,0.0,28.2,36.46,4.16,324.1,98.71,0.0
2020041120,0.0,0.0,0.0,27.21,38.78,4.35,326.8,98.75,0.0
2020041121,0.0,0.0,0.0,26.12,41.35,4.27,327.1,98.75,0.0
2020041122,0.0,0.0,0.0,25.12,43.72,4.23,325.9,98.75,0.0
2020041123,0.0,0.0,0.0,24.26,46.07,4.25,326.8,98.73,0.0
2020041200,0.0,0.0,0.0,23.48,48.59,4.16,327.3,98.7,0.0
2020041201,0.0,0.0,0.0,22.77,51.21,3.99,324.3,98.66,0.0
2020041202,0.0,0.0,0.0,22.09,53.77,3.6,321.1,98.62,0.0
2020041203,0.0,0.0,0.0,21.45,56.09,3.22,319.0,98.61,0.0
2020041204,0.0,0.0,0.0,20.96,57.88,3.01,316.5,98.64,0.0
2020041205,8.8,0.51,12.2,20.66,59.31,2.74,313.1,98.69,0.0
2020041206,135.98,185.33,100.54,23.1,51.97,3.54,307.6,98.75,0.0
2020041207,348.27,380.85,185.95,25.6,45.81,2.91,293.9,98.79,0.0
2020041208,562.65,554.16,211.28,29.89,35.67,3.57,299.5,98.82,0.0
2020041209,732.42,661.64,299.19,33.2,27.68,5.4,304.1,98.83,0.0
2020041210,877.8,649.42,280.71,34.93,24.4,5.69,300.5,98.79,0.0
2020041211,969.08,820.24,183.86,36.43,21.47,5.69,300.2,98.71,0.0
2020041212,945.58,773.51,216.21,37.57,19.16,5.52,300.8,98.6,0.0
2020041213,862.83,734.11,217.16,38.17,17.66,5.37,301.9,98.47,0.0
2020041214,718.25,693.31,199.84,38.27,16.82,5.5,303.7,98.37,0.0
2020041215,508.08,542.39,203.84,37.63,17.05,5.64,305.7,98.32,0.0
2020041216,285.38,353.98,162.22,36.22,18.25,5.59,307.6,98.32,0.0
2020041217,84.03,89.02,65.93,32.66,25.61,3.7,308.6,98.36,0.0
2020041218,0.0,0.0,0.0,29.12,32.18,3.71,310.1,98.43,0.0
2020041219,0.0,0.0,0.0,28.15,33.12,3.98,310.0,98.51,0.0
2020041220,0.0,0.0,0.0,27.26,34.87,4.03,308.5,98.57,0.0
2020041221,0.0,0.0,0.0,26.29,37.88,3.91,306.4,98.58,0.0
2020041222,0.0,0.0,0.0,25.04,42.67,3.76,306.1,98.58,0.0
2020041223,0.0,0.0,0.0,24.1,47.47,3.53,307.9,98.54,0.0
2020041300,0.0,0.0,0.0,23.37,51.7,3.29,309.4,98.49,0.0
2020041301,0.0,0.0,0.0,22.78,55.08,3.1,309.5,98.45,0.0
2020041302,0.0,0.0,0.0,22.2,58.15,2.8,307.6,98.42,0.0
2020041303,0.0,0.0,0.0,21.64,60.95,2.6,303.4,98.4,0.0
2020041304,0.0,0.0,0.0,21.23,63.2,2.55,297.9,98.44,0.0
2020041305,9.43,1.35,12.01,21.11,64.32,2.47,293.1,98.49,0.0
2020041306,140.4,217.97,88.31,23.9,55.33,3.24,290.2,98.55,0.0
2020041307,352.9,441.16,155.63,26.8,47.7,2.38,284.9,98.6,0.0
2020041308,563.22,558.01,201.2,32.37,33.2,2.99,303.7,98.62,0.0
2020041309,749.6,643.68,225.28,35.43,27.5,3.42,310.5,98.62,0.0
2020041310,852.28,621.83,289.38,37.13,24.7,3.56,309.2,98.57,0.0
2020041311,907.2,603.89,303.63,38.4,22.28,3.95,306.1,98.49,0.0
2020041312,856.72,1083.16,477.8,39.26,20.68,4.45,304.9,98.39,0.0
2020041313,831.83,642.5,275.67,39.64,19.72,4.94,304.9,98.28,0.0
2020041314,655.55,468.59,284.79,39.37,19.55,5.55,305.7,98.19,0.0
2020041315,469.4,364.68,241.68,38.44,20.24,6.09,307.7,98.14,0.0
2020041316,255.23,202.61,174.66,37.41,21.57,6.4,309.9,98.14,0.0
2020041317,74.03,29.18,65.25,34.88,26.84,4.82,312.1,98.19,0.0
2020041318,0.0,0.0,0.0,31.2,35.72,3.8,314.5,98.25,0.0
2020041319,0.0,0.0,0.0,30.04,39.18,3.69,319.0,98.3,0.0
2020041320,0.0,0.0,0.0,29.13,42.15,3.67,325.9,98.34,0.0
2020041321,0.0,0.0,0.0,28.31,44.91,3.63,332.6,98.37,0.0
2020041322,0.0,0.0,0.0,27.33,48.46,3.27,339.6,98.39,0.0
2020041323,0.0,0.0,0.0,26.52,51.58,2.88,346.7,98.38,0.0
2020041400,0.0,0.0,0.0,26.14,53.15,2.55,354.6,98.36,0.0
2020041401,0.0,0.0,0.0,26.32,52.72,2.08,3.6,98.35,0.0
2020041402,0.0,0.0,0.0,26.75,52.02,1.63,15.7,98.35,0.0
2020041403,0.0,0.0,0.0,27.0,51.26,1.25,27.2,98.35,0.0
2020041404,0.0,0.0,0.0,26.9,51.54,0.92,26.6,98.39,0.0
2020041405,7.7,0.0,9.82,26.53,53.61,0.79,359.3,98.45,0.0
2020041406,104.05,8.87,87.27,26.85,53.75,1.0,336.5,98.53,0.0
2020041407,252.4,37.09,212.75,27.52,49.21,1.33,332.3,98.59,0.0
2020041408,426.7,117.49,294.02,29.93,43.0,0.94,323.3,98.63,0.0
2020041409,648.53,462.74,384.27,35.28,29.33,1.05,292.9,98.66,0.0
2020041410,659.47,208.66,397.07,37.7,24.49,1.55,290.0,98.62,0.0
2020041411,674.42,167.3,436.8,39.02,22.12,1.59,282.4,98.55,0.0
2020041412,773.1,335.03,398.03,39.9,20.46,1.76,279.5,98.46,0.0
2020041413,782.25,501.4,308.87,40.26,19.55,1.75,277.6,98.34,0.0
2020041414,612.2,357.53,301.06,40.23,19.1,1.85,273.1,98.26,0.0
2020041415,426.2,256.3,255.09,39.66,19.17,2.06,263.9,98.22,0.0
2020041416,228.75,111.4,187.61,38.57,20.09,2.1,251.4,98.2,0.0
2020041417,71.53,21.12,65.94,35.67,33.14,1.32,240.5,98.23,0.0
2020041418,0.0,0.0,0.0,33.58,33.08,1.33,232.4,98.29,0.0
2020041419,0.0,0.0,0.0,32.61,32.74,1.23,232.6,98.37,0.0
2020041420,0.0,0.0,0.0,31.68,32.12,1.21,247.1,98.44,0.0
2020041421,0.0,0.0,0.0,30.5,32.9,1.33,272.2,98.5,0.0
2020041422,0.0,0.0,0.0,29.07,37.06,1.56,293.8,98.54,0.0
2020041423,0.0,0.0,0.0,28.57,38.23,1.41,318.2,98.56,0.0
2020041500,0.0,0.0,0.0,28.4,37.27,1.12,356.9,98.55,0.0
2020041501,0.0,0.0,0.0,27.89,38.13,1.03,48.6,98.51,0.0
2020041502,0.0,0.0,0.0,27.44,39.83,0.99,95.2,98.5,0.0
2020041503,0.0,0.0,0.0,26.86,40.55,1.12,155.3,98.51,0.0
2020041504,0.0,0.0,0.0,25.59,45.02,1.7,198.9,98.56,0.0
2020041505,9.3,0.0,9.76,24.27,47.96,2.17,227.6,98.62,0.0
2020041506,111.62,13.56,95.1,26.39,42.44,2.05,248.8,98.69,0.0
2020041507,254.73,40.61,213.97,29.23,30.56,2.53,262.3,98.72,0.0
2020041508,413.23,97.41,295.63,33.78,20.29,2.77,278.9,98.74,0.0
2020041509,563.95,124.38,381.37,37.2,14.27,2.9,281.9,98.72,0.0
2020041510,729.1,337.92,408.06,38.73,12.15,2.91,281.1,98.65,0.0
2020041511,863.17,508.74,343.24,39.33,11.35,2.98,282.6,98.55,0.0
2020041512,849.2,460.75,390.02,40.01,10.85,3.03,284.9,98.43,0.0
2020041513,764.0,565.92,254.16,40.41,10.61,3.21,288.5,98.32,0.0
2020041514,670.53,563.38,238.92,40.24,10.67,3.72,290.3,98.21,0.0
2020041515,503.58,520.53,188.1,39.51,11.13,4.14,292.6,98.15,0.0
2020041516,294.2,415.63,136.48,38.17,12.43,4.07,295.9,98.12,0.0
2020041517,94.5,167.64,63.07,34.14,24.86,2.52,301.9,98.12,0.0
2020041518,0.0,0.0,0.0,30.66,30.69,2.87,309.1,98.16,0.0
2020041519,0.0,0.0,0.0,29.47,32.26,2.92,315.4,98.22,0.0
2020041520,0.0,0.0,0.0,28.49,33.92,2.88,320.8,98.26,0.0
2020041521,0.0,0.0,0.0,27.9,34.94,2.64,324.3,98.26,0.0
2020041522,0.0,0.0,0.0,27.22,35.92,2.53,322.5,98.26,0.0
2020041523,0.0,0.0,0.0,26.09,38.12,2.71,318.1,98.27,0.0
2020041600,0.0,0.0,0.0,25.05,39.95,2.91,318.2,98.25,0.0
2020041601,0.0,0.0,0.0,24.17,41.63,3.04,322.1,98.22,0.0
2020041602,0.0,0.0,0.0,23.36,43.8,3.1,331.4,98.19,0.0
2020041603,0.0,0.0,0.0,22.67,46.63,3.07,340.0,98.19,0.0
2020041604,0.0,0.0,0.0,22.08,50.17,2.98,345.2,98.22,0.0
2020041605,11.38,2.9,15.03,21.85,53.18,2.82,348.1,98.27,0.0
2020041606,135.62,139.23,100.82,24.57,46.77,3.87,347.8,98.35,0.0
2020041607,317.1,232.09,224.13,27.51,41.25,3.2,341.6,98.43,0.0
2020041608,524.6,289.39,358.14,33.1,29.07,3.1,338.0,98.48,0.0
2020041609,632.35,273.51,469.33,36.8,21.78,3.31,329.9,98.5,0.0
2020041610,765.92,317.72,464.64,38.26,20.18,3.41,317.6,98.48,0.0
2020041611,866.95,485.86,369.13,39.11,19.29,3.96,309.0,98.41,0.0
2020041612,862.95,459.03,413.62,39.59,18.72,4.71,305.3,98.33,0.0
2020041613,842.03,628.75,265.56,39.84,18.32,5.07,306.1,98.21,0.0
2020041614,698.83,588.05,233.87,39.63,18.23,5.31,306.5,98.1,0.0
2020041615,488.17,412.93,219.59,38.88,18.51,5.54,307.3,98.03,0.0
2020041616,267.62,246.31,177.06,37.74,19.11,5.83,308.2,98.02,0.0
2020041617,84.12,54.43,73.63,34.98,23.52,4.26,311.6,98.08,0.0
2020041618,0.0,0.0,0.0,30.95,30.91,3.61,320.3,98.16,0.0
2020041619,0.0,0.0,0.0,29.57,31.29,3.8,324.2,98.23,0.0
2020041620,0.0,0.0,0.0,28.62,30.68,3.98,327.1,98.28,0.0
2020041621,0.0,0.0,0.0,27.9,29.87,4.18,330.3,98.3,0.0
2020041622,0.0,0.0,0.0,27.07,29.78,4.39,332.6,98.3,0.0
2020041623,0.0,0.0,0.0,26.24,30.49,4.32,334.6,98.28,0.0
2020041700,0.0,0.0,0.0,25.39,32.34,3.74,336.5,98.24,0.0
2020041701,0.0,0.0,0.0,24.73,34.67,3.26,337.3,98.19,0.0
2020041702,0.0,0.0,0.0,24.19,36.89,3.03,338.5,98.15,0.0
2020041703,0.0,0.0,0.0,23.79,39.17,2.92,336.3,98.16,0.0
2020041704,0.0,0.0,0.0,23.58,40.91,2.99,334.5,98.19,0.0
2020041705,7.3,0.0,8.69,23.29,43.46,2.84,335.9,98.23,0.0
2020041706,90.03,13.86,77.0,24.31,41.31,3.41,332.2,98.3,0.0
2020041707,218.02,31.83,177.54,25.63,39.17,2.76,325.8,98.38,0.0
2020041708,352.1,73.68,250.8,28.15,35.4,1.48,327.2,98.44,1.02
2020041709,527.9,259.77,306.65,32.02,24.18,2.02,348.6,98.48,0.14
2020041710,802.78,462.92,347.6,33.88,19.29,1.78,343.0,98.48,0.02
2020041711,964.5,764.32,222.33,35.53,18.06,1.51,309.4,98.43,0.02
2020041712,914.88,658.86,288.83,37.31,16.64,1.61,280.8,98.34,0.0
2020041713,834.12,625.8,260.32,38.1,15.78,1.84,262.8,98.21,0.0
2020041714,695.53,576.87,235.57,38.18,15.43,1.92,254.6,98.09,0.0
2020041715,484.33,430.89,211.82,37.62,15.66,1.9,252.9,98.03,0.0
2020041716,249.07,220.87,162.92,36.59,16.66,1.4,258.4,98.0,0.0
2020041717,75.05,33.52,67.01,34.82,23.68,0.08,0.0,98.0,0.0
2020041718,0.0,0.0,0.0,31.61,30.14,1.52,80.9,98.04,0.0
2020041719,0.0,0.0,0.0,29.23,34.74,2.57,96.9,98.09,0.0
2020041720,0.0,0.0,0.0,27.82,35.48,2.98,111.2,98.16,0.0
2020041721,0.0,0.0,0.0,26.5,36.29,3.1,121.5,98.22,0.0
2020041722,0.0,0.0,0.0,25.48,37.16,3.13,128.0,98.25,0.0
2020041723,0.0,0.0,0.0,24.6,38.51,3.08,131.0,98.27,0.01
2020041800,0.0,0.0,0.0,24.34,40.14,2.81,134.0,98.26,3.76
2020041801,0.0,0.0,0.0,24.08,43.54,2.49,138.4,98.26,3.75
2020041802,0.0,0.0,0.0,23.79,46.32,2.29,134.3,98.26,3.73
2020041803,0.0,0.0,0.0,23.41,47.62,2.29,123.1,98.29,0.0
2020041804,0.0,0.0,0.0,22.39,48.83,2.52,116.9,98.34,0.0
2020041805,11.95,0.0,14.78,21.89,49.49,2.6,114.8,98.41,0.0
2020041806,132.55,107.5,107.84,24.62,40.22,2.96,111.6,98.49,0.0
2020041807,302.77,213.32,207.93,27.58,31.87,3.03,103.8,98.54,0.0
2020041808,529.05,354.6,306.97,32.25,23.21,1.25,104.8,98.57,0.0
2020041809,714.55,429.91,339.6,36.25,17.51,2.17,271.8,98.58,0.0
2020041810,821.65,401.7,428.74,37.58,16.18,2.8,268.2,98.53,0.0
2020041811,844.2,341.32,439.67,38.49,15.49,3.4,264.8,98.46,0.0
2020041812,813.97,401.54,506.09,38.79,15.32,4.02,265.6,98.38,0.0
2020041813,677.47,258.03,407.22,38.13,15.91,4.49,269.7,98.3,0.0
2020041814,513.28,126.2,366.84,37.14,16.92,4.67,276.9,98.24,0.0
2020041815,383.23,134.06,263.5,36.15,18.14,4.67,287.1,98.19,0.05
2020041816,207.75,80.22,173.46,34.74,21.22,3.82,298.0,98.19,0.01
2020041817,66.25,16.85,59.76,32.28,28.49,2.89,309.0,98.22,0.01
2020041818,0.0,0.0,0.0,29.75,33.44,3.18,313.9,98.26,0.02
2020041819,0.0,0.0,0.0,28.24,36.11,3.34,314.8,98.33,0.09
2020041820,0.0,0.0,0.0,27.19,39.15,3.29,314.6,98.38,1.53
2020041821,0.0,0.0,0.0,26.18,43.31,3.15,316.3,98.4,8.68
2020041822,0.0,0.0,0.0,25.34,47.89,3.02,319.3,98.4,16.87
2020041823,0.0,0.0,0.0,24.54,52.86,2.92,323.5,98.39,10.86
2020041900,0.0,0.0,0.0,23.84,56.96,2.85,328.8,98.37,10.77
2020041901,0.0,0.0,0.0,23.33,60.56,2.79,335.0,98.33,11.54
2020041902,0.0,0.0,0.0,22.98,63.24,2.73,340.8,98.32,6.02
2020041903,0.0,0.0,0.0,22.67,64.61,2.7,344.5,98.33,1.02
2020041904,0.0,0.0,0.0,22.19,65.73,2.67,345.9,98.36,3.31
2020041905,13.52,0.0,16.45,22.0,66.35,2.56,344.4,98.41,0.0
2020041906,135.05,44.67,117.75,23.9,57.97,3.51,339.7,98.47,0.0
2020041907,307.85,141.64,240.02,26.38,50.13,3.24,329.6,98.52,0.0
2020041908,502.85,240.94,304.04,31.46,31.71,3.35,314.5,98.56,0.0
2020041909,706.03,373.07,348.12,33.49,27.68,3.16,295.1,98.58,0.0
2020041910,847.78,555.01,344.7,34.85,25.18,3.35,280.7,98.53,0.0
2020041911,921.1,586.54,318.53,35.86,23.1,3.71,273.6,98.45,0.0
2020041912,885.62,503.87,381.52,36.49,21.43,4.07,272.1,98.35,0.0
2020041913,812.17,543.2,330.85,36.78,20.21,4.5,274.6,98.25,0.0
2020041914,707.1,607.21,228.35,36.66,19.64,4.68,281.6,98.17,0.0
2020041915,466.4,432.86,192.64,36.03,19.88,4.72,290.6,98.14,0.0
2020041916,269.4,312.96,142.94,34.88,21.01,4.73,300.8,98.14,0.0
2020041917,92.35,115.83,70.35,32.38,27.38,3.34,311.5,98.17,0.0
2020041918,0.0,0.0,0.0,28.51,38.04,3.05,323.1,98.24,0.0
2020041919,0.0,0.0,0.0,27.39,40.0,3.26,331.8,98.32,0.0
2020041920,0.0,0.0,0.0,26.52,41.81,3.3,337.6,98.38,0.0
2020041921,0.0,0.0,0.0,25.64,43.53,3.24,341.6,98.42,0.0
2020041922,0.0,0.0,0.0,24.78,45.12,3.18,344.7,98.43,0.0
2020041923,0.0,0.0,0.0,24.01,46.31,3.2,346.1,98.44,0.0
2020042000,0.0,0.0,0.0,23.28,47.35,3.27,346.2,98.42,0.02
2020042001,0.0,0.0,0.0,22.61,48.5,3.33,346.6,98.41,0.02
2020042002,0.0,0.0,0.0,21.92,50.33,3.15,351.0,98.38,0.02
2020042003,0.0,0.0,0.0,21.64,51.73,2.85,357.6,98.36,0.0
2020042004,0.0,0.0,0.0,21.61,52.79,2.57,7.8,98.35,0.0
2020042005,12.23,1.62,15.03,21.67,53.74,2.35,26.0,98.33,0.0
2020042006,92.07,54.85,79.35,23.97,46.62,2.8,39.8,98.4,0.0
2020042007,203.7,61.51,159.36,25.38,43.68,1.65,26.6,98.52,0.0
2020042008,190.75,0.0,161.03,26.11,43.85,1.55,320.2,98.58,0.0
2020042009,226.1,0.0,185.68,26.61,43.89,6.22,278.9,98.71,0.0
2020042010,418.25,102.36,268.43,24.61,52.72,9.98,270.9,98.84,0.0
2020042011,619.0,167.09,378.29,22.83,62.29,10.52,261.1,98.92,0.0
2020042012,571.97,106.81,378.76,23.46,57.74,7.53,238.4,98.94,0.0
2020042013,456.92,134.57,283.79,25.35,46.35,4.93,190.3,98.78,0.0
2020042014,371.67,97.01,240.75,28.92,33.91,4.31,164.7,98.6,0.0
2020042015,266.12,117.06,173.57,29.72,31.41,3.39,177.1,98.52,0.0
2020042016,175.2,39.09,152.72,29.33,32.49,2.83,190.4,98.47,0.01
2020042017,59.17,5.35,52.92,27.72,42.49,1.59,197.5,98.46,0.07
2020042018,0.0,0.0,0.0,25.92,48.12,1.7,184.7,98.47,0.25
2020042019,0.0,0.0,0.0,25.28,50.48,1.88,178.8,98.5,0.42
2020042020,0.0,0.0,0.0,24.58,52.61,2.0,186.3,98.54,0.39
2020042021,0.0,0.0,0.0,23.71,54.37,2.1,202.4,98.57,0.28
2020042022,0.0,0.0,0.0,22.98,56.66,2.21,222.4,98.58,0.23
2020042023,0.0,0.0,0.0,22.35,59.73,2.28,239.9,98.56,0.05
2020042100,0.0,0.0,0.0,21.91,62.87,2.27,253.1,98.52,0.01
2020042101,0.0,0.0,0.0,21.5,65.89,2.21,258.2,98.46,0.01
2020042102,0.0,0.0,0.0,21.12,68.61,2.13,261.6,98.44,0.01
2020042103,0.0,0.0,0.0,20.81,71.02,2.04,266.4,98.45,0.01
2020042104,0.0,0.0,0.0,20.5,73.33,1.96,271.8,98.49,0.0
2020042105,14.65,0.85,16.03,20.46,74.4,1.83,273.4,98.56,0.0
2020042106,147.5,138.46,103.81,22.9,65.15,2.17,271.3,98.63,0.02
2020042107,349.62,336.36,174.3,26.67,50.57,1.79,259.1,98.68,0.13
2020042108,561.65,455.75,237.15,29.75,39.74,1.84,251.3,98.72,0.0
2020042109,762.7,607.44,240.28,31.37,35.1,2.14,259.2,98.72,0.0
2020042110,872.03,592.84,309.16,32.65,31.63,2.58,267.8,98.71,0.0
2020042111,900.67,525.82,352.06,33.69,28.8,3.01,274.0,98.65,0.0
2020042112,857.35,483.13,352.01,34.35,27.05,3.16,280.8,98.57,0.0
2020042113,702.42,534.49,273.1,34.8,25.88,3.37,285.7,98.47,0.0
2020042114,619.8,304.1,377.37,34.74,25.18,3.85,286.0,98.37,0.0
2020042115,448.83,226.79,285.25,34.24,25.03,4.39,285.2,98.31,0.0
2020042116,253.88,162.3,191.45,33.25,25.99,4.69,285.2,98.29,0.0
2020042117,87.53,71.71,74.2,31.58,29.94,3.52,285.7,98.31,0.0
2020042118,0.0,0.0,0.0,28.71,38.71,2.7,290.2,98.34,0.0
2020042119,0.0,0.0,0.0,27.84,39.67,2.84,299.3,98.41,0.0
2020042120,0.0,0.0,0.0,27.14,40.17,2.91,310.7,98.47,0.0
2020042121,0.0,0.0,0.0,26.3,41.03,2.99,321.0,98.5,0.0
2020042122,0.0,0.0,0.0,25.23,42.6,3.06,328.9,98.5,0.0
2020042123,0.0,0.0,0.0,23.79,45.52,3.08,335.8,98.48,0.0
2020042200,0.0,0.0,0.0,22.63,48.4,3.0,341.6,98.44,0.0
2020042201,0.0,0.0,0.0,21.73,51.16,2.87,345.9,98.38,0.0
2020042202,0.0,0.0,0.0,20.98,53.8,2.68,351.8,98.35,0.0
2020042203,0.0,0.0,0.0,20.39,55.97,2.53,357.3,98.32,0.0
2020042204,0.0,0.0,0.0,20.01,57.45,2.28,0.5,98.34,0.0
2020042205,17.85,20.52,16.56,20.38,56.43,1.74,2.6,98.38,0.0
2020042206,180.1,354.68,80.87,23.1,49.1,1.23,6.5,98.45,0.0
2020042207,405.02,588.87,121.13,26.06,41.57,0.18,29.4,98.51,0.0
2020042208,622.97,716.01,140.48,30.94,27.14,1.74,284.3,98.57,0.0
2020042209,801.9,782.93,156.44,32.88,22.91,2.48,282.6,98.58,0.0
2020042210,927.33,831.97,153.37,34.36,20.56,2.64,285.4,98.53,0.0
2020042211,949.65,750.88,195.78,35.53,18.88,3.0,292.1,98.46,0.0
2020042212,938.78,712.55,240.26,36.41,17.68,3.36,299.2,98.35,0.0
2020042213,831.97,905.33,310.48,36.85,17.07,3.72,302.9,98.24,0.0
2020042214,664.03,426.64,328.95,36.72,17.02,4.08,302.8,98.14,0.0
2020042215,512.03,531.18,185.47,36.27,17.25,4.31,302.3,98.1,0.0
2020042216,288.95,377.71,148.34,35.31,18.19,4.46,302.1,98.09,0.0
2020042217,96.4,125.3,76.37,32.92,24.03,3.06,304.4,98.13,0.0
2020042218,0.0,0.0,0.0,28.82,34.6,2.85,312.2,98.22,0.0
2020042219,0.0,0.0,0.0,27.56,37.13,2.86,321.8,98.29,0.0
2020042220,0.0,0.0,0.0,27.04,38.83,2.75,333.0,98.34,0.0
2020042221,0.0,0.0,0.0,26.2,40.71,2.7,343.2,98.36,0.0
2020042222,0.0,0.0,0.0,25.41,42.32,2.6,351.2,98.35,0.0
2020042223,0.0,0.0,0.0,24.99,43.14,2.42,359.5,98.33,0.0
2020042300,0.0,0.0,0.0,24.83,43.78,2.25,6.9,98.3,1.36
2020042301,0.0,0.0,0.0,24.73,44.83,2.11,12.9,98.27,1.36
2020042302,0.0,0.0,0.0,24.88,45.07,1.83,10.1,98.25,1.36
2020042303,0.0,0.0,0.0,25.22,44.27,1.36,340.6,98.26,0.0
2020042304,0.0,0.0,0.0,25.03,44.44,1.12,285.5,98.29,0.0
2020042305,13.57,0.58,16.69,24.12,48.55,1.48,246.5,98.32,0.04
2020042306,133.82,62.54,118.81,25.04,46.98,2.13,245.0,98.4,0.16
2020042307,301.45,191.49,200.66,26.18,41.09,3.02,245.6,98.48,0.19
2020042308,470.05,278.64,249.89,28.13,35.34,2.45,237.2,98.51,0.0
2020042309,609.72,235.44,364.78,30.76,28.64,2.07,233.2,98.51,0.0
2020042310,703.83,252.88,397.39,33.0,23.79,2.36,239.2,98.49,0.01
2020042311,713.75,368.24,308.42,34.26,21.64,3.66,251.0,98.46,0.01
2020042312,357.98,98.77,221.92,34.82,20.96,5.42,240.5,98.37,0.01
2020042313,315.95,34.31,243.8,34.4,22.12,5.96,230.4,98.25,0.0
2020042314,327.7,73.12,233.45,33.99,23.73,5.81,228.1,98.17,0.0
2020042315,271.35,148.79,189.78,33.84,24.57,5.98,228.1,98.11,0.0
2020042316,170.05,65.36,143.46,33.05,25.82,5.99,228.7,98.08,0.0
2020042317,66.45,28.34,59.16,31.2,29.35,4.84,226.8,98.07,0.0
2020042318,0.0,0.0,0.0,27.72,37.93,3.51,222.9,98.1,0.0
2020042319,0.0,0.0,0.0,26.93,40.02,3.38,221.3,98.17,0.0
2020042320,0.0,0.0,0.0,26.29,41.72,3.24,221.9,98.24,0.0
2020042321,0.0,0.0,0.0,25.46,43.69,3.15,224.1,98.25,0.0
2020042322,0.0,0.0,0.0,24.75,45.42,3.01,227.4,98.25,0.0
2020042323,0.0,0.0,0.0,24.19,46.85,2.79,232.0,98.22,0.0
2020042400,0.0,0.0,0.0,23.94,47.28,2.42,236.3,98.18,0.03
2020042401,0.0,0.0,0.0,24.25,46.6,1.9,238.3,98.14,0.03
2020042402,0.0,0.0,0.0,24.58,45.72,1.3,230.3,98.1,0.03
2020042403,0.0,0.0,0.0,24.31,46.36,1.02,195.4,98.1,0.0
2020042404,0.0,0.0,0.0,23.15,49.18,1.46,170.2,98.13,0.0
2020042405,18.55,8.21,18.1,22.06,52.64,2.0,167.0,98.21,0.0
2020042406,170.25,243.99,96.74,24.59,45.07,3.15,168.7,98.29,0.0
2020042407,378.83,425.96,159.65,27.8,36.98,3.69,173.3,98.37,0.0
2020042408,591.88,553.76,203.54,31.74,29.19,3.23,189.4,98.4,0.0
2020042409,769.83,638.56,219.99,34.32,24.65,2.31,206.2,98.4,0.0
2020042410,895.53,686.59,231.21,35.9,22.13,1.89,220.7,98.36,0.01
2020042411,973.3,831.71,160.89,37.03,20.58,1.76,235.4,98.26,0.02
2020042412,961.25,805.02,178.28,37.82,19.58,1.68,253.4,98.14,0.0
2020042413,855.45,717.29,213.38,38.19,18.96,1.69,274.1,98.03,0.02
2020042414,696.65,625.91,211.23,38.27,18.53,1.98,291.9,97.93,0.01
2020042415,525.08,605.55,149.68,37.85,18.68,2.33,302.2,97.86,0.01
2020042416,306.77,457.96,123.05,36.91,19.46,2.51,309.5,97.85,0.0
2020042417,108.85,209.0,65.51,34.74,26.87,1.76,319.6,97.88,0.0
2020042418,0.0,0.0,0.0,31.67,32.81,1.99,336.9,97.94,0.0
2020042419,0.0,0.0,0.0,30.72,32.4,2.07,349.4,98.02,0.0
2020042420,0.0,0.0,0.0,30.16,31.99,1.99,355.7,98.08,0.0
2020042421,0.0,0.0,0.0,29.85,31.75,1.81,358.1,98.11,0.0
2020042422,0.0,0.0,0.0,29.56,31.19,1.7,3.0,98.1,0.0
2020042423,0.0,0.0,0.0,28.98,31.66,1.71,13.1,98.07,0.0
2020042500,0.0,0.0,0.0,28.13,32.22,1.81,25.2,98.04,0.26
2020042501,0.0,0.0,0.0,27.08,33.12,1.96,37.7,98.01,0.26
2020042502,0.0,0.0,0.0,26.44,33.85,1.92,49.4,98.01,0.26
2020042503,0.0,0.0,0.0,26.16,33.73,1.65,63.7,98.03,0.0
2020042504,0.0,0.0,0.0,25.7,34.11,1.46,88.8,98.08,0.0
2020042505,12.8,0.0,14.09,24.9,36.64,1.62,116.4,98.14,0.0
2020042506,107.47,9.66,92.58,26.64,33.29,2.25,132.5,98.19,0.02
2020042507,231.27,24.49,191.18,29.31,27.32,2.65,143.1,98.25,0.0
2020042508,382.0,83.01,273.49,33.85,22.67,2.65,174.6,98.28,0.13
2020042509,514.25,146.57,334.9,35.66,21.69,2.51,179.3,98.29,0.01
2020042510,695.92,231.56,407.5,37.01,20.66,2.07,187.0,98.27,0.0
2020042511,841.7,429.68,387.31,38.01,19.81,1.56,199.8,98.21,0.0
2020042512,793.95,422.32,377.48,37.75,20.15,1.06,213.1,98.13,0.0
2020042513,770.58,448.91,356.44,37.4,20.59,0.74,219.5,98.05,0.0
2020042514,660.75,456.17,288.24,37.15,21.16,0.71,197.2,97.99,0.02
2020042515,498.52,478.48,198.44,36.73,22.14,1.03,182.2,97.95,0.07
2020042516,291.12,374.24,139.82,35.99,23.58,1.28,184.5,97.96,0.15
2020042517,103.1,166.3,67.79,34.65,27.66,1.1,194.8,98.0,0.35
2020042518,0.0,0.0,0.0,33.12,34.54,0.86,201.2,98.07,0.73
2020042519,0.0,0.0,0.0,32.66,34.21,0.65,199.0,98.16,0.18
2020042520,0.0,0.0,0.0,32.05,37.46,0.53,187.5,98.22,0.03
2020042521,0.0,0.0,0.0,31.16,38.65,0.64,176.4,98.24,0.0
2020042522,0.0,0.0,0.0,30.13,38.77,0.92,173.1,98.25,0.0
2020042523,0.0,0.0,0.0,29.0,40.4,1.27,174.1,98.24,0.0
2020042600,0.0,0.0,0.0,27.67,42.97,1.64,170.2,98.22,0.0
2020042601,0.0,0.0,0.0,26.41,45.26,2.03,163.7,98.2,0.0
2020042602,0.0,0.0,0.0,25.44,46.41,2.35,157.8,98.21,0.0
2020042603,0.0,0.0,0.0,24.74,46.8,2.56,153.5,98.24,0.0
2020042604,0.0,0.0,0.0,24.19,46.93,2.68,150.8,98.28,0.0
2020042605,14.62,4.96,16.77,24.18,45.86,2.85,148.2,98.36,0.0
2020042606,111.82,63.13,91.52,26.6,39.08,4.46,146.8,98.45,0.0
2020042607,240.12,87.21,186.05,30.18,31.47,4.99,149.1,98.52,0.0
2020042608,365.85,39.83,297.96,33.91,25.44,5.78,156.9,98.56,0.01
2020042609,529.45,213.45,302.92,35.7,23.09,5.09,163.7,98.56,0.02
2020042610,611.33,331.79,299.17,37.06,21.45,4.53,173.9,98.52,0.08
2020042611,590.4,161.67,333.38,37.9,20.55,4.13,186.7,98.44,0.5
2020042612,502.92,306.24,216.92,38.48,20.06,3.83,201.5,98.35,9.11
2020042613,435.1,103.29,282.98,38.38,20.54,3.55,218.1,98.26,37.93
2020042614,222.5,92.92,137.9,37.04,23.83,2.43,230.3,98.18,112.1
2020042615,223.3,100.58,149.36,35.29,31.18,0.65,249.3,98.15,110.33
2020042616,180.07,122.78,135.38,34.56,36.28,1.2,58.3,98.14,9.39
2020042617,69.05,59.92,55.11,32.32,42.06,2.81,70.7,98.15,2.19
2020042618,2.7,0.0,4.2,28.22,61.21,4.03,81.0,98.21,0.77
2020042619,0.0,0.0,0.0,26.93,57.62,6.11,86.5,98.29,0.31
2020042620,0.0,0.0,0.0,25.75,61.0,6.11,92.1,98.4,0.12
2020042621,0.0,0.0,0.0,25.06,63.45,5.3,100.1,98.47,0.17
2020042622,0.0,0.0,0.0,24.19,66.18,4.63,106.7,98.5,0.84
2020042623,0.0,0.0,0.0,23.5,68.29,4.54,110.9,98.5,0.75
2020042700,0.0,0.0,0.0,22.92,70.32,4.51,113.0,98.48,0.33
2020042701,0.0,0.0,0.0,22.39,72.5,4.48,114.5,98.48,0.19
2020042702,0.0,0.0,0.0,21.87,75.09,4.49,114.7,98.49,0.0
2020042703,0.0,0.0,0.0,21.31,78.16,4.4,113.7,98.52,0.02
2020042704,0.0,0.0,0.0,20.77,81.43,4.35,113.0,98.6,0.07
2020042705,19.75,12.75,20.05,20.59,82.87,4.67,113.3,98.7,0.07
2020042706,166.45,238.45,94.35,22.26,74.73,5.36,116.1,98.81,0.05
2020042707,368.75,397.81,161.94,25.57,59.87,6.29,123.9,98.9,11.64
2020042708,585.65,546.28,199.1,28.75,47.21,6.78,132.0,98.95,0.39
2020042709,760.9,642.98,211.07,31.23,38.85,6.36,135.6,98.96,2.56
2020042710,885.67,698.77,221.04,33.12,33.72,5.7,137.9,98.92,6.13
2020042711,931.88,699.1,235.51,34.46,30.78,4.95,139.8,98.84,7.64
2020042712,887.6,600.67,286.95,35.33,29.0,4.11,141.4,98.74,4.97
2020042713,808.38,578.4,265.3,35.75,27.85,3.08,141.6,98.63,1.63
2020042714,681.17,586.24,216.49,35.61,27.45,2.0,133.2,98.54,1.06
2020042715,492.83,516.32,170.38,35.05,27.58,1.57,101.4,98.48,1.11
2020042716,284.58,374.43,131.18,33.56,29.98,2.21,75.3,98.47,0.15
2020042717,93.75,152.64,63.04,31.76,37.49,2.63,69.8,98.51,0.1
2020042718,3.15,0.81,4.74,29.65,42.81,3.92,73.0,98.57,0.3
2020042719,0.0,0.0,0.0,28.15,46.56,5.34,78.5,98.65,0.2
2020042720,0.0,0.0,0.0,26.88,51.47,5.71,83.7,98.73,0.01
2020042721,0.0,0.0,0.0,25.86,55.82,5.48,89.1,98.77,0.4
2020042722,0.0,0.0,0.0,25.03,59.54,5.11,94.4,98.8,0.88
2020042723,0.0,0.0,0.0,24.36,62.48,4.67,99.6,98.78,0.76
2020042800,0.0,0.0,0.0,23.78,64.84,4.21,103.9,98.77,1.82
2020042801,0.0,0.0,0.0,23.2,67.3,3.84,106.8,98.75,2.57
2020042802,0.0,0.0,0.0,22.71,69.43,3.48,109.0,98.75,2.39
2020042803,0.0,0.0,0.0,22.19,71.8,2.94,109.1,98.78,0.16
2020042804,0.0,0.0,0.0,21.73,73.95,2.57,109.3,98.83,0.03
2020042805,20.02,5.35,22.88,21.83,73.6,2.81,109.3,98.9,0.01
2020042806,149.43,106.08,116.91,23.75,66.11,3.57,108.8,98.98,0.2
2020042807,317.08,181.63,226.24,27.54,50.06,3.48,127.2,99.03,0.09
2020042808,528.58,226.15,352.4,30.91,36.86,3.39,146.5,99.05,0.02
2020042809,748.12,585.85,236.5,32.45,33.54,2.45,150.7,99.03,0.18
2020042810,867.25,630.42,255.36,33.58,31.88,1.67,156.7,98.95,0.49
2020042811,851.33,478.63,314.52,34.36,31.01,0.98,174.1,98.84,0.51
2020042812,827.05,433.78,360.01,34.85,30.56,0.59,238.2,98.72,0.58
2020042813,613.45,364.82,254.57,35.03,30.61,1.06,295.6,98.59,0.58
2020042814,593.03,342.07,286.4,34.96,30.78,1.61,311.2,98.49,0.29
2020042815,441.1,328.15,216.37,34.57,31.29,2.0,317.8,98.43,0.1
2020042816,243.3,195.25,155.48,33.77,32.53,2.29,324.8,98.41,0.05
2020042817,80.2,52.72,65.3,32.45,35.8,2.09,335.4,98.43,0.0
2020042818,3.17,0.0,5.0,29.9,47.73,1.52,358.9,98.48,0.0
2020042819,0.0,0.0,0.0,28.91,50.29,1.54,20.1,98.52,0.0
2020042820,0.0,0.0,0.0,28.28,51.57,1.5,37.4,98.56,0.0
2020042821,0.0,0.0,0.0,27.82,51.93,1.4,47.9,98.57,0.0
2020042822,0.0,0.0,0.0,27.48,52.12,1.22,53.7,98.55,0.0
2020042823,0.0,0.0,0.0,27.18,52.16,0.99,52.0,98.53,0.0
2020042900,0.0,0.0,0.0,26.81,52.66,0.73,45.6,98.48,0.0
2020042901,0.0,0.0,0.0,26.55,53.77,0.45,27.7,98.45,0.0
2020042902,0.0,0.0,0.0,26.2,54.15,0.13,321.3,98.43,0.0
2020042903,0.0,0.0,0.0,25.48,54.75,0.4,209.7,98.45,0.0
2020042904,0.0,0.0,0.0,24.67,56.27,0.8,195.3,98.48,0.0
2020042905,21.42,3.35,23.84,24.0,59.29,1.23,188.9,98.56,0.0
2020042906,151.35,72.74,126.67,25.83,54.62,2.04,187.1,98.64,0.0
2020042907,329.7,133.4,247.47,29.5,42.63,2.5,176.1,98.71,0.04
2020042908,530.17,305.1,364.74,31.6,36.88,2.16,168.0,98.74,0.0
2020042909,700.92,373.55,341.75,33.15,33.29,1.67,165.8,98.72,0.0
2020042910,856.45,589.43,268.91,34.57,30.31,1.11,174.3,98.67,0.0
2020042911,863.47,501.0,318.82,35.74,28.04,0.67,217.7,98.58,0.0
2020042912,747.85,316.16,377.48,36.7,26.25,1.0,274.0,98.47,0.0
2020042913,708.4,294.07,388.36,37.31,24.92,1.7,294.3,98.36,0.0
2020042914,573.12,342.34,277.11,37.34,24.49,2.25,302.5,98.26,0.0
2020042915,441.52,331.58,208.31,36.82,25.1,2.62,306.6,98.2,0.0
2020042916,245.25,197.75,154.44,35.94,26.44,2.79,312.1,98.18,0.0
2020042917,80.05,47.75,66.73,34.3,32.73,1.92,319.9,98.2,0.0
2020042918,3.47,0.0,5.25,32.07,40.98,1.37,343.9,98.25,0.0
2020042919,0.0,0.0,0.0,31.59,38.82,1.13,29.1,98.32,0.0
2020042920,0.0,0.0,0.0,30.72,40.96,1.24,68.8,98.38,0.0
2020042921,0.0,0.0,0.0,29.8,44.6,1.36,94.6,98.42,0.0
2020042922,0.0,0.0,0.0,28.95,48.22,1.46,115.5,98.44,0.0
2020042923,0.0,0.0,0.0,28.19,51.29,1.53,135.0,98.43,0.0
2020043000,0.0,0.0,0.0,27.31,53.3,1.66,153.1,98.43,0.0
2020043001,0.0,0.0,0.0,26.37,55.5,1.86,168.5,98.4,0.0
2020043002,0.0,0.0,0.0,25.71,57.03,1.9,180.3,98.38,0.0
2020043003,0.0,0.0,0.0,25.24,58.0,1.82,189.5,98.35,0.0
2020043004,0.0,0.0,0.0,24.89,58.39,1.71,193.5,98.38,0.0
2020043005,19.52,0.0,19.52,24.9,59.17,1.42,187.3,98.41,0.0
2020043006,130.12,12.2,111.16,26.8,53.53,1.38,165.4,98.48,0.0
2020043007,295.0,67.7,234.7,30.06,43.85,0.85,127.8,98.53,0.0
2020043008,501.4,267.54,312.07,33.26,35.45,0.76,100.6,98.57,0.0
2020043009,646.35,450.09,386.96,35.21,31.32,0.77,108.9,98.58,0.24
2020043010,747.47,362.72,344.46,36.66,28.58,0.38,107.0,98.54,0.17
2020043011,936.33,682.93,245.38,37.97,26.05,0.46,338.4,98.45,0.25
2020043012,918.7,684.7,215.15,38.92,24.21,1.31,329.1,98.36,0.19
2020043013,826.7,592.61,270.49,39.38,23.33,2.09,329.3,98.25,0.37
2020043014,672.47,512.63,240.77,39.33,22.94,2.75,328.7,98.16,0.03
2020043015,459.9,354.72,215.06,38.91,22.95,3.15,329.3,98.1,0.03
2020043016,253.35,199.85,164.75,38.05,23.71,3.38,329.6,98.08,0.0
2020043017,88.12,59.63,75.93,36.15,28.92,2.51,333.2,98.11,0.0
2020043018,3.92,0.0,6.2,32.81,40.05,2.3,348.2,98.16,0.0
2020043019,0.0,0.0,0.0,31.46,42.05,2.53,3.4,98.25,0.0
2020043020,0.0,0.0,0.0,30.5,43.44,2.65,19.6,98.31,0.0
2020043021,0.0,0.0,0.0,29.66,44.93,2.67,37.9,98.36,0.0
2020043022,0.0,0.0,0.0,28.86,46.94,2.59,58.4,98.36,0.0
2020043023,0.0,0.0,0.0,28.07,49.38,2.46,79.7,98.34,0.0
2020050100,0.0,0.0,0.0,27.33,52.45,2.29,100.6,98.31,2.79
2020050101,0.0,0.0,0.0,26.96,55.2,2.1,119.4,98.29,2.79
2020050102,0.0,0.0,0.0,26.06,58.57,2.08,135.8,98.28,2.79
2020050103,0.0,0.0,0.0,25.38,60.84,2.07,148.6,98.28,0.0
2020050104,0.0,0.0,0.0,24.82,62.62,2.07,159.0,98.31,0.0
2020050105,22.28,15.53,21.46,24.84,62.62,2.1,169.3,98.35,0.0
2020050106,156.2,141.87,105.04,26.8,55.39,3.29,179.3,98.4,0.0
2020050107,340.18,258.55,194.84,30.32,43.55,3.05,192.5,98.43,0.0
2020050108,524.41,392.31,216.49,34.42,32.56,2.45,224.0,98.46,0.0
2020050109,683.9,434.6,278.19,36.49,28.36,2.26,261.9,98.46,0.0
2020050110,878.35,634.54,247.56,38.03,24.85,2.79,289.5,98.41,0.0
2020050111,939.25,698.71,214.19,39.21,22.15,3.5,302.6,98.32,0.0
2020050112,925.55,699.13,210.52,40.02,20.31,4.24,310.1,98.23,0.0
2020050113,839.28,626.31,242.79,40.42,19.16,4.87,316.7,98.13,0.0
2020050114,691.1,568.48,226.01,40.29,18.71,5.21,321.8,98.04,0.0
2020050115,500.83,483.83,185.21,39.7,18.74,5.18,326.6,97.98,0.0
2020050116,289.27,334.73,143.99,38.62,19.67,4.75,333.5,97.96,0.0
2020050117,97.47,112.58,72.22,36.19,27.16,2.52,348.6,97.97,0.0
2020050118,4.15,0.0,6.26,32.78,37.68,2.08,31.6,98.0,0.0
2020050119,0.0,0.0,0.0,31.33,39.94,2.35,73.4,98.06,0.0
2020050120,0.0,0.0,0.0,30.31,41.56,2.64,96.3,98.1,0.0
2020050121,0.0,0.0,0.0,29.53,43.24,2.76,111.7,98.12,0.0
2020050122,0.0,0.0,0.0,28.82,45.13,2.82,123.4,98.12,0.0
2020050123,0.0,0.0,0.0,28.12,47.52,2.8,131.8,98.09,0.0
2020050200,0.0,0.0,0.0,28.11,48.67,2.81,137.7,98.04,0.0
2020050201,0.0,0.0,0.0,27.64,51.04,2.95,141.2,97.99,0.0
2020050202,0.0,0.0,0.0,26.83,54.36,3.11,140.7,97.99,0.0
2020050203,0.0,0.0,0.0,25.78,58.74,3.19,137.7,98.01,0.0
2020050204,0.0,0.0,0.0,25.0,63.22,3.44,133.7,98.07,0.0
2020050205,26.52,7.13,29.75,24.66,66.37,4.29,130.1,98.15,0.0
2020050206,178.75,142.1,137.69,26.13,61.38,4.9,127.5,98.24,0.0
2020050207,362.4,287.38,230.95,29.54,48.28,5.3,128.9,98.33,0.0
2020050208,558.83,344.63,358.07,33.11,36.83,5.68,133.9,98.39,0.0
2020050209,719.8,496.79,314.44,35.85,29.91,5.47,141.7,98.4,0.0
2020050210,860.53,610.2,296.73,37.72,26.09,5.02,149.6,98.34,0.0
2020050211,944.03,607.64,326.9,39.22,23.4,4.55,158.1,98.26,0.0
2020050212,941.42,678.78,265.22,40.14,21.69,4.07,166.8,98.15,0.0
2020050213,865.97,699.58,218.32,40.58,20.7,3.62,175.2,98.04,0.0
2020050214,724.45,655.53,199.6,40.51,20.22,3.08,179.6,97.95,0.0
2020050215,535.25,576.56,171.52,40.08,20.07,2.41,178.1,97.89,0.0
2020050216,301.42,410.32,125.11,39.17,20.62,1.65,156.1,97.88,0.0
2020050217,88.55,125.47,63.95,37.24,26.66,1.46,106.3,97.9,0.0
2020050218,3.05,0.84,4.88,33.5,35.69,2.42,91.9,97.95,0.0
2020050219,0.0,0.0,0.0,32.16,36.28,2.84,90.6,98.02,0.0
2020050220,0.0,0.0,0.0,31.31,37.24,2.99,92.9,98.09,0.0
2020050221,0.0,0.0,0.0,30.51,38.53,3.08,98.6,98.12,0.0
2020050222,0.0,0.0,0.0,29.77,39.72,3.2,105.6,98.12,0.0
2020050223,0.0,0.0,0.0,29.05,40.96,3.35,111.5,98.09,0.0
2020050300,0.0,0.0,0.0,28.18,43.48,3.53,115.7,98.06,15.16
2020050301,0.0,0.0,0.0,27.07,48.33,3.66,118.4,98.04,15.16
2020050302,0.0,0.0,0.0,25.96,53.49,3.58,120.7,98.03,15.16
2020050303,0.0,0.0,0.0,25.07,57.82,3.53,123.8,98.05,0.0
2020050304,0.0,0.0,0.0,24.55,59.77,3.66,128.8,98.09,0.0
2020050305,18.45,0.0,18.3,24.46,60.04,4.11,134.9,98.16,0.0
2020050306,91.28,0.27,79.03,25.96,54.69,4.82,139.7,98.26,0.0
2020050307,177.73,0.77,147.48,29.15,43.53,5.24,144.6,98.34,0.0
2020050308,272.73,0.56,229.26,32.84,31.1,6.91,146.1,98.4,0.61
2020050309,434.12,24.41,345.21,35.03,26.42,6.98,141.8,98.41,2.7
2020050310,509.0,150.58,306.75,36.6,23.72,6.58,139.7,98.37,6.13
2020050311,802.8,386.33,398.76,37.36,22.33,5.89,139.5,98.31,4.94
2020050312,819.62,415.8,372.42,38.18,21.08,5.01,139.3,98.23,3.3
2020050313,672.28,418.67,295.09,38.62,20.59,4.01,137.8,98.13,9.39
2020050314,111.05,8.25,89.92,38.48,21.28,2.75,138.5,98.05,51.73
2020050315,132.77,107.03,79.11,37.14,26.02,1.57,135.0,98.0,85.08
2020050316,67.47,48.0,48.27,36.35,31.04,0.86,117.8,98.0,0.27
2020050317,19.42,7.43,16.88,35.53,32.31,0.73,88.4,98.02,0.0
2020050318,0.98,0.0,1.34,32.71,48.52,1.45,70.7,98.06,0.0
2020050319,0.0,0.0,0.0,30.23,60.53,2.33,75.6,98.11,0.0
2020050320,0.0,0.0,0.0,29.04,60.17,2.74,81.0,98.19,0.0
2020050321,0.0,0.0,0.0,28.11,61.75,3.01,84.5,98.24,0.0
2020050322,0.0,0.0,0.0,27.27,64.96,3.78,86.5,98.28,0.0
2020050323,0.0,0.0,0.0,26.46,68.43,4.75,89.5,98.26,0.0
2020050400,0.0,0.0,0.0,25.7,71.8,4.68,96.0,98.24,0.27
2020050401,0.0,0.0,0.0,25.16,74.3,4.5,102.8,98.26,0.27
2020050402,0.0,0.0,0.0,24.69,76.42,3.85,108.8,98.28,0.27
2020050403,0.0,0.0,0.0,24.28,78.13,2.91,117.9,98.3,0.0
2020050404,0.0,0.0,0.0,23.8,80.04,1.97,132.9,98.35,0.0
2020050405,24.2,3.6,24.73,23.84,79.53,2.08,153.7,98.42,0.0
2020050406,159.82,129.45,114.53,25.41,71.9,2.24,171.3,98.5,0.0
2020050407,349.92,293.98,179.45,29.02,51.59,2.26,197.2,98.58,6.51
2020050408,549.22,404.4,240.06,31.71,40.15,2.06,219.1,98.63,0.0
2020050409,674.9,360.0,349.74,33.66,34.12,1.53,226.3,98.63,0.0
2020050410,798.2,428.77,354.54,35.13,30.61,0.94,230.6,98.6,0.0
2020050411,871.25,538.76,329.21,36.41,27.92,0.52,242.4,98.53,0.0
2020050412,807.28,408.53,367.11,37.31,26.12,0.42,276.8,98.46,0.0
2020050413,805.22,567.07,280.03,37.8,25.06,0.68,304.9,98.37,0.0
2020050414,690.67,566.99,229.81,37.74,24.95,1.08,310.5,98.29,0.0
2020050415,492.38,426.66,213.79,37.15,25.87,1.58,309.9,98.23,0.0
2020050416,276.4,271.0,162.19,35.99,27.77,2.18,312.8,98.22,0.0
2020050417,99.22,109.68,73.73,34.59,30.94,2.57,319.4,98.25,0.0
2020050418,4.65,0.73,7.14,32.15,42.11,1.93,330.9,98.31,0.0
2020050419,0.0,0.0,0.0,30.89,44.89,2.28,340.5,98.38,0.0
2020050420,0.0,0.0,0.0,29.69,47.89,2.35,348.2,98.46,0.0
2020050421,0.0,0.0,0.0,28.79,50.74,2.2,357.4,98.49,0.0
2020050422,0.0,0.0,0.0,28.0,53.4,2.06,9.8,98.48,0.0
2020050423,0.0,0.0,0.0,27.32,55.63,1.87,24.9,98.44,0.0
2020050500,0.0,0.0,0.0,26.75,57.45,1.67,40.4,98.38,0.0
2020050501,0.0,0.0,0.0,26.25,58.45,1.53,56.2,98.33,0.0
2020050502,0.0,0.0,0.0,25.75,60.42,1.44,68.4,98.3,0.0
2020050503,0.0,0.0,0.0,25.35,62.64,1.32,77.8,98.3,0.0
2020050504,0.0,0.0,0.0,24.99,64.9,1.14,91.5,98.32,0.0
2020050505,25.52,4.3,26.91,25.0,66.03,0.94,111.9,98.38,0.0
2020050506,164.25,117.92,122.02,27.18,57.27,0.64,132.5,98.46,0.0
2020050507,351.55,290.32,181.53,30.76,42.68,0.79,333.8,98.52,0.0
2020050508,567.95,426.81,238.68,32.87,36.76,1.36,332.5,98.55,0.93
2020050509,746.85,537.26,256.2,34.45,32.94,1.54,329.9,98.55,0.58
2020050510,869.65,584.09,280.35,35.86,29.51,1.76,329.6,98.51,0.13
2020050511,945.4,682.92,236.83,36.95,26.95,2.06,330.6,98.43,0.15
2020050512,934.53,705.41,219.77,37.72,25.27,2.36,333.0,98.33,0.0
2020050513,790.83,557.88,265.93,38.11,24.28,2.65,333.8,98.23,0.0
2020050514,708.3,613.78,208.03,38.09,23.7,2.99,328.8,98.14,0.0
2020050515,516.05,531.61,171.68,37.68,23.47,3.36,322.2,98.08,0.0
2020050516,310.15,413.8,131.11,36.8,24.06,3.73,316.3,98.05,0.0
2020050517,116.78,235.18,64.98,35.22,27.59,3.15,314.0,98.07,0.0
2020050518,5.43,2.07,7.93,32.76,37.07,2.35,312.6,98.1,0.0
2020050519,0.0,0.0,0.0,31.56,39.66,2.59,311.4,98.16,0.0
2020050520,0.0,0.0,0.0,30.62,41.76,2.67,311.0,98.23,0.0
2020050521,0.0,0.0,0.0,29.83,43.98,2.6,310.3,98.28,0.0
2020050522,0.0,0.0,0.0,28.99,46.28,2.49,307.8,98.29,0.0
2020050523,0.0,0.0,0.0,27.96,48.8,2.46,304.1,98.28,0.0
2020050600,0.0,0.0,0.0,27.21,50.59,2.35,299.6,98.26,0.01
2020050601,0.0,0.0,0.0,26.59,51.87,2.16,294.9,98.22,0.01
2020050602,0.0,0.0,0.0,26.19,52.36,1.85,296.7,98.2,0.01
2020050603,0.0,0.0,0.0,26.0,52.44,1.38,309.1,98.19,0.0
2020050604,0.0,0.0,0.0,25.71,52.35,0.82,335.6,98.19,0.0
2020050605,31.17,15.46,32.66,25.53,55.64,0.51,56.9,98.21,0.0
2020050606,193.23,233.82,118.59,27.0,48.68,1.33,114.0,98.25,0.0
2020050607,407.1,460.31,165.28,30.57,36.94,1.61,137.3,98.29,0.0
2020050608,586.72,482.48,226.66,33.85,28.1,0.62,197.8,98.33,0.0
2020050609,649.95,349.34,315.89,35.68,24.12,1.5,293.1,98.36,0.0
2020050610,620.65,219.37,381.35,37.04,21.39,2.66,303.8,98.36,0.0
2020050611,525.35,20.29,409.19,37.9,19.69,3.52,307.6,98.32,0.0
2020050612,547.7,44.15,429.42,38.4,18.67,4.17,310.0,98.26,0.0
2020050613,437.35,2.63,351.1,38.53,18.3,4.62,312.1,98.21,0.0
2020050614,521.75,284.9,282.56,38.32,18.41,4.35,310.6,98.14,0.0
2020050615,511.25,489.48,198.22,37.79,18.76,3.78,306.5,98.07,0.0
2020050616,294.77,310.03,160.62,36.82,19.65,3.26,302.6,98.05,0.0
2020050617,104.43,128.37,80.96,35.07,24.12,2.22,300.3,98.06,0.0
2020050618,5.15,0.79,8.63,31.98,35.5,1.65,307.8,98.1,0.0
2020050619,0.0,0.0,0.0,31.1,34.34,1.49,334.1,98.16,0.0
2020050620,0.0,0.0,0.0,29.91,37.01,1.71,12.8,98.23,0.0
2020050621,0.0,0.0,0.0,28.39,40.62,2.25,43.9,98.27,0.01
2020050622,0.0,0.0,0.0,27.59,43.57,2.63,66.0,98.27,0.2
2020050623,0.0,0.0,0.0,26.93,48.14,2.71,80.6,98.26,3.77
2020050700,0.0,0.0,0.0,26.1,56.52,2.57,96.9,98.24,34.1
2020050701,0.0,0.0,0.0,25.13,67.02,2.78,119.1,98.22,57.06
2020050702,0.0,0.0,0.0,24.28,74.88,3.12,126.5,98.26,1.26
2020050703,0.0,0.0,0.0,23.86,75.97,3.61,126.2,98.28,0.0
2020050704,0.0,0.0,0.0,23.35,77.76,3.93,125.8,98.29,0.0
2020050705,30.5,25.01,27.61,23.13,78.5,3.96,126.1,98.33,0.0
2020050706,193.55,287.41,97.85,24.56,69.61,3.94,134.5,98.4,0.0
2020050707,401.38,471.91,151.23,27.56,51.61,3.53,161.0,98.46,0.0
2020050708,609.6,593.52,186.13,30.06,42.07,3.22,176.4,98.5,0.0
2020050709,790.3,680.11,194.95,32.19,36.33,2.64,190.0,98.51,0.0
2020050710,906.05,725.08,198.52,34.02,32.08,1.53,223.4,98.49,0.0
2020050711,991.92,898.46,118.12,35.7,27.95,1.62,296.7,98.42,0.0
2020050712,980.62,903.33,117.87,36.92,24.62,2.45,321.0,98.32,0.0
2020050713,903.85,855.08,129.24,37.54,22.72,3.24,326.8,98.23,0.0
2020050714,758.88,805.73,131.67,37.77,21.28,3.96,324.5,98.14,0.0
2020050715,567.03,729.8,117.25,37.54,20.93,4.44,323.2,98.08,0.0
2020050716,347.8,582.93,104.15,36.73,21.79,4.73,323.9,98.04,0.0
2020050717,132.88,337.81,65.83,34.98,25.76,3.89,326.2,98.06,0.0
2020050718,6.53,6.58,9.74,31.05,38.46,2.81,333.6,98.11,0.0
2020050719,0.0,0.0,0.0,29.6,41.67,2.91,342.0,98.19,0.0
2020050720,0.0,0.0,0.0,28.78,43.85,2.74,354.4,98.26,0.0
2020050721,0.0,0.0,0.0,28.16,45.43,2.49,9.5,98.3,0.0
2020050722,0.0,0.0,0.0,27.63,46.27,2.19,23.6,98.3,0.0
2020050723,0.0,0.0,0.0,27.23,46.79,1.87,33.9,98.28,0.0
2020050800,0.0,0.0,0.0,26.97,46.71,1.53,39.7,98.25,0.0
2020050801,0.0,0.0,0.0,26.75,46.59,1.12,46.8,98.22,0.0
2020050802,0.0,0.0,0.0,26.35,47.15,0.63,77.1,98.21,0.0
2020050803,0.0,0.0,0.0,25.6,49.67,0.83,151.9,98.2,0.0
2020050804,0.0,0.0,0.0,24.15,54.26,1.6,174.6,98.2,0.0
2020050805,36.22,54.36,29.09,23.68,56.69,2.11,181.4,98.24,0.0
2020050806,214.05,369.54,95.1,26.38,48.51,3.7,186.0,98.29,0.0
2020050807,429.27,546.7,141.76,30.1,37.81,3.59,192.9,98.33,0.0
2020050808,636.03,657.4,163.91,34.17,27.3,3.06,207.4,98.37,0.0
2020050809,805.83,714.84,184.16,36.56,23.57,2.45,227.0,98.37,0.0
2020050810,922.5,750.87,192.81,38.3,21.06,2.24,252.6,98.32,0.0
2020050811,970.7,774.12,179.65,39.47,19.17,2.44,270.2,98.25,0.0
2020050812,955.7,770.78,182.9,40.19,17.87,2.71,280.4,98.15,0.0
2020050813,871.92,713.89,200.98,40.48,17.14,3.06,289.7,98.05,0.0
2020050814,729.85,664.48,189.95,40.34,16.88,3.33,299.3,97.96,0.0
2020050815,539.97,584.97,164.69,39.91,16.86,3.42,308.7,97.91,0.0
2020050816,324.3,444.38,133.89,39.02,17.48,3.4,317.9,97.89,0.0
2020050817,122.4,229.3,74.24,36.85,24.76,2.17,329.5,97.91,0.0
2020050818,6.4,1.11,9.63,33.35,34.48,2.2,349.0,97.97,0.0
2020050819,0.0,0.0,0.0,32.24,34.89,2.19,6.0,98.04,0.0
2020050820,0.0,0.0,0.0,31.78,34.51,2.01,18.9,98.1,0.0
2020050821,0.0,0.0,0.0,31.55,33.13,1.7,31.5,98.12,0.0
2020050822,0.0,0.0,0.0,31.24,32.86,1.45,52.0,98.13,0.0
2020050823,0.0,0.0,0.0,30.46,33.63,1.46,77.3,98.11,0.0
2020050900,0.0,0.0,0.0,29.28,35.53,1.67,97.2,98.1,0.0
2020050901,0.0,0.0,0.0,27.89,38.92,1.96,110.9,98.08,0.0
2020050902,0.0,0.0,0.0,26.59,42.27,2.2,120.3,98.08,0.0
2020050903,0.0,0.0,0.0,25.47,44.94,2.38,126.1,98.12,0.0
2020050904,0.0,0.0,0.0,24.46,48.06,2.49,129.8,98.17,0.0
2020050905,32.3,18.8,33.49,24.33,49.76,2.51,132.9,98.24,0.0
2020050906,175.48,112.95,144.14,26.43,44.95,3.8,134.4,98.32,0.0
2020050907,376.92,281.98,268.65,29.3,39.73,3.59,135.7,98.38,0.0
2020050908,561.83,312.88,324.81,34.43,26.2,4.11,149.3,98.43,0.0
2020050909,762.75,574.86,306.92,37.03,21.72,3.06,148.2,98.44,0.0
2020050910,896.92,639.91,282.14,38.63,19.8,2.25,146.0,98.43,0.0
2020050911,951.1,680.69,257.04,39.97,18.35,1.51,147.7,98.36,0.0
2020050912,941.38,738.73,192.56,40.81,17.45,0.83,166.1,98.27,0.0
2020050913,861.0,684.7,212.01,41.36,16.72,0.72,245.6,98.17,0.0
2020050914,716.5,630.06,202.6,41.47,16.15,1.31,275.3,98.07,0.0
2020050915,523.05,520.75,191.37,41.19,15.91,1.77,287.7,98.0,0.0
2020050916,304.77,316.01,160.71,40.41,16.2,2.07,301.4,97.96,0.0
2020050917,108.55,120.63,85.4,38.51,22.78,1.49,320.4,97.97,0.0
2020050918,6.07,0.62,8.46,35.81,28.51,1.54,357.4,98.01,0.0
2020050919,0.0,0.0,0.0,34.43,28.28,1.78,30.3,98.07,0.0
2020050920,0.0,0.0,0.0,33.05,31.0,2.02,53.2,98.13,0.0
2020050921,0.0,0.0,0.0,31.69,33.45,2.22,72.1,98.18,0.0
2020050922,0.0,0.0,0.0,30.21,37.08,2.48,91.8,98.18,0.0
2020050923,0.0,0.0,0.0,28.87,40.76,2.76,108.8,98.17,0.0
2020051000,0.0,0.0,0.0,27.87,44.1,2.9,121.2,98.16,0.0
2020051001,0.0,0.0,0.0,27.15,47.51,3.05,129.3,98.14,0.0
2020051002,0.0,0.0,0.0,26.49,50.92,3.11,134.5,98.16,0.0
2020051003,0.0,0.0,0.0,25.81,54.1,3.0,138.4,98.18,0.0
2020051004,0.0,0.0,0.0,25.14,57.35,2.85,140.0,98.23,0.0
2020051005,31.98,7.46,32.33,25.23,58.3,3.12,139.4,98.31,0.0
2020051006,168.02,46.21,140.11,27.13,53.27,3.7,137.3,98.38,0.0
2020051007,337.23,114.76,279.54,30.37,44.25,3.01,134.3,98.42,0.0
2020051008,480.75,171.19,376.3,35.49,27.29,3.51,149.5,98.46,0.0
2020051009,685.45,367.73,494.08,38.6,19.04,2.7,165.0,98.46,0.0
2020051010,649.12,354.2,322.06,39.81,17.11,1.7,181.3,98.43,0.0
2020051011,127.47,18.91,96.76,40.58,16.06,0.9,224.5,98.37,0.0
2020051012,112.32,6.67,88.47,41.3,15.23,1.45,289.3,98.28,0.0
2020051013,120.78,21.37,93.31,41.54,14.89,4.62,306.4,98.23,0.6
2020051014,247.5,0.0,204.13,39.12,18.13,8.07,315.3,98.31,24.85
2020051015,276.75,25.71,223.49,34.27,27.79,5.73,336.7,98.39,25.78
2020051016,141.38,20.1,118.24,31.5,37.52,2.8,42.8,98.18,117.91
2020051017,46.12,4.15,40.62,29.51,52.1,2.27,41.8,98.11,1.71
2020051018,4.0,0.0,5.1,27.98,62.59,2.24,6.7,98.18,0.0
2020051019,0.0,0.0,0.0,26.73,69.45,2.04,12.7,98.23,0.0
2020051020,0.0,0.0,0.0,26.08,69.41,1.99,26.6,98.29,0.0
2020051021,0.0,0.0,0.0,25.73,68.03,1.99,40.7,98.34,0.0
2020051022,0.0,0.0,0.0,25.34,66.23,2.12,60.7,98.37,0.0
2020051023,0.0,0.0,0.0,24.8,65.77,2.33,77.9,98.38,0.0
2020051100,0.0,0.0,0.0,24.34,66.27,2.51,91.1,98.37,0.03
2020051101,0.0,0.0,0.0,23.98,68.6,2.63,100.8,98.35,0.03
2020051102,0.0,0.0,0.0,23.66,72.8,2.59,109.1,98.35,0.03
2020051103,0.0,0.0,0.0,23.3,77.77,2.56,117.2,98.36,0.0
2020051104,0.0,0.0,0.0,22.93,81.28,2.51,122.8,98.39,0.0
2020051105,25.33,4.38,24.39,23.24,80.43,2.85,127.6,98.47,0.0
2020051106,153.68,68.32,124.01,25.09,71.86,3.39,131.2,98.56,0.0
2020051107,364.15,266.87,240.43,28.66,54.05,3.7,145.0,98.62,0.0
2020051108,551.85,316.62,299.66,32.65,36.36,4.66,157.8,98.63,0.0
2020051109,760.85,558.88,247.06,35.22,27.88,4.43,160.2,98.63,0.0
2020051110,853.8,571.3,298.12,36.08,24.78,4.04,162.7,98.59,0.0
2020051111,886.58,485.27,374.48,36.11,23.96,3.52,166.7,98.55,0.0
2020051112,761.65,274.4,404.95,36.1,23.73,3.11,168.5,98.5,0.0
2020051113,468.65,6.7,375.53,36.18,23.61,2.58,167.3,98.45,0.0
2020051114,464.4,88.08,320.38,35.99,24.03,2.01,158.1,98.38,0.0
2020051115,395.85,225.4,236.91,35.74,24.66,1.61,133.5,98.3,0.0
2020051116,232.68,135.73,173.42,36.02,24.38,1.83,112.8,98.25,0.0
2020051117,90.07,39.44,75.75,34.62,30.94,1.58,108.8,98.23,0.0
2020051118,6.82,0.0,9.17,31.09,42.76,2.26,113.2,98.23,0.0
2020051119,0.0,0.0,0.0,29.57,42.9,2.93,119.9,98.24,0.0
2020051120,0.0,0.0,0.0,28.95,41.46,3.46,120.8,98.25,0.0
2020051121,0.0,0.0,0.0,28.17,43.97,3.05,120.4,98.38,0.0
2020051122,0.0,0.0,0.0,28.1,46.65,1.95,110.1,98.46,0.0
2020051123,0.0,0.0,0.0,27.54,49.69,1.42,42.4,98.47,0.0
2020051200,0.0,0.0,0.0,26.98,51.15,1.78,33.8,98.44,1.24
2020051201,0.0,0.0,0.0,26.51,52.14,1.94,87.0,98.36,1.24
2020051202,0.0,0.0,0.0,25.87,53.84,2.38,117.9,98.32,1.24
2020051203,0.0,0.0,0.0,24.61,57.94,2.45,124.2,98.32,0.0
2020051204,0.0,0.0,0.0,23.85,61.08,2.39,120.6,98.36,0.0
2020051205,26.42,4.81,25.06,24.03,61.87,2.54,118.0,98.42,0.0
2020051206,132.82,25.9,109.2,25.8,57.37,3.03,113.9,98.52,0.06
2020051207,234.85,43.31,198.12,29.53,43.49,1.95,117.2,98.6,0.16
2020051208,442.08,148.33,324.28,33.37,30.09,1.06,159.0,98.65,0.62
2020051209,680.65,460.69,263.53,34.72,27.32,0.95,200.3,98.66,0.74
2020051210,770.03,488.2,315.34,35.95,24.93,0.93,221.1,98.62,0.01
2020051211,813.85,382.86,383.58,36.96,22.87,0.94,238.5,98.54,0.0
2020051212,881.78,568.02,298.2,37.82,21.14,1.21,258.0,98.44,0.0
2020051213,792.9,553.47,274.45,38.24,19.92,1.57,273.6,98.33,0.0
2020051214,687.25,575.32,215.24,38.39,19.27,1.58,284.7,98.22,0.0
2020051215,526.47,546.58,174.26,37.95,19.49,1.67,298.3,98.13,0.0
2020051216,307.25,362.71,151.26,37.05,20.38,2.2,310.9,98.12,0.0
2020051217,115.5,144.64,81.89,35.38,24.65,2.21,324.4,98.15,0.0
2020051218,6.93,0.75,9.36,31.88,37.59,2.15,345.7,98.21,0.0
2020051219,0.0,0.0,0.0,30.47,39.81,2.34,6.9,98.24,0.0
2020051220,0.0,0.0,0.0,29.91,41.11,2.2,21.1,98.26,0.0
2020051221,0.0,0.0,0.0,29.62,41.58,1.97,21.5,98.27,0.0
2020051222,0.0,0.0,0.0,29.47,41.49,1.71,19.8,98.26,0.0
2020051223,0.0,0.0,0.0,29.5,39.06,1.37,15.3,98.23,0.0
2020051300,0.0,0.0,0.0,29.44,37.02,1.03,13.5,98.19,1.48
2020051301,0.0,0.0,0.0,29.17,36.9,0.78,357.8,98.17,1.48
2020051302,0.0,0.0,0.0,28.63,38.78,0.82,335.6,98.16,1.48
2020051303,0.0,0.0,0.0,28.05,40.28,1.03,330.5,98.17,0.0
2020051304,0.0,0.0,0.0,27.56,41.21,0.99,339.4,98.2,0.0
2020051305,21.42,5.88,19.71,27.39,42.41,0.82,358.6,98.25,0.0
2020051306,98.28,28.76,83.22,28.62,39.54,0.96,14.5,98.32,0.0
2020051307,196.98,0.0,170.88,31.5,31.21,0.93,0.6,98.39,0.0
2020051308,288.33,0.14,240.96,34.33,27.39,1.19,346.9,98.44,0.0
2020051309,428.7,6.14,349.89,35.78,27.09,1.12,354.9,98.45,0.0
2020051310,405.48,221.45,286.49,36.94,26.67,1.16,352.6,98.42,0.0
2020051311,432.17,112.51,302.28,38.03,25.82,1.39,342.0,98.35,0.0
2020051312,406.48,110.35,304.48,38.73,25.13,1.83,334.4,98.25,0.0
2020051313,541.3,97.17,359.67,38.94,24.98,2.33,328.5,98.16,0.0
2020051314,438.62,106.01,282.85,38.8,25.11,2.92,317.2,98.08,0.0
2020051315,345.62,113.48,218.65,37.97,26.12,3.7,310.3,98.03,0.0
2020051316,216.1,64.4,177.95,36.91,27.72,4.38,310.4,98.01,0.0
2020051317,82.12,12.2,78.63,35.5,30.3,4.62,314.4,98.03,0.0
2020051318,6.18,0.0,8.4,33.08,36.96,3.13,324.0,98.1,0.0
2020051319,0.0,0.0,0.0,31.45,41.7,2.88,338.9,98.18,0.0
2020051320,0.0,0.0,0.0,30.44,44.1,2.82,352.0,98.24,0.0
2020051321,0.0,0.0,0.0,29.51,46.19,2.46,3.5,98.27,0.0
2020051322,0.0,0.0,0.0,28.78,47.69,2.1,15.5,98.23,0.0
2020051323,0.0,0.0,0.0,28.34,48.05,1.86,27.3,98.18,0.0
2020051400,0.0,0.0,0.0,28.18,48.19,1.45,38.0,98.13,0.0
2020051401,0.0,0.0,0.0,28.46,46.56,0.77,35.5,98.1,0.0
2020051402,0.0,0.0,0.0,28.59,47.36,0.09,20.6,98.1,0.0
2020051403,0.0,0.0,0.0,28.04,48.25,0.61,204.1,98.12,0.0
2020051404,0.0,0.0,0.0,27.12,49.73,1.21,204.4,98.18,0.0
2020051405,30.5,4.54,30.91,26.87,51.78,1.42,201.1,98.25,0.0
2020051406,153.77,97.52,120.88,29.09,43.1,1.98,192.2,98.35,0.0
2020051407,340.15,153.85,262.5,32.67,35.58,1.37,195.7,98.41,0.0
2020051408,525.4,367.54,384.03,34.74,32.33,0.64,198.2,98.45,0.0
2020051409,736.7,496.37,278.39,36.26,29.96,0.43,227.8,98.44,0.0
2020051410,851.72,537.41,305.44,37.74,27.41,0.71,266.8,98.4,0.0
2020051411,927.38,670.13,218.67,38.99,25.23,1.13,282.8,98.32,0.0
2020051412,911.0,632.55,236.29,39.9,23.66,1.44,293.4,98.23,0.0
2020051413,823.6,566.8,272.66,40.41,22.57,1.79,302.0,98.13,0.0
2020051414,653.12,463.89,265.94,40.49,21.93,2.23,304.8,98.05,0.0
2020051415,446.98,328.05,216.31,40.17,21.83,2.58,308.4,98.0,0.0
2020051416,261.5,173.64,164.45,39.39,22.47,2.84,315.3,97.98,0.0
2020051417,93.35,35.21,82.62,38.05,24.77,2.63,328.1,98.0,0.0
2020051418,6.35,0.0,8.81,34.86,35.46,2.13,355.1,98.04,0.0
2020051419,0.0,0.0,0.0,33.35,36.83,2.7,15.3,98.1,0.01
2020051420,0.0,0.0,0.0,32.5,37.45,3.11,23.9,98.15,0.03
2020051421,0.0,0.0,0.0,31.65,39.03,3.39,25.7,98.18,0.11
2020051422,0.0,0.0,0.0,30.68,41.64,3.41,24.5,98.19,0.3
2020051423,0.0,0.0,0.0,29.8,43.86,3.37,20.3,98.17,0.03
2020051500,0.0,0.0,0.0,29.06,45.52,3.34,13.3,98.14,0.7
2020051501,0.0,0.0,0.0,28.33,47.47,3.37,4.3,98.1,0.7
2020051502,0.0,0.0,0.0,27.68,49.09,3.36,358.3,98.09,0.7
2020051503,0.0,0.0,0.0,27.04,50.36,3.19,352.4,98.1,0.0
2020051504,0.0,0.0,0.0,26.48,50.86,3.04,343.8,98.15,0.0
2020051505,30.8,5.85,31.49,26.59,49.63,3.65,333.6,98.22,0.0
2020051506,164.65,106.4,121.75,28.16,45.3,3.98,323.7,98.29,0.0
2020051507,339.58,230.71,196.41,31.71,37.53,4.04,322.6,98.34,0.0
2020051508,541.42,347.36,250.85,35.22,30.52,4.42,322.7,98.36,0.0
2020051509,721.38,439.77,311.53,37.15,27.11,4.2,317.1,98.35,0.0
2020051510,855.67,531.93,306.11,38.7,24.6,4.16,314.5,98.29,0.0
2020051511,949.95,723.37,191.72,39.98,22.59,4.45,311.8,98.22,0.0
2020051512,938.0,708.94,206.71,40.8,21.16,5.03,309.7,98.13,0.0
2020051513,862.38,697.62,206.59,41.13,20.24,5.75,309.3,98.05,0.0
2020051514,716.47,616.86,208.68,40.88,19.93,6.45,310.0,97.97,0.0
2020051515,514.25,491.18,195.05,40.16,20.17,7.08,312.1,97.91,0.0
2020051516,309.23,367.56,142.96,38.94,21.03,7.38,314.3,97.87,0.0
2020051517,119.7,171.01,74.64,37.34,22.62,6.82,315.9,97.87,0.0
2020051518,8.12,1.79,10.52,34.34,27.86,4.35,315.7,97.9,0.0
2020051519,0.0,0.0,0.0,32.33,31.96,3.87,313.8,97.95,0.0
2020051520,0.0,0.0,0.0,31.28,33.97,3.97,312.0,98.0,0.0
2020051521,0.0,0.0,0.0,30.37,35.72,4.1,310.9,98.05,0.0
2020051522,0.0,0.0,0.0,29.47,37.36,4.18,311.9,98.05,0.0
2020051523,0.0,0.0,0.0,28.58,39.17,4.19,314.0,98.05,0.0
2020051600,0.0,0.0,0.0,27.86,40.55,4.37,318.2,98.04,0.0
2020051601,0.0,0.0,0.0,27.27,41.54,4.69,324.5,98.03,0.0
2020051602,0.0,0.0,0.0,26.45,43.23,4.56,330.5,98.03,0.0
2020051603,0.0,0.0,0.0,25.69,44.62,4.26,334.3,98.06,0.0
2020051604,0.0,0.0,0.0,24.99,46.09,3.89,334.8,98.1,0.0
2020051605,41.72,49.68,33.17,25.23,45.51,4.25,333.9,98.15,0.0
2020051606,213.1,295.49,111.75,27.49,40.4,4.64,331.4,98.2,0.0
2020051607,410.9,430.76,170.2,31.68,31.18,4.68,324.7,98.24,0.0
2020051608,615.65,546.94,201.46,35.99,20.95,6.68,317.7,98.25,0.0
2020051609,787.35,613.49,233.13,37.77,17.98,6.97,314.5,98.24,0.0
2020051610,903.92,659.52,238.27,39.15,15.86,7.11,313.1,98.2,0.0
2020051611,985.85,820.63,159.89,40.19,14.56,7.31,310.9,98.14,0.0
2020051612,972.8,796.82,175.26,40.85,13.98,7.55,308.7,98.05,0.0
2020051613,892.28,752.98,183.22,41.09,14.01,7.76,306.5,97.96,0.0
2020051614,751.65,704.16,182.24,40.86,14.61,7.84,304.9,97.88,0.0
2020051615,563.9,625.87,162.18,40.25,15.57,7.79,303.9,97.82,0.0
2020051616,348.38,495.66,126.03,39.22,16.86,7.58,302.8,97.8,0.0
2020051617,138.8,270.33,74.89,37.72,18.54,6.7,302.6,97.8,0.0
2020051618,9.35,3.26,11.35,34.27,24.06,3.99,304.0,97.83,0.0
2020051619,0.0,0.0,0.0,32.25,27.89,3.54,306.7,97.89,0.0
2020051620,0.0,0.0,0.0,31.16,30.07,3.4,308.2,97.95,0.0
2020051621,0.0,0.0,0.0,30.15,32.01,3.3,309.2,97.98,0.0
2020051622,0.0,0.0,0.0,29.17,33.82,3.24,311.4,97.97,0.0
2020051623,0.0,0.0,0.0,28.26,35.49,3.19,315.4,97.95,0.0
2020051700,0.0,0.0,0.0,27.37,36.9,3.14,321.1,97.93,0.0
2020051701,0.0,0.0,0.0,26.52,38.06,3.06,327.4,97.9,0.0
2020051702,0.0,0.0,0.0,25.72,39.01,2.93,334.7,97.9,0.0
2020051703,0.0,0.0,0.0,25.0,39.54,2.8,342.1,97.92,0.0
2020051704,0.0,0.0,0.0,24.43,39.7,2.65,349.1,97.95,0.0
2020051705,43.15,50.26,37.93,24.99,38.26,2.24,355.4,98.0,0.0
2020051706,218.68,330.78,111.14,28.21,29.75,2.55,0.4,98.04,0.0
2020051707,437.85,518.39,161.83,31.58,24.12,1.62,1.4,98.08,0.0
2020051708,644.62,642.1,177.72,36.81,16.17,2.33,322.7,98.11,0.0
2020051709,817.97,727.41,188.17,39.15,14.32,3.24,299.4,98.09,0.0
2020051710,911.62,646.92,294.01,40.63,13.57,3.8,290.8,98.04,0.0
2020051711,877.47,526.09,306.54,41.72,13.19,4.3,287.5,97.97,0.0
2020051712,869.2,480.54,328.38,42.46,13.1,4.77,287.7,97.88,0.0
2020051713,642.5,253.56,344.42,42.74,13.37,5.22,291.1,97.78,0.0
2020051714,500.85,161.85,321.86,42.52,14.01,5.48,296.9,97.68,0.0
2020051715,374.2,204.29,226.39,41.75,15.06,5.43,301.4,97.61,0.0
2020051716,215.43,122.67,150.81,40.38,16.74,5.08,303.3,97.58,0.0
2020051717,90.25,40.11,77.69,38.77,19.15,3.75,300.6,97.6,0.0
2020051718,7.65,0.0,10.4,36.01,25.52,2.19,293.2,97.67,0.0
2020051719,0.0,0.0,0.0,34.87,28.7,1.87,290.9,97.75,0.0
2020051720,0.0,0.0,0.0,34.46,29.81,1.42,302.3,97.82,0.0
2020051721,0.0,0.0,0.0,33.98,29.34,1.27,328.2,97.84,0.0
2020051722,0.0,0.0,0.0,32.79,31.08,1.51,340.7,97.84,0.0
2020051723,0.0,0.0,0.0,31.25,33.15,1.92,342.4,97.84,0.0
2020051800,0.0,0.0,0.0,29.75,35.23,2.3,344.3,97.83,0.0
2020051801,0.0,0.0,0.0,28.57,36.83,2.52,349.3,97.82,0.0
2020051802,0.0,0.0,0.0,27.54,38.69,2.6,354.9,97.82,0.0
2020051803,0.0,0.0,0.0,26.58,40.76,2.61,358.7,97.83,0.0
2020051804,0.0,0.0,0.0,25.73,42.91,2.58,0.4,97.85,0.0
2020051805,36.65,8.6,34.64,26.0,42.38,2.31,1.2,97.88,0.0
2020051806,174.2,79.96,150.71,28.59,36.67,2.85,358.2,97.93,0.0
2020051807,360.83,183.06,244.44,31.6,31.14,1.87,346.1,97.97,0.0
2020051808,561.35,331.96,338.95,36.82,18.66,2.19,339.2,97.99,0.0
2020051809,742.45,479.32,298.11,39.16,14.0,2.36,320.5,97.97,0.0
2020051810,907.67,633.84,270.66,40.71,11.76,3.16,307.9,97.93,0.0
2020051811,970.3,677.35,257.17,41.91,10.54,4.06,301.5,97.86,0.0
2020051812,962.47,687.82,251.33,42.54,9.98,4.88,297.7,97.78,0.0
2020051813,880.6,667.15,241.28,42.68,9.74,5.69,294.9,97.69,0.0
2020051814,731.12,601.7,229.34,42.35,9.69,6.28,295.4,97.62,0.0
2020051815,536.2,473.74,227.75,41.67,9.77,6.55,296.7,97.56,0.0
2020051816,319.23,347.14,162.03,40.55,10.1,6.58,297.7,97.54,0.0
2020051817,121.95,130.92,88.85,38.85,10.95,5.6,299.0,97.56,0.0
2020051818,9.15,0.82,12.75,34.65,15.24,3.62,302.6,97.6,0.0
2020051819,0.0,0.0,0.0,32.59,17.3,3.67,308.2,97.65,0.0
2020051820,0.0,0.0,0.0,31.33,18.9,3.59,314.9,97.71,0.0
2020051821,0.0,0.0,0.0,30.05,21.03,3.41,322.2,97.75,0.0
2020051822,0.0,0.0,0.0,28.83,23.55,3.21,329.7,97.78,0.0
2020051823,0.0,0.0,0.0,27.75,25.87,3.01,339.0,97.77,0.0
2020051900,0.0,0.0,0.0,26.86,27.65,2.86,349.7,97.76,0.0
2020051901,0.0,0.0,0.0,26.09,28.93,2.75,0.8,97.74,0.0
2020051902,0.0,0.0,0.0,25.43,29.84,2.68,14.9,97.73,0.0
2020051903,0.0,0.0,0.0,24.92,30.17,2.64,29.8,97.73,0.0
2020051904,0.0,0.0,0.0,24.55,30.1,2.53,42.4,97.77,0.0
2020051905,47.08,25.92,45.34,25.07,29.1,2.23,54.1,97.83,0.0
2020051906,208.18,157.31,162.59,28.51,22.34,2.3,65.0,97.9,0.0
2020051907,424.6,383.43,256.22,31.68,18.03,1.33,69.2,97.94,0.0
2020051908,614.9,401.82,336.37,37.03,12.1,0.86,0.0,97.96,0.0
2020051909,815.4,615.49,276.54,39.5,10.02,2.03,304.8,97.94,0.0
2020051910,961.08,770.9,206.18,40.86,9.18,2.78,300.3,97.87,0.0
2020051911,980.25,697.37,260.54,41.88,8.55,3.29,299.7,97.79,0.0
2020051912,984.25,680.28,278.28,42.51,8.04,3.9,300.7,97.68,0.0
2020051913,886.7,652.85,280.24,42.77,7.6,4.68,303.5,97.57,0.0
2020051914,705.6,459.45,310.89,42.55,7.37,5.51,306.7,97.49,0.0
2020051915,525.78,500.2,202.51,41.76,7.39,6.24,309.9,97.47,0.0
2020051916,301.92,338.92,156.58,40.5,7.65,6.75,313.6,97.48,0.0
2020051917,115.7,137.8,81.85,38.67,8.51,6.16,318.3,97.53,0.0
2020051918,7.85,2.65,10.16,34.76,11.8,4.23,326.8,97.57,0.0
2020051919,0.0,0.0,0.0,32.98,14.26,4.83,341.3,97.65,0.0
2020051920,0.0,0.0,0.0,32.18,16.71,5.92,354.2,97.73,0.0
2020051921,0.0,0.0,0.0,30.91,20.13,5.91,2.9,97.78,0.0
2020051922,0.0,0.0,0.0,29.22,23.49,4.48,6.3,97.79,0.0
2020051923,0.0,0.0,0.0,27.98,25.53,3.59,4.0,97.78,0.0
2020052000,0.0,0.0,0.0,27.05,26.87,3.15,0.5,97.76,0.0
2020052001,0.0,0.0,0.0,26.27,27.89,2.94,358.2,97.74,0.0
2020052002,0.0,0.0,0.0,25.61,28.81,2.87,354.8,97.72,0.0
2020052003,0.0,0.0,0.0,25.02,29.74,2.84,349.0,97.71,0.0
2020052004,0.0,0.0,0.0,24.4,30.91,2.87,341.3,97.72,0.0
2020052005,52.3,81.8,39.04,24.9,30.51,2.87,334.6,97.76,0.0
2020052006,247.2,424.03,101.8,27.88,25.98,4.42,329.4,97.8,0.0
2020052007,474.67,615.17,146.59,31.38,21.14,4.01,324.6,97.82,0.0
2020052008,687.75,732.75,159.14,36.18,13.47,4.75,327.6,97.82,0.0
2020052009,860.72,806.05,169.51,38.2,12.37,4.5,325.7,97.8,0.0
2020052010,978.42,831.57,181.31,39.7,11.73,4.4,324.9,97.76,0.0
2020052011,1019.7,867.05,154.13,40.84,11.25,4.39,323.3,97.69,0.0
2020052012,1007.38,849.28,160.35,41.56,10.82,4.53,318.7,97.62,0.0
2020052013,926.62,809.83,169.96,41.85,10.46,4.94,314.0,97.55,0.0
2020052014,785.65,768.38,163.97,41.67,10.32,5.62,310.1,97.48,0.0
2020052015,596.22,697.64,147.6,41.08,10.38,6.33,308.3,97.44,0.0
2020052016,376.52,567.78,124.52,40.04,10.72,6.85,309.2,97.44,0.0
2020052017,158.3,354.52,73.69,38.49,11.4,6.63,312.3,97.47,0.0
2020052018,12.02,10.73,12.31,34.71,14.36,4.24,316.3,97.5,0.0
2020052019,0.0,0.0,0.0,32.25,16.39,3.97,320.2,97.57,0.0
2020052020,0.0,0.0,0.0,30.78,17.41,3.83,322.0,97.64,0.0
2020052021,0.0,0.0,0.0,29.38,18.68,3.66,321.7,97.68,0.0
2020052022,0.0,0.0,0.0,28.26,20.06,3.58,319.9,97.7,0.0
2020052023,0.0,0.0,0.0,27.39,21.7,3.6,317.6,97.68,0.0
2020052100,0.0,0.0,0.0,26.66,23.85,3.74,315.8,97.65,0.0
2020052101,0.0,0.0,0.0,26.0,26.55,4.0,315.8,97.63,0.0
2020052102,0.0,0.0,0.0,25.19,29.71,4.0,318.3,97.63,0.0
2020052103,0.0,0.0,0.0,24.28,32.91,3.6,319.7,97.65,0.0
2020052104,0.0,0.0,0.0,23.42,35.86,3.22,315.6,97.68,0.0
2020052105,55.58,110.37,38.33,24.08,35.41,3.4,310.1,97.73,0.0
2020052106,248.43,427.49,104.64,27.16,30.38,4.44,302.7,97.77,0.0
2020052107,473.73,612.13,143.19,31.18,24.67,3.68,290.0,97.81,0.0
2020052108,684.17,718.44,160.26,36.9,14.35,7.06,310.0,97.82,0.0
2020052109,856.3,780.52,175.22,39.44,10.37,8.12,312.8,97.8,0.0
2020052110,975.85,826.86,177.42,41.2,8.66,8.25,313.3,97.75,0.0
2020052111,879.23,567.75,232.72,42.51,7.64,8.21,312.5,97.68,0.0
2020052112,868.08,550.96,248.7,43.36,6.98,8.04,311.4,97.59,0.0
2020052113,939.5,860.32,145.75,43.76,6.67,7.81,310.2,97.5,0.0
2020052114,796.8,813.65,144.25,43.75,6.64,7.82,307.5,97.42,0.0
2020052115,605.3,737.09,133.98,43.36,6.91,8.01,305.0,97.37,0.0
2020052116,383.15,603.1,116.82,42.46,7.45,8.05,303.2,97.35,0.0
2020052117,161.02,368.77,72.77,40.83,8.34,6.94,302.6,97.37,0.0
2020052118,12.57,11.36,12.84,36.21,11.5,4.28,301.9,97.41,0.0
2020052119,0.0,0.0,0.0,33.77,13.67,4.05,300.7,97.46,0.0
2020052120,0.0,0.0,0.0,32.51,15.13,3.86,299.8,97.5,0.0
2020052121,0.0,0.0,0.0,31.36,16.69,3.7,298.4,97.53,0.0
2020052122,0.0,0.0,0.0,30.36,18.17,3.63,296.7,97.54,0.0
2020052123,0.0,0.0,0.0,29.45,19.49,3.56,296.5,97.52,0.0
2020052200,0.0,0.0,0.0,28.58,20.65,3.49,297.7,97.49,0.0
2020052201,0.0,0.0,0.0,27.75,21.79,3.39,299.3,97.49,0.0
2020052202,0.0,0.0,0.0,26.91,23.07,3.21,303.9,97.49,0.0
2020052203,0.0,0.0,0.0,26.08,24.78,3.01,312.7,97.5,0.0
2020052204,0.0,0.0,0.0,25.43,26.57,2.7,323.9,97.53,0.0
2020052205,52.12,61.22,45.67,26.01,26.94,2.16,338.8,97.58,0.0
2020052206,231.02,294.1,136.48,29.32,23.4,1.99,358.8,97.63,0.0
2020052207,432.92,383.74,221.32,32.5,20.07,0.97,31.6,97.68,0.0
2020052208,657.17,576.42,230.32,38.09,13.2,0.39,19.4,97.73,0.0
2020052209,836.6,703.08,219.58,41.75,9.63,1.23,273.7,97.75,0.0
2020052210,958.3,793.01,187.45,43.39,8.78,1.99,267.1,97.74,0.0
2020052211,1008.05,846.69,157.71,44.53,8.38,2.72,271.9,97.7,0.0
2020052212,995.0,802.54,189.43,45.31,8.22,3.53,279.3,97.63,0.0
2020052213,914.05,777.08,189.5,45.63,8.25,4.31,286.5,97.57,0.0
2020052214,772.4,729.04,180.46,45.58,8.43,4.82,292.4,97.51,0.0
2020052215,582.92,650.07,161.87,45.09,8.75,4.97,296.0,97.48,0.0
2020052216,364.8,514.43,131.83,44.15,9.34,4.95,297.7,97.48,0.0
2020052217,151.45,293.08,78.93,42.5,10.55,3.94,298.3,97.51,0.0
2020052218,12.07,5.89,12.74,37.97,15.13,2.7,298.7,97.56,0.0
2020052219,0.0,0.0,0.0,36.4,16.82,2.57,298.6,97.64,0.0
2020052220,0.0,0.0,0.0,36.12,17.25,2.23,296.9,97.69,0.0
2020052221,0.0,0.0,0.0,35.99,17.32,1.9,292.9,97.72,0.0
2020052222,0.0,0.0,0.0,35.89,17.37,1.58,286.1,97.73,0.0
2020052223,0.0,0.0,0.0,35.61,17.55,1.33,278.2,97.72,0.0
2020052300,0.0,0.0,0.0,35.09,18.06,1.17,268.5,97.68,0.0
2020052301,0.0,0.0,0.0,34.09,19.05,1.31,257.7,97.65,0.0
2020052302,0.0,0.0,0.0,32.48,20.91,1.69,247.1,97.62,0.0
2020052303,0.0,0.0,0.0,30.98,22.94,2.0,241.9,97.63,0.0
2020052304,0.0,0.0,0.0,30.26,24.3,1.98,240.3,97.66,0.0
2020052305,45.62,25.0,43.97,30.48,24.8,1.6,237.8,97.72,0.0
2020052306,195.95,130.39,156.3,32.68,22.51,1.1,226.8,97.79,0.0
2020052307,390.08,216.56,287.94,35.22,19.55,0.67,168.9,97.84,0.0
2020052308,588.95,375.22,375.24,40.68,13.98,0.49,261.9,97.88,0.0
2020052309,797.17,604.52,255.29,43.42,11.86,1.23,292.0,97.88,0.0
2020052310,915.97,642.15,281.06,44.99,10.73,1.67,297.0,97.83,0.0
2020052311,936.28,580.23,278.84,46.19,9.89,2.26,293.5,97.76,0.0
2020052312,917.15,576.28,326.73,46.66,9.36,3.22,291.7,97.67,0.0
2020052313,824.45,557.29,274.53,46.64,9.04,4.31,293.5,97.61,0.0
2020052314,614.6,417.44,271.65,46.36,8.81,5.14,295.5,97.56,0.0
2020052315,420.38,329.75,195.48,45.77,8.74,5.72,293.3,97.52,0.0
2020052316,247.4,189.74,163.69,44.85,8.91,6.25,287.5,97.5,0.0
2020052317,102.38,76.66,84.3,43.26,9.66,5.8,283.4,97.52,0.0
2020052318,9.3,0.0,11.79,39.22,12.61,3.73,284.0,97.59,0.0
2020052319,0.0,0.0,0.0,37.09,14.87,3.66,287.0,97.67,0.0
2020052320,0.0,0.0,0.0,36.14,16.69,3.53,289.5,97.76,0.0
2020052321,0.0,0.0,0.0,35.35,18.5,3.41,290.2,97.82,0.0
2020052322,0.0,0.0,0.0,35.22,19.52,3.39,290.0,97.85,0.0
2020052323,0.0,0.0,0.0,34.84,20.5,3.7,291.9,97.87,0.0
2020052400,0.0,0.0,0.0,34.23,21.29,4.22,296.7,97.87,0.0
2020052401,0.0,0.0,0.0,33.39,22.0,4.61,303.8,97.85,0.0
2020052402,0.0,0.0,0.0,32.42,22.53,4.49,310.6,97.83,0.0
2020052403,0.0,0.0,0.0,31.03,23.54,3.63,315.7,97.82,0.0
2020052404,0.0,0.0,0.0,29.51,25.12,2.97,318.0,97.84,0.0
2020052405,46.45,20.99,43.6,29.76,24.59,2.68,314.5,97.89,0.0
2020052406,190.93,108.95,153.59,32.47,21.08,3.45,302.7,97.94,0.0
2020052407,391.6,187.1,276.68,36.15,17.03,3.1,284.4,97.98,0.0
2020052408,606.9,397.76,310.5,41.91,10.55,4.48,287.4,98.0,0.0
2020052409,801.7,571.18,295.31,43.82,9.12,4.88,288.9,97.99,0.0
2020052410,941.67,735.82,214.6,45.03,8.53,5.17,289.8,97.94,0.0
2020052411,971.72,716.25,218.85,45.79,8.21,5.53,290.2,97.87,0.0
2020052412,963.83,689.01,246.0,46.32,8.11,5.92,289.8,97.78,0.0
2020052413,878.15,648.2,268.19,46.47,8.29,6.39,288.9,97.69,0.0
2020052414,743.25,620.71,223.14,46.23,8.71,6.66,289.3,97.6,0.0
2020052415,556.3,539.74,197.56,45.63,9.16,6.71,290.9,97.54,0.0
2020052416,337.92,366.63,170.13,44.63,9.61,6.62,292.5,97.52,0.0
2020052417,136.15,161.11,93.69,43.1,10.33,5.8,294.7,97.54,0.0
2020052418,12.32,1.7,15.91,39.03,13.25,3.42,298.3,97.59,0.0
2020052419,0.0,0.0,0.0,36.75,15.22,3.34,303.3,97.65,0.0
2020052420,0.0,0.0,0.0,35.56,16.5,3.32,306.4,97.72,0.0
2020052421,0.0,0.0,0.0,34.48,17.92,3.32,307.5,97.76,0.0
2020052422,0.0,0.0,0.0,33.42,19.74,3.28,310.7,97.78,0.0
2020052423,0.0,0.0,0.0,32.44,22.08,3.28,317.0,97.78,0.0
2020052500,0.0,0.0,0.0,31.57,24.83,3.35,325.6,97.77,0.0
2020052501,0.0,0.0,0.0,30.86,27.66,3.42,333.4,97.75,0.0
2020052502,0.0,0.0,0.0,30.33,29.95,3.43,335.2,97.74,0.0
2020052503,0.0,0.0,0.0,29.84,31.69,3.26,334.4,97.75,0.0
2020052504,0.0,0.0,0.0,29.31,33.14,3.05,332.5,97.78,0.0
2020052505,48.97,37.48,44.61,30.06,32.16,3.03,328.1,97.83,0.0
2020052506,218.9,281.8,126.98,33.09,27.43,4.01,321.6,97.88,0.0
2020052507,430.05,457.42,179.9,36.95,21.72,3.37,309.5,97.92,0.0
2020052508,634.67,613.75,193.94,41.08,15.11,4.29,306.8,97.95,0.0
2020052509,805.97,671.17,216.53,42.71,13.72,4.5,299.2,97.94,0.0
2020052510,926.2,707.41,235.26,44.02,12.9,4.82,294.5,97.89,0.0
2020052511,1016.4,956.89,100.94,45.16,12.2,5.22,292.5,97.83,0.0
2020052512,1003.53,930.57,106.44,45.86,11.75,5.64,292.0,97.74,0.0
2020052513,924.95,878.35,120.82,46.09,11.39,6.08,292.5,97.66,0.0
2020052514,788.4,829.27,127.36,45.92,10.83,6.57,292.5,97.59,0.0
2020052515,603.17,757.5,119.17,45.42,10.37,6.9,292.0,97.53,0.0
2020052516,373.38,606.7,106.67,44.48,10.15,7.0,292.3,97.51,0.0
2020052517,158.1,363.53,73.2,43.07,10.27,6.33,293.2,97.51,0.0
2020052518,13.55,15.23,15.61,39.12,12.56,3.59,294.4,97.54,0.0
2020052519,0.0,0.0,0.0,36.68,14.34,3.39,296.6,97.6,0.0
2020052520,0.0,0.0,0.0,35.55,15.34,3.38,300.4,97.65,0.0
2020052521,0.0,0.0,0.0,34.54,16.54,3.37,304.7,97.68,0.0
2020052522,0.0,0.0,0.0,33.52,18.02,3.24,307.2,97.69,0.0
2020052523,0.0,0.0,0.0,32.66,19.32,3.06,304.2,97.67,0.0
2020052600,0.0,0.0,0.0,31.88,20.44,3.02,295.5,97.63,0.0
2020052601,0.0,0.0,0.0,31.62,20.98,3.17,289.9,97.63,0.0
2020052602,0.0,0.0,0.0,31.14,21.73,3.18,288.7,97.61,0.0
2020052603,0.0,0.0,0.0,30.44,22.83,2.97,287.0,97.61,0.0
2020052604,0.0,0.0,0.0,29.81,24.08,2.83,284.5,97.63,0.0
2020052605,48.38,33.81,41.22,30.24,24.15,2.86,280.7,97.67,0.0
2020052606,219.7,283.0,129.2,32.47,22.22,4.08,274.4,97.72,0.0
2020052607,443.58,488.28,172.12,35.57,19.78,4.34,267.1,97.77,0.0
2020052608,658.75,633.95,185.74,39.4,16.76,5.44,270.0,97.8,0.0
2020052609,829.25,691.22,221.2,42.5,13.86,5.96,278.3,97.79,0.0
2020052610,946.83,718.47,242.76,44.65,11.92,6.18,283.8,97.74,0.0
2020052611,989.83,762.03,204.04,46.16,10.9,6.47,285.8,97.65,0.0
2020052612,980.53,718.9,236.93,47.07,10.49,6.84,286.3,97.55,0.0
2020052613,863.97,582.5,289.74,47.42,10.32,7.13,287.6,97.45,0.0
2020052614,659.2,486.31,257.58,47.34,9.99,7.61,289.1,97.37,0.0
2020052615,488.65,400.8,217.96,46.74,9.17,8.04,290.6,97.33,0.0
2020052616,294.38,315.4,163.84,45.69,8.14,8.02,292.0,97.33,0.0
2020052617,122.78,99.96,98.85,44.07,8.0,6.64,291.9,97.35,0.0
2020052618,11.77,0.72,14.73,39.79,10.16,3.96,289.0,97.41,0.0
2020052619,0.0,0.0,0.0,37.51,12.02,3.82,286.0,97.48,0.0
2020052620,0.0,0.0,0.0,36.38,13.57,3.66,285.7,97.54,0.0
2020052621,0.0,0.0,0.0,35.23,15.28,3.39,287.5,97.57,0.0
2020052622,0.0,0.0,0.0,34.27,16.89,3.14,289.4,97.58,0.0
2020052623,0.0,0.0,0.0,33.53,18.17,2.8,290.9,97.56,0.0
2020052700,0.0,0.0,0.0,32.87,19.22,2.39,291.3,97.53,0.0
2020052701,0.0,0.0,0.0,32.26,20.21,1.99,289.1,97.5,0.0
2020052702,0.0,0.0,0.0,31.62,21.22,1.74,278.3,97.49,0.0
2020052703,0.0,0.0,0.0,30.97,22.26,1.78,264.5,97.48,0.0
2020052704,0.0,0.0,0.0,30.39,23.26,1.93,259.3,97.48,0.0
2020052705,40.17,7.29,37.27,30.67,23.28,1.94,261.1,97.51,0.0
2020052706,183.8,57.23,156.03,33.08,20.84,2.71,266.8,97.54,0.0
2020052707,383.25,200.33,264.49,35.59,18.99,2.8,269.0,97.57,0.0
2020052708,563.92,280.44,324.79,39.8,16.06,3.85,274.5,97.6,0.0
2020052709,748.15,458.58,338.64,42.97,13.51,4.37,284.5,97.6,0.0
2020052710,889.05,567.14,317.6,44.68,11.88,4.27,290.9,97.57,0.0
2020052711,879.0,499.6,312.27,46.35,10.39,4.24,291.9,97.5,0.0
2020052712,911.8,553.82,352.88,46.98,9.51,4.25,290.1,97.43,0.0
2020052713,807.1,434.51,348.44,47.23,8.8,4.28,287.7,97.34,0.0
2020052714,662.8,451.89,262.33,47.08,8.3,4.21,283.3,97.27,0.0
2020052715,499.77,446.74,203.67,46.53,7.96,4.27,279.0,97.2,0.0
2020052716,313.52,279.73,176.31,45.56,7.92,4.46,276.8,97.18,0.0
2020052717,133.07,122.93,101.15,43.85,8.37,3.61,278.1,97.18,0.0
2020052718,12.52,1.01,16.04,39.41,11.15,2.51,282.9,97.24,0.0
2020052719,0.0,0.0,0.0,38.69,11.44,1.97,288.3,97.33,0.0
2020052720,0.0,0.0,0.0,38.92,11.31,1.02,288.3,97.4,0.0
2020052721,0.0,0.0,0.0,38.43,11.69,0.29,287.8,97.48,0.0
2020052722,0.0,0.0,0.0,36.29,13.68,1.36,56.1,97.53,0.0
2020052723,0.0,0.0,0.0,33.88,17.65,4.32,67.2,97.6,0.0
2020052800,0.0,0.0,0.0,33.45,27.45,9.37,77.9,97.65,0.15
2020052801,0.0,0.0,0.0,31.24,36.75,9.96,88.1,97.65,0.15
2020052802,0.0,0.0,0.0,30.52,38.2,8.33,94.0,97.61,0.15
2020052803,0.0,0.0,0.0,30.15,38.9,7.12,95.9,97.59,0.0
2020052804,0.0,0.0,0.0,29.91,39.46,6.45,101.4,97.64,0.0
2020052805,31.12,12.77,27.79,30.05,39.9,5.63,106.8,97.7,0.0
2020052806,109.3,56.09,90.04,31.86,37.03,6.17,113.7,97.77,0.0
2020052807,211.48,136.66,160.56,34.86,31.29,7.47,129.0,97.81,0.0
2020052808,423.98,50.56,319.22,37.6,25.67,7.43,140.2,97.83,0.0
2020052809,571.38,179.16,380.61,39.44,22.4,6.9,143.7,97.81,0.0
2020052810,689.92,361.88,326.89,40.92,19.84,6.34,143.1,97.75,0.0
2020052811,855.33,376.38,353.79,42.02,18.01,5.91,141.0,97.65,0.0
2020052812,887.17,506.02,339.77,42.83,16.72,5.56,138.4,97.56,0.0
2020052813,828.4,557.02,283.76,43.23,16.06,5.27,135.8,97.46,0.0
2020052814,697.8,528.46,242.44,43.54,15.37,4.74,133.1,97.38,0.0
2020052815,513.92,429.52,213.67,43.35,15.04,4.22,128.9,97.32,0.0
2020052816,286.05,258.19,159.36,42.56,15.32,4.05,122.2,97.3,0.0
2020052817,113.05,83.53,89.68,41.31,16.16,4.26,112.7,97.31,0.0
2020052818,9.38,0.0,10.78,38.75,18.85,3.98,98.7,97.37,0.0
2020052819,0.0,0.0,0.0,37.76,21.18,6.89,90.7,97.44,0.0
2020052820,0.0,0.0,0.0,36.23,25.37,7.9,85.4,97.55,0.0
2020052821,0.0,0.0,0.0,34.61,30.38,7.61,82.1,97.65,0.0
2020052822,0.0,0.0,0.0,33.4,34.3,6.94,84.8,97.71,0.0
2020052823,0.0,0.0,0.0,32.37,37.11,6.09,88.6,97.72,0.0
2020052900,0.0,0.0,0.0,31.36,40.01,5.55,90.1,97.73,25.63
2020052901,0.0,0.0,0.0,30.28,43.66,5.31,90.2,97.72,25.63
2020052902,0.0,0.0,0.0,29.34,47.33,5.35,94.9,97.73,25.63
2020052903,0.0,0.0,0.0,28.74,50.08,5.38,103.0,97.76,0.0
2020052904,0.0,0.0,0.0,28.45,51.33,5.16,109.8,97.85,0.0
2020052905,36.67,0.75,33.17,28.71,50.54,5.55,115.3,97.95,0.0
2020052906,159.43,14.21,140.33,30.74,43.94,7.29,126.0,98.07,0.0
2020052907,332.85,108.84,273.15,33.34,36.33,9.22,138.7,98.15,0.0
2020052908,493.27,124.96,395.47,35.4,31.0,8.45,139.0,98.17,0.0
2020052909,633.7,144.79,494.2,37.24,26.87,7.45,135.4,98.15,0.0
2020052910,766.58,267.09,522.79,38.77,23.91,6.65,134.5,98.09,0.0
2020052911,787.83,234.86,497.65,39.97,21.79,5.96,136.3,97.99,0.0
2020052912,728.47,277.46,440.62,40.73,20.38,5.27,138.5,97.88,0.0
2020052913,733.95,337.25,465.84,40.97,19.6,4.81,136.0,97.78,0.0
2020052914,569.2,260.37,393.82,41.19,19.02,4.55,128.3,97.69,0.0
2020052915,337.2,60.64,249.76,40.94,19.08,4.37,122.1,97.65,0.0
2020052916,198.05,31.45,166.75,40.16,19.83,4.28,116.3,97.64,0.0
2020052917,87.18,7.08,75.18,38.9,21.28,4.55,107.0,97.67,0.0
2020052918,6.8,0.0,7.0,36.47,25.31,3.99,95.9,97.72,0.0
2020052919,0.0,0.0,0.0,35.22,27.59,5.43,91.2,97.77,0.01
2020052920,0.0,0.0,0.0,34.46,29.93,5.92,88.7,97.85,0.09
2020052921,0.0,0.0,0.0,33.31,33.88,5.84,80.1,97.92,0.05
2020052922,0.0,0.0,0.0,32.09,38.67,6.35,71.1,97.96,0.02
2020052923,0.0,0.0,0.0,31.15,42.55,6.97,69.1,97.99,1.65
2020053000,0.0,0.0,0.0,30.37,45.77,7.08,74.7,97.99,19.21
2020053001,0.0,0.0,0.0,29.57,48.89,6.88,83.8,97.99,36.39
2020053002,0.0,0.0,0.0,28.57,53.97,5.38,93.4,98.04,71.34
2020053003,0.0,0.0,0.0,27.22,64.09,4.15,104.2,98.1,26.82
2020053004,0.0,0.0,0.0,26.72,66.64,4.32,113.8,98.13,1.55
2020053005,31.38,0.34,29.47,27.03,63.56,4.95,120.8,98.18,1.18
2020053006,131.15,10.05,113.87,27.97,60.08,4.93,125.0,98.24,4.35
2020053007,267.42,42.53,202.84,30.29,49.91,4.28,130.8,98.31,1.92
2020053008,443.12,152.43,257.09,32.83,36.99,4.08,140.4,98.35,5.98
2020053009,638.33,242.47,362.03,33.97,33.82,3.96,137.2,98.35,7.27
2020053010,765.62,306.05,414.67,35.23,31.4,4.02,134.7,98.33,7.72
2020053011,916.45,519.54,332.76,36.31,29.39,4.08,136.1,98.27,2.1
2020053012,851.95,423.39,367.5,36.89,28.02,3.98,142.2,98.18,2.11
2020053013,767.78,460.68,314.69,36.4,28.25,3.79,150.0,98.1,2.57
2020053014,622.22,421.81,259.7,35.87,28.75,3.6,152.5,98.05,1.6
2020053015,469.67,325.92,228.11,35.48,29.22,3.09,150.5,98.0,0.07
2020053016,280.85,266.55,153.99,34.87,30.22,2.54,145.4,98.0,0.0
2020053017,124.0,114.02,95.33,33.86,34.27,1.94,135.0,98.03,0.0
2020053018,13.1,1.32,15.57,31.97,46.76,1.59,119.0,98.08,0.0
2020053019,0.0,0.0,0.0,30.85,48.47,2.04,110.4,98.15,0.0
2020053020,0.0,0.0,0.0,30.13,48.21,2.4,107.5,98.2,0.0
2020053021,0.0,0.0,0.0,29.65,47.67,2.8,106.0,98.23,0.0
2020053022,0.0,0.0,0.0,29.07,48.09,3.17,106.7,98.22,0.0
2020053023,0.0,0.0,0.0,28.49,49.12,3.38,108.3,98.2,0.02
2020053100,0.0,0.0,0.0,27.88,50.6,3.43,110.3,98.2,0.07
2020053101,0.0,0.0,0.0,27.29,52.29,3.42,111.2,98.19,0.81
2020053102,0.0,0.0,0.0,26.56,55.34,2.95,110.2,98.19,8.3
2020053103,0.0,0.0,0.0,25.84,59.81,2.4,108.4,98.21,23.78
2020053104,0.0,0.0,0.0,24.94,70.69,2.13,106.9,98.23,89.4
2020053105,34.9,1.65,32.98,24.8,78.77,2.0,104.8,98.25,114.53
2020053106,136.75,18.35,119.75,25.84,68.26,2.54,102.1,98.29,62.77
2020053107,270.7,55.58,205.04,27.18,65.12,2.1,104.9,98.32,33.3
2020053108,511.8,277.95,263.26,30.32,50.67,2.57,136.7,98.35,59.45
2020053109,695.35,383.89,323.82,31.62,47.69,2.57,138.0,98.36,0.84
2020053110,805.7,427.69,350.87,32.82,44.43,2.58,135.8,98.33,0.05
2020053111,832.45,353.5,370.62,33.92,41.41,2.39,137.7,98.29,0.0
2020053112,775.65,277.19,397.96,34.64,39.34,1.99,145.0,98.23,0.05
2020053113,608.28,110.89,397.79,34.85,38.45,1.44,159.3,98.18,2.37
2020053114,278.55,24.47,214.19,34.48,38.75,0.75,189.2,98.14,7.87
2020053115,88.68,0.15,74.87,33.81,40.18,0.41,267.2,98.11,25.37
2020053116,110.22,6.48,92.81,32.65,43.66,0.76,329.0,98.11,30.87
2020053117,69.75,5.53,60.38,31.51,48.69,1.26,352.3,98.14,6.83
2020053118,7.38,0.0,8.97,30.17,58.05,1.26,2.3,98.2,0.67
2020053119,0.0,0.0,0.0,29.06,64.65,1.13,7.1,98.26,3.89
2020053120,0.0,0.0,0.0,28.38,69.37,1.07,6.5,98.32,0.54
2020053121,0.0,0.0,0.0,28.07,69.81,0.87,5.9,98.36,0.01
2020053122,0.0,0.0,0.0,27.84,68.78,0.7,0.8,98.38,0.0
2020053123,0.0,0.0,0.0,27.48,68.76,0.69,357.5,98.38,0.02
2020060100,0.0,0.0,0.0,26.99,70.41,0.79,3.6,98.37,6.79
2020060101,0.0,0.0,0.0,26.46,72.85,0.94,16.1,98.35,6.78
2020060102,0.0,0.0,0.0,25.95,74.65,1.03,24.6,98.34,6.76
2020060103,0.0,0.0,0.0,25.59,75.17,1.01,30.9,98.34,0.0
2020060104,0.08,0.0,0.22,25.32,74.38,0.96,37.3,98.35,0.0
2020060105,37.33,1.4,34.77,25.67,72.6,0.91,47.2,98.39,0.0
2020060106,169.55,34.66,149.61,27.75,61.51,1.0,349.6,98.44,0.0
2020060107,351.6,148.38,252.53,30.11,51.68,2.16,321.0,98.47,0.01
2020060108,538.7,258.11,302.64,31.88,45.61,2.64,321.9,98.49,1.29
2020060109,725.8,455.02,292.78,33.44,41.11,2.79,324.3,98.48,6.06
2020060110,863.83,552.41,283.14,34.81,37.35,2.93,323.3,98.44,2.77
2020060111,920.47,525.26,310.71,35.93,34.33,3.11,318.8,98.38,1.29
2020060112,894.55,554.67,331.95,36.59,32.38,3.4,313.2,98.31,0.84
2020060113,850.5,604.64,262.55,36.84,31.32,3.72,308.0,98.25,0.05
2020060114,710.95,544.41,241.75,36.67,30.66,4.13,305.0,98.19,0.0
2020060115,475.0,342.97,218.63,36.11,30.87,4.47,303.6,98.15,0.0
2020060116,286.35,250.38,174.81,35.15,32.43,4.65,303.1,98.14,0.0
2020060117,126.0,96.54,100.59,33.87,35.3,4.45,305.4,98.16,0.0
2020060118,13.7,0.81,16.69,31.93,42.76,2.9,312.3,98.21,0.0
2020060119,0.0,0.0,0.0,30.74,47.39,2.55,323.8,98.26,0.0
2020060120,0.0,0.0,0.0,30.11,49.19,2.51,332.5,98.31,0.0
2020060121,0.0,0.0,0.0,29.49,50.95,2.39,337.6,98.32,0.0
2020060122,0.0,0.0,0.0,28.84,52.69,2.21,339.9,98.3,0.0
2020060123,0.0,0.0,0.0,28.27,54.04,2.12,341.0,98.27,0.0
2020060200,0.0,0.0,0.0,27.71,56.43,2.06,341.9,98.23,18.4
2020060201,0.0,0.0,0.0,27.07,60.99,2.02,343.3,98.19,18.4
2020060202,0.0,0.0,0.0,26.6,63.13,1.84,346.2,98.17,18.4
2020060203,0.0,0.0,0.0,26.38,63.92,1.56,351.9,98.18,0.0
2020060204,0.0,0.0,0.0,26.28,62.64,1.26,2.3,98.22,0.0
2020060205,36.28,13.12,32.42,26.76,59.52,1.02,24.3,98.28,0.0
2020060206,155.6,37.21,133.51,28.0,52.33,0.9,65.7,98.33,0.0
2020060207,266.9,61.98,206.5,31.41,41.64,0.68,141.6,98.36,0.0
2020060208,529.92,252.25,353.83,33.06,38.62,1.32,171.7,98.36,0.0
2020060209,716.35,333.03,403.73,34.43,36.05,1.75,182.9,98.34,0.0
2020060210,839.75,547.44,290.58,35.65,33.69,1.9,199.7,98.31,0.0
2020060211,903.92,564.09,292.81,36.39,32.07,2.02,218.2,98.25,0.0
2020060212,895.92,543.78,311.69,37.04,30.73,2.25,231.1,98.17,0.0
2020060213,802.17,484.64,311.27,37.42,29.93,2.62,239.2,98.09,0.0
2020060214,631.38,430.81,258.26,37.7,29.32,3.02,243.3,98.01,0.0
2020060215,504.48,425.99,195.26,37.33,29.89,3.28,248.0,97.96,0.0
2020060216,294.1,284.09,154.88,36.55,31.13,3.37,253.1,97.91,0.0
2020060217,123.85,120.98,95.82,35.4,33.47,3.21,258.9,97.89,0.0
2020060218,12.95,1.41,15.66,33.06,44.11,1.97,266.5,97.91,0.0
2020060219,0.0,0.0,0.0,31.64,48.71,2.06,276.1,97.96,0.0
2020060220,0.0,0.0,0.0,31.03,49.8,2.13,286.6,98.01,0.0
2020060221,0.0,0.0,0.0,30.36,51.15,2.24,298.5,98.04,0.0
2020060222,0.0,0.0,0.0,29.73,52.45,2.36,309.2,98.06,0.0
2020060223,0.0,0.0,0.0,29.09,53.69,2.51,318.2,98.05,0.0
2020060300,0.0,0.0,0.0,28.37,55.68,2.63,325.5,98.03,0.99
2020060301,0.0,0.0,0.0,27.67,58.4,2.65,330.9,98.01,0.99
2020060302,0.0,0.0,0.0,27.13,60.66,2.43,333.9,97.99,0.99
2020060303,0.0,0.0,0.0,26.72,62.22,2.1,336.5,97.98,0.0
2020060304,0.0,0.0,0.0,26.41,63.02,1.85,339.8,98.0,0.0
2020060305,45.67,25.6,39.78,27.33,60.32,1.48,345.5,98.05,0.0
2020060306,172.12,153.92,124.08,29.27,53.04,0.96,357.6,98.1,0.0
2020060307,379.4,234.05,245.64,32.97,41.04,0.87,198.0,98.14,0.0
2020060308,586.35,377.4,286.93,34.77,36.41,1.61,222.2,98.17,0.0
2020060309,756.53,490.05,301.2,36.07,33.21,1.73,226.6,98.17,0.0
2020060310,875.35,537.87,328.58,37.28,30.07,1.7,227.9,98.12,0.0
2020060311,944.12,650.09,241.36,38.33,27.45,1.6,232.3,98.05,0.0
2020060312,894.7,560.61,300.65,39.07,25.42,1.48,246.9,97.96,0.0
2020060313,784.47,489.2,307.99,39.49,23.99,1.5,270.4,97.86,0.0
2020060314,597.7,419.37,243.85,39.58,23.1,1.78,292.4,97.78,0.0
2020060315,424.05,307.06,211.92,39.33,22.68,2.11,304.7,97.72,0.0
2020060316,250.38,187.93,168.61,38.6,23.01,2.29,312.7,97.69,0.0
2020060317,103.28,50.98,90.8,37.4,24.63,2.21,321.3,97.69,0.0
2020060318,12.18,0.67,14.73,34.83,37.91,1.51,336.7,97.75,0.0
2020060319,0.0,0.0,0.0,33.56,39.87,1.83,355.6,97.79,0.0
2020060320,0.0,0.0,0.0,32.77,41.47,2.03,11.1,97.84,0.0
2020060321,0.0,0.0,0.0,31.79,42.79,2.21,25.5,97.86,0.0
2020060322,0.0,0.0,0.0,30.82,44.37,2.29,40.6,97.85,0.0
2020060323,0.0,0.0,0.0,30.09,46.15,2.26,51.5,97.85,0.0
2020060400,0.0,0.0,0.0,29.32,48.38,2.23,59.9,97.83,0.11
2020060401,0.0,0.0,0.0,28.56,50.91,2.27,68.0,97.82,0.11
2020060402,0.0,0.0,0.0,27.74,54.15,2.36,77.8,97.81,0.11
2020060403,0.0,0.0,0.0,27.19,57.03,2.37,85.9,97.81,0.0
2020060404,0.0,0.0,0.0,26.75,59.42,2.28,92.0,97.83,0.0
2020060405,36.85,1.78,33.84,27.54,57.81,2.79,96.2,97.89,0.0
2020060406,130.7,6.54,116.12,29.68,50.83,3.4,103.6,97.94,0.0
2020060407,239.05,7.76,206.03,33.11,39.59,3.3,117.8,98.0,0.0
2020060408,360.65,15.96,287.22,35.51,32.91,3.05,127.5,98.01,0.0
2020060409,494.45,48.96,364.52,36.87,30.46,2.89,129.5,97.99,0.01
2020060410,525.3,66.66,346.56,37.85,28.98,2.69,126.7,97.93,0.36
2020060411,466.73,53.51,268.64,38.32,28.25,2.64,121.0,97.84,1.67
2020060412,381.75,13.46,297.54,38.37,27.92,2.82,114.3,97.75,3.85
2020060413,278.0,7.22,220.22,37.65,29.17,3.1,110.6,97.67,7.1
2020060414,258.65,38.18,204.94,36.69,31.88,3.06,116.4,97.64,9.75
2020060415,138.77,4.12,117.56,35.26,36.22,3.0,132.0,97.64,9.25
2020060416,77.68,0.81,66.08,33.83,41.27,3.19,153.4,97.68,12.31
2020060417,34.8,0.36,30.45,32.31,47.21,3.71,174.3,97.75,7.88
2020060418,5.18,0.0,5.32,30.71,54.16,4.17,191.5,97.85,5.56
2020060419,0.0,0.0,0.0,29.27,60.85,4.79,201.8,97.93,4.23
2020060420,0.0,0.0,0.0,28.37,65.39,5.05,208.7,98.0,3.29
2020060421,0.0,0.0,0.0,27.81,68.03,4.24,211.6,98.03,3.45
2020060422,0.0,0.0,0.0,27.39,69.6,3.29,208.1,98.04,2.03
2020060423,0.0,0.0,0.0,27.07,70.05,2.9,204.7,98.03,1.68
2020060500,0.0,0.0,0.0,26.71,70.25,2.68,204.7,98.0,0.93
2020060501,0.0,0.0,0.0,26.35,70.43,2.5,206.7,97.97,0.74
2020060502,0.0,0.0,0.0,26.07,70.54,2.52,210.7,97.96,0.74
2020060503,0.0,0.0,0.0,25.8,70.94,2.74,214.2,97.96,0.58
2020060504,0.0,0.0,0.0,25.58,71.27,2.83,216.4,97.98,0.54
2020060505,35.03,2.22,32.13,25.67,70.26,3.06,218.0,98.02,1.02
2020060506,129.77,19.21,113.3,26.71,65.49,3.68,218.9,98.07,3.77
2020060507,268.4,64.09,200.28,28.78,57.03,4.18,219.6,98.09,2.72
2020060508,452.67,134.21,304.88,31.11,48.66,4.25,222.3,98.09,0.32
2020060509,609.9,212.33,349.31,32.99,42.26,3.77,227.7,98.08,0.37
2020060510,771.67,295.66,396.3,34.55,37.05,2.96,233.2,98.01,0.37
2020060511,857.22,427.88,383.46,35.74,33.24,2.15,240.2,97.93,0.35
2020060512,857.83,428.45,381.06,36.62,30.55,1.56,249.0,97.83,0.29
2020060513,765.3,425.29,340.03,37.12,28.85,1.23,257.8,97.74,0.22
2020060514,566.3,269.4,302.81,37.15,28.02,0.71,265.2,97.68,0.15
2020060515,312.65,104.98,199.87,36.72,28.3,0.09,6.3,97.63,0.18
2020060516,182.62,42.53,152.18,36.0,29.17,0.74,83.0,97.62,0.13
2020060517,80.95,13.07,72.87,34.9,31.12,1.58,96.5,97.65,0.1
2020060518,10.62,1.03,12.07,32.74,41.24,1.75,104.6,97.71,0.01
2020060519,0.0,0.0,0.0,31.17,45.07,2.49,114.2,97.78,0.01
2020060520,0.0,0.0,0.0,30.48,46.39,3.06,125.1,97.87,0.02
2020060521,0.0,0.0,0.0,29.83,48.47,3.49,135.7,97.93,0.04
2020060522,0.0,0.0,0.0,29.14,50.75,3.9,141.9,97.94,0.06
2020060523,0.0,0.0,0.0,28.36,53.73,4.0,147.5,97.93,0.11
2020060600,0.0,0.0,0.0,27.65,56.79,4.05,155.5,97.93,0.18
2020060601,0.0,0.0,0.0,27.06,59.87,4.13,164.9,97.92,0.37
2020060602,0.0,0.0,0.0,26.6,62.7,4.24,170.8,97.91,0.42
2020060603,0.0,0.0,0.0,26.27,64.97,4.06,174.1,97.91,0.11
2020060604,0.0,0.0,0.0,26.01,66.64,3.65,175.4,97.93,0.03
2020060605,41.03,18.95,36.84,26.15,66.34,3.82,175.8,97.97,0.01
2020060606,162.15,141.16,129.32,27.69,58.62,4.14,181.0,97.99,0.12
2020060607,343.65,143.74,273.92,29.81,48.76,3.35,183.3,98.03,1.05
2020060608,516.2,281.59,360.86,31.56,43.12,2.58,176.7,98.04,2.03
2020060609,684.03,350.78,378.85,33.13,39.4,2.13,170.3,98.03,2.56
2020060610,819.12,419.86,379.09,34.42,36.91,1.81,165.0,97.99,2.4
2020060611,902.15,496.92,312.52,35.24,35.44,1.52,161.2,97.92,1.91
2020060612,880.47,478.05,331.0,35.78,34.35,1.31,164.5,97.86,1.34
2020060613,813.97,463.79,356.8,36.06,33.7,1.23,174.9,97.8,1.14
2020060614,607.33,357.02,282.48,35.97,33.46,1.15,194.0,97.74,0.55
2020060615,407.23,205.37,240.43,35.68,33.39,1.19,212.0,97.69,0.32
2020060616,246.77,148.34,166.87,35.23,33.73,1.21,222.0,97.66,0.13
2020060617,111.88,58.09,96.7,34.5,34.93,1.12,225.0,97.65,0.04
2020060618,14.62,2.8,17.22,33.48,41.97,0.75,215.2,97.68,0.01
2020060619,0.0,0.0,0.0,32.89,45.1,0.75,195.5,97.73,0.0
2020060620,0.0,0.0,0.0,32.25,45.5,1.07,163.1,97.78,0.0
2020060621,0.0,0.0,0.0,31.25,48.24,1.64,148.4,97.83,0.0
2020060622,0.0,0.0,0.0,30.43,50.32,2.08,147.1,97.86,0.02
2020060623,0.0,0.0,0.0,29.7,51.88,2.43,148.1,97.86,0.04
2020060700,0.0,0.0,0.0,29.13,53.07,2.74,149.3,97.85,0.07
2020060701,0.0,0.0,0.0,28.67,54.64,3.03,149.0,97.82,0.1
2020060702,0.0,0.0,0.0,28.35,56.27,2.94,151.8,97.82,0.1
2020060703,0.0,0.0,0.0,28.14,57.65,2.62,158.0,97.83,0.05
2020060704,0.0,0.0,0.0,28.03,58.57,2.38,165.4,97.86,0.02
2020060705,40.85,19.43,36.4,28.44,57.26,2.79,174.2,97.9,0.03
2020060706,159.4,104.07,121.96,29.76,52.78,3.08,184.5,97.95,0.07
2020060707,307.4,133.32,218.24,32.66,42.7,2.47,209.1,97.99,0.51
2020060708,546.6,344.62,296.19,34.47,38.09,1.69,234.6,97.99,46.88
2020060709,564.58,303.3,293.92,34.98,38.84,1.25,243.4,97.98,71.54
2020060710,550.0,330.03,259.67,35.27,40.19,1.01,255.1,97.96,28.92
2020060711,751.67,403.23,323.29,35.81,39.33,1.02,276.2,97.9,18.2
2020060712,767.35,410.83,319.38,36.31,37.98,1.3,293.0,97.82,10.55
2020060713,802.53,484.57,323.8,36.61,36.73,1.74,299.7,97.75,6.2
2020060714,686.85,469.71,260.04,36.78,35.18,2.19,302.3,97.69,0.9
2020060715,510.58,397.58,225.6,36.71,34.42,2.57,304.9,97.63,0.15
2020060716,311.7,275.24,175.19,36.21,34.74,2.79,307.3,97.59,0.07
2020060717,132.23,108.47,101.27,35.18,37.75,2.54,311.7,97.6,0.03
2020060718,15.7,1.27,17.88,33.06,51.54,1.6,328.3,97.62,0.02
2020060719,0.0,0.0,0.0,31.86,53.73,1.7,350.2,97.65,0.03
2020060720,0.0,0.0,0.0,31.37,53.05,1.64,9.1,97.69,0.03
2020060721,0.0,0.0,0.0,30.93,53.66,1.52,25.4,97.72,0.04
2020060722,0.0,0.0,0.0,30.48,54.78,1.42,39.9,97.73,0.05
2020060723,0.0,0.0,0.0,29.94,56.39,1.37,51.5,97.73,0.05
2020060800,0.0,0.0,0.0,29.34,58.17,1.37,61.2,97.72,0.08
2020060801,0.0,0.0,0.0,28.67,59.95,1.43,67.4,97.7,0.12
2020060802,0.0,0.0,0.0,28.12,61.17,1.4,69.1,97.71,0.18
2020060803,0.0,0.0,0.0,27.68,62.11,1.32,65.4,97.73,0.18
2020060804,0.0,0.0,0.0,27.32,62.61,1.2,59.0,97.78,0.11
2020060805,43.83,10.06,39.35,27.72,61.74,1.04,46.9,97.84,0.1
2020060806,177.25,83.49,146.88,29.08,54.02,0.94,30.6,97.9,0.06
2020060807,368.92,307.55,276.73,32.45,41.83,0.84,297.8,97.95,1.2
2020060808,541.08,220.48,336.11,34.36,36.09,1.43,292.2,97.97,0.0
2020060809,756.42,516.1,270.59,35.77,33.35,1.63,304.5,97.97,0.0
2020060810,870.95,566.69,278.46,37.03,31.19,1.87,310.7,97.93,0.0
2020060811,941.85,662.26,253.35,38.12,29.4,2.2,311.7,97.85,0.0
2020060812,915.1,592.83,278.49,38.88,28.22,2.61,311.9,97.76,0.0
2020060813,801.0,513.86,294.07,39.27,27.59,3.1,312.1,97.68,0.0
2020060814,712.83,540.98,246.14,39.38,27.12,3.63,307.8,97.61,0.0
2020060815,544.95,489.95,208.24,39.1,26.95,4.01,304.3,97.55,0.0
2020060816,309.62,310.9,162.53,38.4,27.4,4.25,303.9,97.51,0.0
2020060817,122.6,128.52,86.1,37.23,29.0,4.24,305.3,97.51,0.0
2020060818,13.57,2.74,15.36,34.57,37.73,2.6,309.1,97.55,0.0
2020060819,0.0,0.0,0.0,32.82,42.93,2.54,314.5,97.61,0.0
2020060820,0.0,0.0,0.0,32.01,44.75,2.54,320.1,97.7,0.0
2020060821,0.0,0.0,0.0,31.3,46.52,2.49,323.8,97.76,0.0
2020060822,0.0,0.0,0.0,30.71,48.23,2.36,324.5,97.79,0.0
2020060823,0.0,0.0,0.0,30.22,49.6,2.19,322.6,97.79,0.0
2020060900,0.0,0.0,0.0,29.77,50.78,2.06,319.5,97.79,0.15
2020060901,0.0,0.0,0.0,29.28,52.08,2.03,316.4,97.79,0.15
2020060902,0.0,0.0,0.0,28.87,53.29,1.9,314.6,97.78,0.15
2020060903,0.0,0.0,0.0,28.6,54.26,1.67,313.5,97.8,0.0
2020060904,0.0,0.0,0.0,28.36,54.92,1.46,312.8,97.83,0.0
2020060905,43.92,27.59,38.91,28.85,54.49,1.18,311.2,97.88,0.0
2020060906,180.48,174.7,128.65,30.53,46.14,1.08,301.3,97.93,0.0
2020060907,388.1,348.65,278.19,34.37,35.32,0.85,280.9,97.97,0.0
2020060908,563.65,302.49,326.39,36.68,30.85,1.35,286.8,97.97,0.0
2020060909,779.42,607.45,227.63,38.19,28.88,1.82,299.9,97.96,0.0
2020060910,894.95,643.48,257.22,39.54,27.26,2.31,310.3,97.92,0.0
2020060911,907.42,552.16,303.93,40.59,25.98,2.8,317.8,97.85,0.0
2020060912,883.15,500.1,324.34,41.38,25.07,3.27,323.3,97.76,0.0
2020060913,808.05,465.24,338.29,41.78,24.68,3.69,327.2,97.68,0.0
2020060914,684.55,464.17,277.36,41.95,24.23,4.09,328.0,97.6,0.0
2020060915,483.9,363.84,223.96,41.62,24.21,4.35,327.3,97.53,0.0
2020060916,284.5,225.43,166.36,40.8,25.04,4.44,326.4,97.5,0.0
2020060917,120.4,78.36,93.19,39.47,27.09,4.14,325.5,97.51,0.0
2020060918,14.68,0.88,17.27,36.51,36.86,2.45,326.8,97.55,0.0
2020060919,0.0,0.0,0.0,34.8,41.76,2.46,330.0,97.6,0.0
2020060920,0.0,0.0,0.0,34.0,43.78,2.36,338.9,97.67,0.0
2020060921,0.0,0.0,0.0,33.32,45.35,2.23,354.9,97.72,0.0
2020060922,0.0,0.0,0.0,32.63,46.64,2.2,13.2,97.74,0.0
2020060923,0.0,0.0,0.0,31.91,47.75,2.32,29.8,97.71,0.0
2020061000,0.0,0.0,0.0,31.26,48.52,2.48,42.9,97.69,0.16
2020061001,0.0,0.0,0.0,30.65,49.67,2.66,53.6,97.68,0.16
2020061002,0.0,0.0,0.0,30.04,51.72,2.61,63.6,97.68,0.16
2020061003,0.0,0.0,0.0,29.54,54.03,2.28,74.0,97.7,0.0
2020061004,0.0,0.0,0.0,29.28,55.54,1.87,88.8,97.73,0.0
2020061005,43.33,10.95,39.12,29.79,53.37,1.94,111.8,97.78,0.0
2020061006,173.77,129.68,140.54,30.99,48.89,1.89,140.2,97.83,0.0
2020061007,348.17,246.58,267.27,34.57,37.63,1.28,175.5,97.87,0.0
2020061008,531.1,331.5,363.21,37.78,30.05,0.74,235.5,97.88,0.0
2020061009,692.15,343.29,349.48,39.59,27.83,0.97,306.6,97.87,0.0
2020061010,821.28,399.47,380.21,41.09,26.18,1.52,331.8,97.82,0.0
2020061011,881.1,471.91,380.75,42.24,24.92,1.85,337.0,97.74,0.0
2020061012,810.95,417.79,334.2,42.97,24.07,2.14,336.0,97.63,0.0
2020061013,761.95,411.33,327.98,43.35,23.41,2.43,332.6,97.53,0.0
2020061014,660.03,398.57,298.4,43.25,23.01,2.85,325.3,97.45,0.0
2020061015,440.35,267.07,237.36,42.86,22.62,3.39,319.3,97.4,0.0
2020061016,253.02,144.34,168.82,42.06,22.82,3.9,316.4,97.38,0.0
2020061017,111.05,39.69,100.35,40.72,24.46,3.79,315.0,97.4,0.0
2020061018,12.12,0.0,13.95,37.58,34.55,2.4,314.3,97.47,0.0
2020061019,0.0,0.0,0.0,35.76,39.11,2.5,315.0,97.54,0.0
2020061020,0.0,0.0,0.0,34.87,41.24,2.37,319.5,97.61,0.0
2020061021,0.0,0.0,0.0,34.31,42.45,2.04,329.4,97.65,0.0
2020061022,0.0,0.0,0.0,34.22,41.26,1.61,346.7,97.64,0.0
2020061023,0.0,0.0,0.0,33.95,39.51,1.38,14.6,97.61,0.0
2020061100,0.0,0.0,0.0,33.0,42.36,1.52,41.0,97.58,0.75
2020061101,0.0,0.0,0.0,31.89,47.11,1.76,57.8,97.55,0.75
2020061102,0.0,0.0,0.0,31.2,49.56,1.86,68.3,97.54,0.75
2020061103,0.0,0.0,0.0,30.53,51.29,1.88,75.8,97.57,0.0
2020061104,0.0,0.0,0.0,30.05,52.75,1.81,82.4,97.63,0.0
2020061105,38.45,5.68,38.2,30.64,52.16,1.5,86.9,97.69,0.0
2020061106,155.07,83.76,120.87,32.43,42.71,1.75,88.0,97.76,0.0
2020061107,336.67,118.13,240.08,35.48,34.91,0.96,52.2,97.82,0.02
2020061108,537.65,270.02,299.21,38.38,28.27,1.16,342.5,97.83,0.0
2020061109,710.1,396.67,330.96,39.48,27.55,1.6,340.7,97.82,0.0
2020061110,856.08,518.08,325.64,40.45,26.83,1.95,343.0,97.77,0.0
2020061111,860.8,419.93,375.9,41.18,26.34,2.26,342.5,97.7,0.0
2020061112,850.0,426.98,338.43,41.72,26.01,2.59,338.7,97.59,0.0
2020061113,729.25,368.61,345.04,41.98,25.91,2.93,334.3,97.49,0.0
2020061114,627.72,313.13,330.6,41.94,25.98,3.03,330.7,97.4,0.0
2020061115,464.15,252.27,262.4,41.58,26.21,2.9,328.4,97.34,0.0
2020061116,283.4,147.16,193.49,40.82,27.08,2.71,327.2,97.31,0.0
2020061117,116.38,37.29,102.65,39.66,29.0,2.34,328.8,97.32,0.0
2020061118,15.5,0.0,18.99,37.77,37.45,1.23,335.9,97.36,0.0
2020061119,0.0,0.0,0.0,37.11,39.03,0.55,10.5,97.43,0.0
2020061120,0.0,0.0,0.0,36.57,40.03,0.7,114.4,97.49,0.0
2020061121,0.0,0.0,0.0,35.26,43.47,1.48,139.6,97.54,0.0
2020061122,0.0,0.0,0.0,34.1,47.11,2.06,148.5,97.56,0.0
2020061123,0.0,0.0,0.0,33.46,47.51,2.39,154.2,97.57,0.0
2020061200,0.0,0.0,0.0,32.94,48.69,2.52,158.3,97.54,0.0
2020061201,0.0,0.0,0.0,32.5,49.36,2.54,160.2,97.51,0.0
2020061202,0.0,0.0,0.0,32.09,49.96,2.44,160.8,97.49,0.0
2020061203,0.0,0.0,0.0,31.71,50.42,2.25,159.5,97.49,0.0
2020061204,0.0,0.0,0.0,31.33,50.52,2.15,157.0,97.51,0.0
2020061205,34.05,1.12,33.39,31.99,49.56,1.91,154.0,97.55,0.0
2020061206,138.7,32.38,126.58,34.32,39.73,2.73,151.8,97.59,0.0
2020061207,283.48,64.58,213.53,37.4,31.9,1.59,129.4,97.63,0.0
2020061208,470.02,162.43,311.1,39.12,28.68,1.2,94.3,97.65,0.0
2020061209,619.03,211.57,356.6,40.25,27.1,1.15,75.4,97.64,0.0
2020061210,770.25,339.39,392.26,41.24,25.6,1.12,57.0,97.58,0.0
2020061211,839.55,382.34,403.3,42.07,24.39,1.1,39.5,97.49,0.0
2020061212,785.78,314.67,393.68,42.66,23.51,1.12,20.9,97.39,0.0
2020061213,700.42,340.17,336.07,42.98,22.94,1.22,4.7,97.3,0.0
2020061214,612.72,343.36,292.43,42.88,22.89,1.43,354.8,97.2,0.0
2020061215,399.52,239.2,204.2,42.41,23.36,1.71,349.5,97.14,0.0
2020061216,269.8,139.71,181.14,41.59,24.34,1.86,348.2,97.11,0.0
2020061217,111.15,39.75,96.44,40.4,26.17,1.71,353.3,97.14,0.0
2020061218,14.98,0.34,17.67,38.45,35.9,1.03,18.6,97.19,0.0
2020061219,0.0,0.0,0.0,37.09,39.01,1.17,66.9,97.28,0.0
2020061220,0.0,0.0,0.0,35.96,41.09,1.75,94.6,97.35,0.0
2020061221,0.0,0.0,0.0,35.0,41.93,2.25,108.9,97.4,0.0
2020061222,0.0,0.0,0.0,34.35,41.6,2.63,120.2,97.41,0.0
2020061223,0.0,0.0,0.0,33.75,41.74,2.9,128.4,97.39,0.0
2020061300,0.0,0.0,0.0,33.34,42.1,3.01,134.1,97.36,0.02
2020061301,0.0,0.0,0.0,32.69,43.62,2.94,139.1,97.34,0.02
2020061302,0.0,0.0,0.0,32.05,45.36,2.81,146.5,97.34,0.02
2020061303,0.0,0.0,0.0,31.49,47.06,2.66,155.6,97.37,0.0
2020061304,0.0,0.0,0.0,30.98,48.71,2.5,164.0,97.42,0.0
2020061305,33.72,0.59,29.98,31.5,46.9,2.81,169.3,97.5,0.0
2020061306,140.2,8.69,118.41,33.15,41.69,3.47,168.5,97.61,0.0
2020061307,294.65,51.5,248.04,35.97,33.99,3.17,164.8,97.71,0.0
2020061308,460.55,119.1,347.65,37.8,29.83,2.91,155.0,97.74,0.28
2020061309,642.08,400.01,395.94,39.23,27.66,3.15,145.9,97.72,0.81
2020061310,718.83,371.15,319.69,40.26,26.28,3.29,141.7,97.66,0.81
2020061311,726.03,343.71,305.51,41.05,25.32,3.07,138.8,97.58,0.19
2020061312,388.2,172.23,179.36,41.92,24.2,2.55,135.6,97.49,0.03
2020061313,178.82,65.31,106.79,42.41,23.49,2.0,131.3,97.4,0.0
2020061314,113.38,14.31,87.4,42.49,23.07,1.22,113.6,97.33,0.0
2020061315,196.68,33.94,156.94,41.98,23.32,0.91,55.8,97.28,0.0
2020061316,149.18,11.45,128.28,41.16,24.03,1.39,28.4,97.26,0.0
2020061317,68.72,5.96,58.31,39.97,25.6,1.76,32.0,97.27,0.13
2020061318,9.93,0.0,11.23,37.78,34.6,1.49,48.0,97.33,0.01
2020061319,0.0,0.0,0.0,36.05,39.71,1.8,67.8,97.41,0.0
2020061320,0.0,0.0,0.0,35.1,41.06,2.04,82.4,97.5,0.0
2020061321,0.0,0.0,0.0,34.27,42.0,2.16,95.1,97.58,0.0
2020061322,0.0,0.0,0.0,33.48,42.87,2.26,105.1,97.62,0.0
2020061323,0.0,0.0,0.0,32.73,43.84,2.32,111.8,97.62,0.0
2020061400,0.0,0.0,0.0,32.04,44.99,2.36,115.9,97.62,0.15
2020061401,0.0,0.0,0.0,31.41,46.59,2.36,118.3,97.61,0.15
2020061402,0.0,0.0,0.0,30.88,48.5,2.35,119.8,97.61,0.15
2020061403,0.0,0.0,0.0,30.41,50.79,2.3,121.5,97.62,0.0
2020061404,0.0,0.0,0.0,30.03,52.87,2.25,124.0,97.66,0.0
2020061405,37.28,1.81,33.1,30.81,51.19,2.8,125.4,97.73,0.0
2020061406,141.62,30.67,122.93,32.95,44.21,3.45,128.8,97.81,0.15
2020061407,278.67,54.81,214.18,34.9,38.08,3.1,134.5,97.87,0.55
2020061408,469.83,179.06,343.53,36.13,35.62,2.53,132.6,97.9,2.79
2020061409,649.45,312.18,335.78,37.48,32.9,1.96,121.7,97.89,2.26
2020061410,684.42,219.4,383.48,38.78,30.36,1.53,103.2,97.84,3.43
2020061411,764.5,392.63,341.64,39.92,28.26,1.22,76.8,97.75,1.95
2020061412,666.47,309.22,305.51,40.83,26.56,1.2,38.6,97.65,0.6
2020061413,745.2,378.47,356.88,41.44,25.26,1.7,11.9,97.56,0.05
2020061414,630.95,360.73,297.95,41.75,24.42,2.24,2.8,97.48,0.0
2020061415,453.8,259.21,239.21,41.61,24.28,2.62,359.6,97.43,0.0
2020061416,261.73,169.66,171.83,40.97,24.75,2.78,358.8,97.39,0.0
2020061417,115.6,59.69,93.56,39.88,26.06,2.63,0.4,97.41,0.0
2020061418,15.18,0.42,18.09,37.55,35.75,1.52,9.1,97.46,0.0
2020061419,0.0,0.0,0.0,36.51,37.63,1.37,29.4,97.53,0.0
2020061420,0.0,0.0,0.0,36.31,37.13,1.0,68.3,97.6,0.0
2020061421,0.0,0.0,0.0,35.55,37.78,1.12,124.4,97.66,0.0
2020061422,0.0,0.0,0.0,34.24,42.28,1.55,151.9,97.67,0.0
2020061423,0.0,0.0,0.0,33.09,45.99,1.88,166.8,97.64,0.0
2020061500,0.0,0.0,0.0,32.22,47.92,2.1,177.0,97.6,0.44
2020061501,0.0,0.0,0.0,31.5,49.5,2.3,184.2,97.56,0.44
2020061502,0.0,0.0,0.0,30.88,51.4,2.28,185.5,97.54,0.44
2020061503,0.0,0.0,0.0,30.25,53.89,2.24,181.3,97.54,0.0
2020061504,0.0,0.0,0.0,29.68,56.51,2.23,177.7,97.56,0.0
2020061505,39.35,11.81,36.37,30.35,56.25,2.56,178.7,97.6,0.0
2020061506,154.4,123.76,114.2,32.48,49.23,3.13,182.4,97.64,0.02
2020061507,353.23,186.06,232.67,35.17,37.85,2.27,186.1,97.67,0.01
2020061508,543.7,385.23,247.63,37.2,31.17,1.12,176.4,97.69,0.0
2020061509,752.72,556.9,247.8,38.9,27.63,0.28,140.7,97.7,0.0
2020061510,873.4,596.26,280.35,40.34,25.41,0.28,19.1,97.65,0.0
2020061511,882.88,462.84,366.75,41.49,23.48,0.53,341.2,97.58,0.0
2020061512,834.12,519.5,281.74,42.41,21.67,0.91,325.3,97.48,0.0
2020061513,717.75,453.1,274.48,43.0,20.31,1.35,320.4,97.37,0.0
2020061514,680.97,447.05,282.89,43.11,19.36,2.01,318.8,97.27,0.0
2020061515,509.45,379.13,233.65,42.86,18.39,2.78,319.7,97.18,0.0
2020061516,300.25,266.16,165.12,42.19,17.6,3.42,321.5,97.12,0.0
2020061517,134.5,120.02,96.66,40.87,18.25,3.15,325.6,97.11,0.0
2020061518,17.12,1.6,20.08,37.32,28.84,2.19,335.8,97.14,0.0
2020061519,0.0,0.0,0.0,35.49,31.13,2.35,346.0,97.2,0.0
2020061520,0.0,0.0,0.0,34.57,31.65,2.27,353.2,97.27,0.0
2020061521,0.0,0.0,0.0,34.03,31.28,2.02,0.9,97.34,0.0
2020061522,0.0,0.0,0.0,33.82,29.78,1.65,15.1,97.36,0.0
2020061523,0.0,0.0,0.0,33.62,27.92,1.33,40.4,97.36,0.0
2020061600,0.0,0.0,0.0,32.96,28.43,1.26,78.6,97.33,0.68
2020061601,0.0,0.0,0.0,31.86,30.54,1.53,110.3,97.3,0.68
2020061602,0.0,0.0,0.0,31.08,32.91,1.61,121.0,97.28,0.68
2020061603,0.0,0.0,0.0,30.93,33.71,1.36,116.8,97.29,0.0
2020061604,0.0,0.0,0.0,30.64,34.6,1.04,100.0,97.31,0.0
2020061605,40.4,14.84,36.41,30.7,36.95,0.94,72.7,97.36,0.0
2020061606,163.77,69.02,134.31,32.39,32.28,1.3,58.5,97.41,0.0
2020061607,330.73,100.66,236.46,35.59,24.83,1.55,36.4,97.43,0.0
2020061608,510.48,345.52,257.71,39.47,15.82,2.09,359.5,97.42,0.0
2020061609,747.3,557.46,249.74,40.87,14.9,2.02,350.9,97.4,0.0
2020061610,896.03,666.02,241.49,41.96,14.51,1.98,343.3,97.36,0.0
2020061611,919.9,613.81,270.94,42.8,14.29,1.99,338.7,97.28,0.0
2020061612,871.42,486.3,324.93,43.33,14.19,2.01,338.4,97.19,0.0
2020061613,789.15,511.91,284.43,43.56,14.22,2.04,342.0,97.11,0.0
2020061614,653.33,433.62,260.71,43.51,14.43,2.17,346.9,97.03,0.0
2020061615,450.6,331.57,214.88,43.06,14.8,2.28,351.7,96.98,0.0
2020061616,266.25,207.33,168.45,42.18,15.46,2.26,359.2,96.96,0.0
2020061617,120.72,81.03,100.07,40.84,16.88,2.07,14.8,97.0,0.0
2020061618,17.23,1.22,20.21,37.71,27.2,1.53,47.1,97.05,0.0
2020061619,0.0,0.0,0.0,35.78,28.96,2.05,75.0,97.12,0.0
2020061620,0.0,0.0,0.0,34.58,30.1,2.43,97.6,97.2,0.0
2020061621,0.0,0.0,0.0,33.56,30.96,2.78,114.0,97.27,0.0
2020061622,0.0,0.0,0.0,32.76,31.46,3.01,123.9,97.32,0.0
2020061623,0.0,0.0,0.0,32.08,31.92,3.14,130.5,97.34,0.0
2020061700,0.0,0.0,0.0,31.42,32.73,3.25,135.0,97.34,0.24
2020061701,0.0,0.0,0.0,30.75,34.18,3.35,138.0,97.33,0.24
2020061702,0.0,0.0,0.0,30.67,35.17,3.47,140.3,97.32,0.24
2020061703,0.0,0.0,0.0,29.86,38.45,3.32,141.7,97.31,0.0
2020061704,0.0,0.0,0.0,28.89,42.61,3.27,142.1,97.32,0.0
2020061705,41.35,11.18,41.02,29.54,43.25,4.22,143.7,97.35,0.0
2020061706,172.73,114.3,136.23,31.95,39.99,4.69,148.2,97.4,0.0
2020061707,360.7,345.24,225.47,35.69,30.55,4.37,161.6,97.44,0.0
2020061708,572.33,438.57,233.43,37.89,24.77,3.62,170.6,97.46,0.0
2020061709,716.35,426.45,322.84,39.22,23.12,2.81,175.7,97.44,0.0
2020061710,802.88,508.08,289.82,40.43,21.8,1.97,185.5,97.38,0.0
2020061711,916.45,621.85,259.94,41.41,20.7,1.22,201.1,97.29,0.0
2020061712,882.97,575.86,280.04,42.11,19.86,0.66,241.1,97.18,0.0
2020061713,841.7,602.6,254.74,42.57,19.13,0.81,307.4,97.08,0.0
2020061714,712.28,552.91,239.02,42.73,18.61,1.27,335.9,97.0,0.0
2020061715,537.83,477.77,194.7,42.45,18.45,1.58,349.8,96.96,0.0
2020061716,317.85,324.14,150.56,41.74,18.79,1.78,1.6,96.94,0.0
2020061717,136.6,142.46,96.9,40.59,19.87,1.91,16.7,96.98,0.0
2020061718,16.77,3.26,19.82,37.91,28.09,1.63,38.8,97.04,0.0
2020061719,0.0,0.0,0.0,35.97,30.63,2.18,57.9,97.12,0.0
2020061720,0.0,0.0,0.0,35.0,31.46,2.43,74.2,97.2,0.0
2020061721,0.0,0.0,0.0,34.09,32.73,2.59,90.0,97.26,0.0
2020061722,0.0,0.0,0.0,33.3,33.98,2.72,104.2,97.29,0.0
2020061723,0.0,0.0,0.0,32.6,35.41,2.84,117.5,97.32,0.0
2020061800,0.0,0.0,0.0,31.9,37.63,2.98,128.9,97.33,2.92
2020061801,0.0,0.0,0.0,31.17,40.62,3.22,138.4,97.35,2.92
2020061802,0.0,0.0,0.0,30.54,43.27,3.49,144.8,97.35,2.92
2020061803,0.0,0.0,0.0,30.1,46.01,3.89,148.4,97.36,0.0
2020061804,0.0,0.0,0.0,29.78,49.52,4.24,152.3,97.39,0.0
2020061805,36.53,31.71,32.11,30.16,51.89,4.97,156.1,97.44,0.0
2020061806,173.18,162.92,129.27,32.12,48.87,5.34,160.3,97.48,0.0
2020061807,370.4,321.27,267.78,34.89,39.69,4.82,167.4,97.5,0.0
2020061808,571.0,387.8,273.08,37.41,31.57,3.55,174.5,97.49,0.0
2020061809,754.62,552.17,260.89,39.19,27.52,2.25,174.1,97.47,0.0
2020061810,880.95,628.19,261.02,40.64,24.79,1.07,168.7,97.43,0.0
2020061811,908.53,588.94,285.16,41.85,22.55,0.15,344.1,97.35,0.0
2020061812,897.9,599.44,253.34,43.12,20.34,1.29,338.2,97.26,0.0
2020061813,823.9,550.75,270.35,43.86,19.14,2.19,333.4,97.18,0.0
2020061814,670.62,466.0,260.77,44.29,18.24,2.92,330.9,97.11,0.0
2020061815,487.08,377.56,213.7,44.23,17.6,3.62,330.4,97.05,0.0
2020061816,291.75,242.28,165.84,43.59,17.37,4.21,332.1,97.03,0.0
2020061817,125.32,87.59,102.73,42.41,17.81,4.07,337.9,97.05,0.0
2020061818,16.95,1.15,19.59,38.95,24.72,2.45,354.1,97.1,0.0
2020061819,0.0,0.0,0.0,36.91,28.12,2.56,15.9,97.16,0.0
2020061820,0.0,0.0,0.0,35.96,29.28,2.62,31.3,97.24,0.0
2020061821,0.0,0.0,0.0,35.08,30.29,2.71,40.2,97.3,0.0
2020061822,0.0,0.0,0.0,34.28,31.33,2.77,48.7,97.32,0.0
2020061823,0.0,0.0,0.0,33.57,32.53,2.76,56.5,97.33,0.0
2020061900,0.0,0.0,0.0,32.91,34.04,2.68,66.7,97.33,0.0
2020061901,0.0,0.0,0.0,32.3,35.93,2.59,79.1,97.34,0.0
2020061902,0.0,0.0,0.0,31.66,38.68,2.5,96.4,97.35,0.0
2020061903,0.0,0.0,0.0,30.97,43.71,2.43,118.8,97.37,0.0
2020061904,0.0,0.0,0.0,30.27,50.56,2.35,144.0,97.43,0.0
2020061905,39.22,3.71,35.39,30.86,52.37,3.15,172.0,97.51,0.0
2020061906,155.6,89.69,128.25,32.94,45.52,4.03,193.9,97.59,0.0
2020061907,318.58,106.9,261.16,35.97,35.6,4.0,219.8,97.63,0.0
2020061908,501.58,209.29,363.37,38.49,29.77,3.48,254.2,97.63,0.01
2020061909,646.08,249.98,464.78,40.31,26.61,3.31,296.7,97.61,0.01
2020061910,750.22,230.52,439.19,41.73,24.16,3.78,325.1,97.56,0.01
2020061911,804.65,296.91,419.62,42.91,22.16,4.13,336.9,97.5,0.0
2020061912,781.58,341.76,366.31,43.65,20.9,4.3,338.3,97.41,0.0
2020061913,709.47,286.31,352.74,44.02,20.28,4.41,335.4,97.32,0.0
2020061914,614.97,282.61,330.02,43.85,20.48,4.33,333.8,97.24,0.0
2020061915,456.52,243.52,257.36,43.4,21.2,4.16,332.4,97.19,0.0
2020061916,268.23,155.53,181.72,42.61,22.37,3.91,330.9,97.16,0.0
2020061917,123.45,51.61,109.26,41.51,24.17,3.35,331.1,97.19,0.0
2020061918,17.92,0.51,20.17,39.44,30.07,1.69,340.3,97.24,0.0
2020061919,0.0,0.0,0.0,38.37,32.29,1.28,3.1,97.33,0.0
2020061920,0.0,0.0,0.0,38.12,32.52,0.9,31.4,97.42,0.0
2020061921,0.0,0.0,0.0,37.65,33.43,0.72,65.6,97.49,0.0
2020061922,0.0,0.0,0.0,36.98,34.26,0.77,93.0,97.5,0.0
2020061923,0.0,0.0,0.0,36.21,35.17,0.89,102.3,97.49,0.0
2020062000,0.0,0.0,0.0,35.3,36.7,1.09,102.8,97.48,3.22
2020062001,0.0,0.0,0.0,34.22,39.84,1.39,105.0,97.47,3.22
2020062002,0.0,0.0,0.0,33.09,43.84,1.74,112.0,97.47,3.22
2020062003,0.0,0.0,0.0,32.3,46.92,2.0,116.4,97.49,0.0
2020062004,0.0,0.0,0.0,31.79,48.8,2.18,120.6,97.53,0.03
2020062005,31.05,5.97,27.92,32.3,48.02,2.63,128.4,97.58,0.36
2020062006,104.43,45.19,87.41,34.04,42.74,2.64,149.6,97.63,0.61
2020062007,222.2,85.93,178.45,36.9,33.9,2.05,223.0,97.67,4.29
2020062008,238.77,72.95,170.91,39.38,27.58,3.65,279.2,97.69,1.33
2020062009,261.77,18.55,207.47,41.04,24.69,4.69,299.0,97.68,8.29
2020062010,361.45,189.15,232.92,42.2,23.31,5.22,308.6,97.64,15.63
2020062011,528.03,19.2,360.46,42.7,22.85,5.47,314.3,97.58,14.0
2020062012,759.8,260.31,404.77,43.01,22.52,5.56,317.0,97.5,9.93
2020062013,748.45,330.66,395.37,43.06,22.38,5.66,318.4,97.42,2.84
2020062014,640.28,331.68,325.33,43.07,22.25,5.45,317.8,97.37,1.09
2020062015,452.35,239.14,247.16,42.57,22.94,5.09,317.0,97.34,0.25
2020062016,278.45,131.08,192.0,41.69,24.27,4.55,316.5,97.33,0.26
2020062017,116.6,31.62,101.37,40.46,26.92,3.51,315.2,97.35,0.28
2020062018,13.98,0.0,15.72,38.47,36.14,1.59,310.4,97.4,0.03
2020062019,0.0,0.0,0.0,37.74,39.15,1.08,287.3,97.47,0.0
2020062020,0.0,0.0,0.0,37.19,40.29,1.18,262.2,97.55,0.0
2020062021,0.0,0.0,0.0,36.58,41.99,1.28,252.7,97.63,0.0
2020062022,0.0,0.0,0.0,35.83,43.79,1.27,248.3,97.65,0.0
2020062023,0.0,0.0,0.0,35.14,45.25,1.12,250.8,97.67,0.01
2020062100,0.0,0.0,0.0,34.19,46.32,1.2,263.3,97.67,0.13
2020062101,0.0,0.0,0.0,32.83,50.76,1.04,281.6,97.68,0.19
2020062102,0.0,0.0,0.0,31.05,57.77,1.08,240.1,97.67,0.03
2020062103,0.0,0.0,0.0,29.66,64.03,2.43,203.8,97.67,0.0
2020062104,0.0,0.0,0.0,28.96,67.13,3.12,193.9,97.66,0.01
2020062105,26.17,1.5,23.65,29.01,66.28,2.8,182.5,97.65,0.01
2020062106,96.2,17.9,83.44,30.04,61.13,1.88,187.7,97.67,0.0
2020062107,175.43,60.97,136.45,32.3,51.59,1.02,252.3,97.73,0.0
2020062108,383.88,103.04,289.18,35.38,40.56,1.78,298.6,97.76,0.06
2020062109,541.5,199.05,340.24,37.16,36.3,1.63,304.8,97.75,0.14
2020062110,726.22,274.3,387.65,38.65,33.16,1.33,320.8,97.71,0.23
2020062111,950.85,687.14,275.91,39.88,30.79,1.48,337.8,97.63,0.22
2020062112,908.33,567.19,330.4,40.7,29.33,1.91,345.2,97.54,0.09
2020062113,830.03,642.21,267.56,41.17,28.48,2.44,349.4,97.45,0.0
2020062114,745.2,683.92,174.23,41.68,27.39,2.95,351.2,97.39,0.0
2020062115,601.53,734.49,114.73,41.43,27.51,3.24,352.7,97.35,0.0
2020062116,383.75,576.21,113.6,40.62,28.54,3.3,356.5,97.33,0.01
2020062117,178.1,357.88,82.87,39.42,30.28,3.16,4.2,97.34,0.01
2020062118,23.55,39.2,23.01,37.68,34.31,2.2,19.3,97.38,0.0
2020062119,0.0,0.0,0.0,36.09,38.57,1.89,47.8,97.44,0.0
2020062120,0.0,0.0,0.0,35.29,39.88,2.32,66.4,97.51,0.0
2020062121,0.0,0.0,0.0,34.52,41.92,3.15,79.8,97.57,0.0
2020062122,0.0,0.0,0.0,33.69,44.71,3.54,90.3,97.59,0.0
2020062123,0.0,0.0,0.0,32.87,47.77,3.33,99.9,97.6,0.0
2020062200,0.0,0.0,0.0,32.1,50.89,2.9,110.4,97.61,0.0
2020062201,0.0,0.0,0.0,31.42,53.85,2.59,122.2,97.59,0.0
2020062202,0.0,0.0,0.0,30.83,55.99,2.04,129.6,97.57,0.01
2020062203,0.0,0.0,0.0,30.38,57.24,1.73,132.9,97.58,0.05
2020062204,0.0,0.0,0.0,30.01,58.3,1.73,133.4,97.61,0.05
2020062205,34.22,22.81,29.51,30.58,56.46,2.87,135.3,97.67,8.36
2020062206,125.28,52.83,104.78,32.07,51.94,2.48,145.9,97.72,57.25
2020062207,228.55,86.99,185.99,32.97,50.74,0.81,128.0,97.75,113.67
2020062208,443.98,217.28,301.48,33.52,51.61,0.82,35.0,97.77,6.25
2020062209,744.45,581.29,247.25,34.73,48.0,1.56,15.6,97.76,2.31
2020062210,891.5,688.6,231.16,36.02,43.85,2.13,9.2,97.71,0.81
2020062211,888.1,479.08,356.33,37.11,40.47,2.5,3.7,97.62,0.49
2020062212,866.78,539.88,265.15,37.99,37.97,2.71,357.0,97.52,0.42
2020062213,805.1,493.85,315.83,38.5,36.54,2.83,350.2,97.44,0.42
2020062214,686.65,479.1,257.51,38.62,35.8,2.87,345.0,97.39,0.47
2020062215,512.47,391.73,223.43,38.27,35.85,2.8,342.5,97.35,0.41
2020062216,302.98,260.34,159.23,37.68,36.52,2.53,343.2,97.35,0.93
2020062217,128.93,110.09,94.01,36.79,38.11,2.02,348.9,97.37,0.59
2020062218,17.08,2.32,19.02,35.72,43.72,1.11,3.6,97.44,0.06
2020062219,0.0,0.0,0.0,34.89,51.0,0.75,40.1,97.53,0.0
2020062220,0.0,0.0,0.0,34.4,51.51,0.87,98.6,97.59,0.01
2020062221,0.0,0.0,0.0,33.55,52.85,1.42,130.4,97.65,0.13
2020062222,0.0,0.0,0.0,32.82,54.39,1.81,141.3,97.65,0.21
2020062223,0.0,0.0,0.0,32.22,55.86,2.11,143.1,97.63,0.52
2020062300,0.0,0.0,0.0,31.75,57.05,2.64,140.4,97.6,0.99
2020062301,0.0,0.0,0.0,31.33,58.39,3.74,137.4,97.6,1.95
2020062302,0.0,0.0,0.0,30.85,60.34,4.57,132.5,97.62,0.07
2020062303,0.0,0.0,0.0,30.45,61.63,4.98,127.6,97.68,0.03
2020062304,0.0,0.0,0.0,30.03,62.7,5.1,125.9,97.75,0.06
2020062305,36.05,10.98,34.63,30.01,62.35,5.09,124.8,97.83,0.07
2020062306,146.82,115.71,106.37,31.27,57.19,5.18,126.2,97.9,10.3
2020062307,329.73,204.31,196.06,33.28,50.53,4.21,119.9,97.93,2.69
2020062308,488.33,167.06,309.33,35.26,44.51,3.54,104.4,97.95,0.04
2020062309,603.72,205.52,378.67,36.89,39.86,3.61,91.4,97.94,0.43
2020062310,653.05,371.0,274.83,38.27,36.26,3.94,84.9,97.9,1.49
2020062311,843.0,535.17,233.87,39.39,33.55,4.31,82.0,97.83,2.12
2020062312,822.03,397.41,364.18,40.01,32.12,4.73,81.5,97.76,1.94
2020062313,773.3,543.85,253.86,40.12,31.83,5.18,84.0,97.69,1.99
2020062314,684.6,556.81,215.35,39.7,33.09,5.41,89.2,97.65,1.47
2020062315,540.72,547.92,168.34,38.61,35.85,5.27,96.2,97.62,0.91
2020062316,347.5,410.93,151.27,37.48,38.92,5.09,104.1,97.61,0.44
2020062317,159.43,219.3,105.24,35.99,43.14,5.0,112.4,97.64,0.18
2020062318,22.02,10.38,24.2,34.35,48.54,4.99,119.1,97.71,0.02
2020062319,0.0,0.0,0.0,33.07,53.86,5.24,122.5,97.8,0.0
2020062320,0.0,0.0,0.0,32.25,57.67,5.49,125.3,97.89,0.01
2020062321,0.0,0.0,0.0,31.6,61.02,5.41,128.1,97.94,0.05
2020062322,0.0,0.0,0.0,31.01,64.69,4.98,129.9,97.96,0.21
2020062323,0.0,0.0,0.0,30.5,68.04,4.5,132.0,97.96,0.45
2020062400,0.0,0.0,0.0,30.12,70.38,4.1,136.5,97.93,1.08
2020062401,0.0,0.0,0.0,29.85,71.86,3.75,142.2,97.9,1.29
2020062402,0.0,0.0,0.0,29.69,72.57,3.36,143.2,97.87,1.42
2020062403,0.0,0.0,0.0,29.53,73.39,3.0,136.9,97.86,1.17
2020062404,0.0,0.0,0.0,29.33,74.62,2.89,128.0,97.86,1.08
2020062405,25.85,2.38,22.84,29.51,74.25,3.25,120.9,97.9,1.23
2020062406,104.9,12.98,91.99,30.57,69.19,3.47,118.9,97.94,1.48
2020062407,209.82,49.38,173.83,31.8,63.66,3.53,118.6,97.97,1.46
2020062408,382.65,80.07,289.8,32.98,59.48,3.64,123.9,97.99,4.52
2020062409,274.0,44.82,211.29,34.3,55.36,3.82,130.2,97.98,5.03
2020062410,454.08,67.41,303.02,35.77,50.65,3.95,134.2,97.94,5.46
2020062411,445.2,52.14,299.67,36.81,47.23,3.99,136.0,97.86,5.14
2020062412,615.35,161.24,388.02,37.45,45.19,3.97,134.3,97.76,4.63
2020062413,582.15,206.72,328.0,37.43,45.21,3.86,133.0,97.7,3.95
2020062414,427.15,199.86,244.35,37.11,45.76,3.58,129.8,97.65,2.73
2020062415,344.55,161.02,205.19,36.62,46.59,3.29,123.7,97.61,1.6
2020062416,205.52,73.55,154.84,35.85,48.34,3.28,116.4,97.62,0.84
2020062417,97.47,20.08,86.15,35.02,50.34,3.45,114.7,97.64,0.39
2020062418,16.42,1.24,17.84,34.03,53.61,2.93,116.1,97.68,0.04
2020062419,0.0,0.0,0.0,33.29,56.44,2.56,117.7,97.74,0.01
2020062420,0.0,0.0,0.0,32.79,58.17,2.44,118.9,97.79,0.0
2020062421,0.0,0.0,0.0,32.39,59.65,2.35,119.3,97.83,0.0
2020062422,0.0,0.0,0.0,32.05,60.88,2.26,118.6,97.85,0.0
2020062423,0.0,0.0,0.0,31.71,62.12,2.06,114.3,97.83,0.0
2020062500,0.0,0.0,0.0,31.37,63.38,1.92,104.5,97.81,0.0
2020062501,0.0,0.0,0.0,31.01,64.7,1.86,89.1,97.78,0.02
2020062502,0.0,0.0,0.0,30.69,66.01,1.73,68.3,97.74,0.02
2020062503,0.0,0.0,0.0,30.36,67.36,1.65,50.4,97.72,0.0
2020062504,0.0,0.0,0.0,30.08,68.47,1.51,42.6,97.7,0.0
2020062505,37.97,2.68,34.94,30.44,66.93,1.34,42.9,97.7,0.2
2020062506,158.52,30.43,137.73,32.15,60.26,0.57,341.6,97.71,5.01
2020062507,320.75,113.37,249.26,33.9,54.39,1.36,296.6,97.72,1.51
2020062508,492.48,201.32,316.61,35.46,49.92,1.72,299.5,97.72,0.81
2020062509,664.3,366.12,301.23,36.93,46.13,1.98,307.6,97.72,0.4
2020062510,716.17,410.67,300.27,38.41,41.85,2.4,315.0,97.69,0.34
2020062511,787.6,365.18,324.47,39.35,38.79,2.78,318.3,97.61,4.55
2020062512,710.3,236.75,405.37,40.04,36.79,3.11,319.3,97.52,11.27
2020062513,616.92,184.75,364.54,40.15,36.42,3.45,319.1,97.43,18.51
2020062514,410.58,136.45,250.83,39.65,37.59,3.59,321.6,97.38,19.38
2020062515,298.85,35.59,228.37,38.89,39.63,3.49,322.6,97.34,15.51
2020062516,181.02,38.78,150.79,37.67,43.03,3.2,321.3,97.33,14.2
2020062517,92.6,14.47,80.4,36.46,47.11,2.68,318.3,97.37,2.39
2020062518,16.2,0.33,17.2,35.04,55.35,1.69,311.4,97.42,0.01
2020062519,0.0,0.0,0.0,34.31,59.2,1.25,300.3,97.49,0.01
2020062520,0.0,0.0,0.0,33.57,63.47,1.23,295.9,97.55,0.01
2020062521,0.0,0.0,0.0,32.84,67.21,1.22,301.2,97.58,0.03
2020062522,0.0,0.0,0.0,32.26,69.6,1.18,311.2,97.58,0.07
2020062523,0.0,0.0,0.0,31.76,71.85,1.08,327.5,97.57,0.13
2020062600,0.0,0.0,0.0,31.3,73.24,1.0,349.0,97.56,0.15
2020062601,0.0,0.0,0.0,30.88,73.46,0.97,11.9,97.55,0.44
2020062602,0.0,0.0,0.0,30.53,74.31,0.89,39.6,97.54,0.09
2020062603,0.0,0.0,0.0,30.42,74.78,0.71,71.1,97.54,0.11
2020062604,0.0,0.0,0.0,30.28,75.38,0.74,111.4,97.54,0.15
2020062605,31.75,1.63,31.86,30.46,74.09,1.53,144.9,97.54,0.09
2020062606,133.62,43.41,114.99,30.79,71.8,1.09,206.8,97.58,0.09
2020062607,272.08,57.91,211.49,30.7,71.21,1.94,280.4,97.69,0.67
2020062608,431.08,81.6,306.01,31.26,68.03,2.74,299.6,97.73,0.41
2020062609,534.5,180.33,309.55,31.89,65.01,3.26,303.5,97.75,0.3
2020062610,524.03,140.31,304.31,33.33,58.36,3.03,301.0,97.75,0.28
2020062611,460.08,62.58,281.88,36.35,47.02,3.25,294.0,97.64,0.25
2020062612,634.62,206.37,346.54,38.55,38.89,3.81,296.8,97.53,0.2
2020062613,699.72,272.61,382.02,39.86,33.9,4.56,298.5,97.42,0.16
2020062614,613.22,293.32,311.56,40.54,30.87,5.02,301.3,97.33,0.26
2020062615,395.2,190.44,231.6,40.53,29.91,5.22,304.3,97.25,0.43
2020062616,244.35,114.1,167.58,40.0,30.35,5.31,306.4,97.19,0.65
2020062617,116.38,33.16,101.94,38.79,32.96,4.6,307.2,97.19,0.35
2020062618,18.35,0.0,20.36,36.53,41.35,2.74,306.8,97.22,0.01
2020062619,0.0,0.0,0.0,35.31,45.74,2.49,304.8,97.26,0.01
2020062620,0.0,0.0,0.0,34.66,47.8,2.4,302.6,97.32,0.09
2020062621,0.0,0.0,0.0,33.94,50.13,2.3,299.1,97.38,0.03
2020062622,0.0,0.0,0.0,33.46,52.02,2.15,292.4,97.43,0.03
2020062623,0.0,0.0,0.0,33.05,53.7,2.05,283.6,97.45,0.04
2020062700,0.0,0.0,0.0,32.66,55.29,1.99,276.6,97.44,0.06
2020062701,0.0,0.0,0.0,32.32,57.01,1.91,272.1,97.43,0.62
2020062702,0.0,0.0,0.0,32.05,58.78,1.87,270.3,97.41,0.88
2020062703,0.0,0.0,0.0,31.86,60.39,2.08,267.8,97.42,1.14
2020062704,0.0,0.0,0.0,31.72,61.93,2.87,264.8,97.43,0.91
2020062705,37.38,0.77,34.96,31.98,61.46,4.01,262.4,97.46,0.66
2020062706,152.95,26.8,129.79,33.47,54.83,4.53,263.0,97.51,1.95
2020062707,311.58,145.93,239.41,35.9,41.94,5.67,276.4,97.55,7.29
2020062708,384.12,232.63,286.1,37.77,34.37,6.43,286.1,97.57,0.0
2020062709,519.72,223.96,368.86,39.45,30.13,6.61,289.6,97.57,0.0
2020062710,744.47,290.0,391.38,40.86,27.54,6.72,291.1,97.52,0.0
2020062711,829.22,360.66,346.92,42.1,25.8,6.74,291.3,97.45,0.0
2020062712,823.47,363.46,376.15,42.9,24.86,6.7,290.7,97.37,0.0
2020062713,685.1,332.83,330.0,43.27,24.54,6.56,289.8,97.29,0.0
2020062714,616.92,293.31,321.43,43.25,24.76,6.61,289.7,97.22,0.0
2020062715,389.4,109.79,260.42,42.81,25.5,6.8,290.0,97.16,0.0
2020062716,235.12,52.71,191.3,41.97,26.69,6.85,289.9,97.12,0.0
2020062717,108.6,12.71,97.87,40.71,28.67,6.43,289.2,97.12,0.0
2020062718,16.52,0.0,18.72,38.56,33.18,4.61,287.1,97.16,0.0
2020062719,0.0,0.0,0.0,37.05,36.59,4.27,284.1,97.21,0.0
2020062720,0.0,0.0,0.0,36.42,37.69,4.59,282.7,97.27,0.0
2020062721,0.0,0.0,0.0,35.71,39.16,4.71,282.1,97.33,0.0
2020062722,0.0,0.0,0.0,35.01,40.72,4.73,282.6,97.37,0.0
2020062723,0.0,0.0,0.0,34.4,42.07,4.71,285.0,97.38,0.0
2020062800,0.0,0.0,0.0,33.86,43.26,4.6,289.3,97.38,0.0
2020062801,0.0,0.0,0.0,33.36,44.37,4.48,293.8,97.37,0.0
2020062802,0.0,0.0,0.0,32.79,45.95,4.25,295.2,97.36,0.0
2020062803,0.0,0.0,0.0,32.15,48.09,4.16,290.7,97.35,0.0
2020062804,0.0,0.0,0.0,31.53,50.31,4.7,280.5,97.37,0.0
2020062805,37.3,1.56,34.89,31.58,50.46,5.9,271.7,97.43,0.0
2020062806,163.93,47.24,138.07,33.38,45.11,7.08,269.5,97.48,0.0
2020062807,324.15,125.58,253.7,35.77,39.68,8.83,277.6,97.5,0.0
2020062808,509.77,286.59,361.43,37.95,35.79,9.32,285.1,97.51,0.0
2020062809,656.7,235.05,384.57,39.7,33.44,8.92,290.1,97.5,0.0
2020062810,815.6,425.7,368.94,41.03,31.94,8.19,292.2,97.48,0.0
2020062811,814.53,301.2,436.89,41.98,30.8,7.4,292.0,97.44,0.08
2020062812,801.3,303.42,452.88,42.55,30.2,6.76,290.4,97.38,0.74
2020062813,717.3,267.78,362.1,42.75,30.02,6.28,288.9,97.31,1.42
2020062814,608.17,264.14,318.37,42.36,30.51,5.75,287.8,97.25,1.09
2020062815,436.08,152.76,271.98,42.28,30.2,5.43,288.6,97.2,0.77
2020062816,270.75,79.45,216.68,41.78,30.38,5.02,290.4,97.17,0.55
2020062817,126.55,26.89,111.71,40.85,31.57,4.12,292.7,97.19,0.13
2020062818,20.42,0.0,22.14,38.86,38.33,2.11,294.6,97.24,0.02
2020062819,0.0,0.0,0.0,37.71,41.96,1.93,295.8,97.3,0.0
2020062820,0.0,0.0,0.0,37.11,42.67,1.95,293.5,97.36,0.01
2020062821,0.0,0.0,0.0,36.4,43.21,2.16,289.8,97.4,0.0
2020062822,0.0,0.0,0.0,35.7,43.57,2.36,286.5,97.4,0.0
2020062823,0.0,0.0,0.0,35.04,43.84,2.53,284.6,97.38,0.0
2020062900,0.0,0.0,0.0,34.41,43.84,2.66,284.6,97.37,0.0
2020062901,0.0,0.0,0.0,33.82,43.7,2.75,285.6,97.36,0.0
2020062902,0.0,0.0,0.0,33.23,44.02,2.69,287.6,97.37,0.0
2020062903,0.0,0.0,0.0,32.62,45.13,2.5,286.3,97.38,0.0
2020062904,0.0,0.0,0.0,32.03,46.5,2.32,274.2,97.41,0.0
2020062905,36.38,8.89,32.65,32.58,44.77,2.68,261.8,97.47,0.0
2020062906,156.32,83.73,126.53,34.35,39.72,4.11,265.1,97.59,0.01
2020062907,332.05,255.6,254.53,37.13,34.09,5.15,278.7,97.67,0.31
2020062908,518.58,363.04,353.71,39.12,31.5,5.68,289.7,97.69,0.6
2020062909,672.3,352.33,415.24,40.51,29.58,5.45,294.7,97.67,0.7
2020062910,783.12,402.06,366.35,41.66,27.9,5.08,295.7,97.62,0.77
2020062911,777.83,255.22,417.29,42.41,26.9,5.03,295.4,97.55,0.92
2020062912,730.78,190.11,416.53,43.0,26.17,5.53,299.1,97.49,0.65
2020062913,667.83,215.53,384.92,43.16,26.2,6.18,306.1,97.44,0.5
2020062914,514.58,139.76,325.63,42.38,27.61,6.48,312.9,97.39,0.32
2020062915,353.95,78.77,280.52,41.7,28.95,6.29,318.9,97.35,0.15
2020062916,196.15,26.42,161.88,40.92,30.43,5.68,324.4,97.33,0.09
2020062917,84.47,9.84,73.15,40.0,32.26,4.71,329.8,97.36,0.05
2020062918,5.57,0.0,5.57,38.41,36.92,2.53,338.0,97.42,0.01
2020062919,0.0,0.0,0.0,37.14,41.25,1.86,354.1,97.49,0.16
2020062920,0.0,0.0,0.0,36.54,43.05,1.67,19.6,97.55,0.36
2020062921,0.0,0.0,0.0,36.09,44.35,1.59,62.3,97.6,0.83
2020062922,0.0,0.0,0.0,35.57,44.9,2.02,94.3,97.6,0.89
2020062923,0.0,0.0,0.0,34.95,45.86,3.22,106.2,97.6,2.95
2020063000,0.0,0.0,0.0,33.99,48.9,4.42,113.7,97.61,4.36
2020063001,0.0,0.0,0.0,33.06,53.18,5.02,120.0,97.62,3.56
2020063002,0.0,0.0,0.0,32.31,57.23,5.45,126.1,97.64,3.59
2020063003,0.0,0.0,0.0,31.58,61.05,5.38,129.6,97.67,1.89
2020063004,0.0,0.0,0.0,30.92,64.38,5.05,130.7,97.72,2.31
2020063005,23.8,0.0,21.95,30.64,66.06,4.99,130.7,97.79,3.42
2020063006,93.35,1.95,81.24,31.22,63.95,5.1,134.1,97.85,15.04
2020063007,180.93,6.46,156.13,32.48,58.7,4.55,136.2,97.9,16.87
2020063008,357.58,9.21,297.48,33.99,53.31,3.78,135.4,97.93,0.12
2020063009,534.47,86.17,421.83,35.47,48.98,3.01,131.4,97.92,0.07
2020063010,708.2,215.95,445.76,36.77,45.44,2.3,124.7,97.88,0.07
2020063011,787.72,224.48,453.37,38.16,41.92,1.64,113.3,97.81,0.04
2020063012,762.47,186.18,491.28,39.06,39.51,1.18,89.5,97.73,0.04
2020063013,728.6,275.88,408.94,39.49,38.02,1.1,54.6,97.64,0.02
2020063014,609.17,246.53,342.82,39.56,37.04,1.43,37.3,97.57,0.01
2020063015,464.48,212.42,301.64,39.28,37.04,1.67,39.4,97.51,0.0
2020063016,294.45,96.78,224.88,38.58,38.06,1.74,49.2,97.48,0.0
2020063017,131.3,30.54,114.41,37.54,40.12,1.95,72.7,97.48,0.0
2020063018,20.52,0.0,21.95,36.23,44.15,2.13,96.5,97.5,0.0
2020063019,0.0,0.0,0.0,35.16,47.74,2.57,112.7,97.55,0.0
2020063020,0.0,0.0,0.0,34.61,48.93,3.41,118.4,97.6,0.0
2020063021,0.0,0.0,0.0,34.06,50.54,3.96,121.4,97.65,0.0
2020063022,0.0,0.0,0.0,33.46,52.35,4.42,125.2,97.66,0.0
2020063023,0.0,0.0,0.0,32.87,54.18,4.64,128.3,97.66,0.0
2020070100,0.0,0.0,0.0,32.27,56.07,4.42,129.5,97.65,0.0
2020070101,0.0,0.0,0.0,31.75,57.74,4.15,130.2,97.66,0.0
2020070102,0.0,0.0,0.0,31.26,59.44,3.63,130.8,97.66,0.0
2020070103,0.0,0.0,0.0,30.85,60.92,3.09,130.4,97.67,0.0
2020070104,0.0,0.0,0.0,30.46,62.45,2.64,127.3,97.7,0.0
2020070105,25.73,0.0,24.07,30.67,61.83,2.94,123.9,97.74,0.0
2020070106,112.75,2.99,98.92,32.5,55.28,2.85,142.8,97.77,0.01
2020070107,223.77,12.94,192.41,34.5,48.81,1.56,153.3,97.77,0.03
2020070108,338.27,29.35,278.34,36.18,43.89,0.67,146.5,97.74,0.97
2020070109,583.42,148.06,422.78,37.7,39.89,0.32,88.2,97.71,0.7
2020070110,651.9,152.59,496.82,39.2,36.36,0.57,47.1,97.65,0.61
2020070111,569.17,58.97,367.14,40.25,34.24,0.89,45.0,97.57,0.44
2020070112,622.78,90.05,406.39,41.02,32.86,1.08,42.7,97.48,0.46
2020070113,578.33,102.55,389.21,41.41,32.13,1.17,34.9,97.4,0.35
2020070114,500.1,129.77,299.67,41.42,31.47,1.53,24.7,97.33,0.18
2020070115,373.65,94.97,241.99,41.1,31.24,1.99,19.1,97.27,0.22
2020070116,240.4,42.51,200.91,40.32,32.21,2.28,20.5,97.25,0.16
2020070117,104.43,6.88,94.79,39.17,34.25,2.37,28.7,97.26,0.15
2020070118,16.95,0.0,18.5,37.68,38.41,1.85,44.3,97.31,0.02
2020070119,0.0,0.0,0.0,36.41,42.75,1.54,64.6,97.36,0.01
2020070120,0.0,0.0,0.0,35.75,43.96,1.75,78.8,97.42,0.01
2020070121,0.0,0.0,0.0,35.24,44.88,2.11,92.4,97.46,0.26
2020070122,0.0,0.0,0.0,34.75,46.09,2.48,105.4,97.47,0.26
2020070123,0.0,0.0,0.0,34.18,47.91,2.75,115.9,97.46,1.41
2020070200,0.0,0.0,0.0,33.62,50.07,3.02,124.1,97.45,2.6
2020070201,0.0,0.0,0.0,33.13,51.84,3.28,130.9,97.43,4.4
2020070202,0.0,0.0,0.0,32.61,53.96,3.36,137.7,97.41,5.31
2020070203,0.0,0.0,0.0,32.14,55.96,3.15,144.9,97.41,1.93
2020070204,0.0,0.0,0.0,31.62,57.93,2.64,152.3,97.43,1.18
2020070205,29.88,0.0,27.96,31.73,57.82,2.94,159.1,97.46,2.46
2020070206,137.4,13.02,119.29,33.23,52.82,2.94,171.0,97.49,8.16
2020070207,287.88,43.98,237.05,35.26,45.74,1.96,203.8,97.51,8.43
2020070208,457.6,158.87,343.9,36.95,40.81,1.34,267.4,97.51,20.97
2020070209,608.5,213.16,427.65,38.22,38.68,1.73,316.2,97.5,16.16
2020070210,757.08,381.7,362.21,39.28,37.13,2.38,334.6,97.46,9.72
2020070211,715.0,195.2,397.82,39.94,36.29,3.0,344.2,97.39,4.66
2020070212,681.72,150.96,442.79,40.47,35.78,3.6,351.1,97.3,2.73
2020070213,646.55,203.35,391.05,40.67,35.85,4.08,356.8,97.22,1.82
2020070214,501.9,154.07,321.93,40.67,35.92,4.32,0.0,97.15,0.64
2020070215,377.42,113.4,235.49,40.33,36.11,4.26,3.0,97.09,0.33
2020070216,223.18,58.17,170.61,39.58,37.36,3.95,9.3,97.07,0.2
2020070217,92.53,10.64,84.66,38.49,39.69,3.38,21.9,97.09,0.01
2020070218,14.6,0.0,15.84,36.84,45.95,2.13,47.5,97.14,0.0
2020070219,0.0,0.0,0.0,35.55,50.49,2.08,80.6,97.21,0.0
2020070220,0.0,0.0,0.0,35.04,50.93,2.66,101.9,97.27,0.0
2020070221,0.0,0.0,0.0,34.71,50.76,3.4,116.6,97.32,0.0
2020070222,0.0,0.0,0.0,34.39,50.98,3.8,127.2,97.34,0.01
2020070223,0.0,0.0,0.0,34.0,51.64,3.87,134.5,97.34,0.07
2020070300,0.0,0.0,0.0,33.57,52.69,3.77,137.9,97.33,1.22
2020070301,0.0,0.0,0.0,33.13,54.08,3.81,138.4,97.33,3.27
2020070302,0.0,0.0,0.0,32.69,55.75,3.5,141.3,97.33,5.23
2020070303,0.0,0.0,0.0,32.27,57.59,3.08,145.8,97.33,5.85
2020070304,0.0,0.0,0.0,31.83,59.28,2.7,151.4,97.35,5.56
2020070305,28.12,0.59,28.4,32.23,57.78,3.17,157.7,97.37,6.54
2020070306,127.35,29.93,111.74,34.05,51.07,3.96,167.6,97.4,8.79
2020070307,268.23,56.61,212.97,36.48,43.99,3.66,185.6,97.41,10.82
2020070308,446.88,132.23,286.3,38.4,39.59,2.76,206.7,97.42,7.81
2020070309,611.83,330.92,370.79,39.66,37.4,1.65,226.0,97.42,7.49
2020070310,782.83,383.35,354.77,40.67,35.7,0.85,262.5,97.4,7.12
2020070311,764.92,210.0,443.87,41.4,34.33,0.87,321.0,97.37,5.31
2020070312,772.97,390.28,337.55,42.0,33.11,1.44,344.3,97.3,5.46
2020070313,655.35,229.1,375.48,42.16,32.77,2.06,353.0,97.23,4.81
2020070314,459.48,122.14,268.18,41.9,32.84,2.47,357.0,97.15,4.05
2020070315,308.38,47.37,214.43,41.42,33.16,2.75,2.9,97.1,1.92
2020070316,188.57,12.17,162.25,40.55,34.47,2.84,15.8,97.06,0.83
2020070317,91.03,2.74,82.38,39.44,36.94,2.73,38.3,97.07,0.2
2020070318,15.02,0.0,16.04,37.46,45.56,2.18,67.1,97.12,0.02
2020070319,0.0,0.0,0.0,36.26,47.94,3.09,83.7,97.18,0.0
2020070320,0.0,0.0,0.0,35.73,48.45,4.0,94.2,97.25,0.0
2020070321,0.0,0.0,0.0,35.07,50.49,4.35,105.1,97.31,0.01
2020070322,0.0,0.0,0.0,34.42,53.06,4.56,118.1,97.33,0.01
2020070323,0.0,0.0,0.0,33.86,55.62,5.06,129.5,97.36,0.09
2020070400,0.0,0.0,0.0,33.32,58.05,5.21,138.1,97.37,0.1
2020070401,0.0,0.0,0.0,32.89,59.69,4.76,142.3,97.39,0.07
2020070402,0.0,0.0,0.0,32.57,60.4,3.98,143.0,97.39,0.01
2020070403,0.0,0.0,0.0,32.31,60.81,3.22,141.2,97.37,0.01
2020070404,0.0,0.0,0.0,31.99,61.62,2.58,140.5,97.36,0.03
2020070405,28.6,0.0,27.24,32.33,60.3,3.06,147.1,97.38,0.05
2020070406,126.32,11.27,109.79,33.62,55.46,3.74,165.4,97.41,0.23
2020070407,259.9,71.73,216.14,35.33,49.4,3.18,182.9,97.42,0.36
2020070408,402.85,88.63,323.48,37.14,43.7,2.61,186.2,97.43,1.56
2020070409,558.17,152.61,402.07,38.84,39.04,2.21,170.9,97.42,1.32
2020070410,670.67,315.51,338.12,40.44,34.97,2.1,149.0,97.39,1.44
2020070411,762.53,289.79,359.56,41.75,31.74,2.33,131.3,97.32,1.16
2020070412,762.9,296.98,360.68,42.75,29.36,2.72,122.4,97.25,0.9
2020070413,676.15,275.1,350.05,43.3,27.91,3.17,119.7,97.17,0.95
2020070414,536.45,222.71,303.38,43.36,27.16,3.26,121.1,97.08,0.78
2020070415,368.77,138.81,227.56,42.85,27.07,3.15,121.8,97.01,0.65
2020070416,213.15,63.32,168.79,41.77,28.24,3.43,124.7,96.99,1.03
2020070417,88.4,12.87,84.3,40.47,30.64,4.13,129.7,97.0,1.03
2020070418,14.3,0.0,16.34,38.62,35.76,4.8,135.3,97.05,1.16
2020070419,0.0,0.0,0.0,37.0,39.85,5.93,139.1,97.12,1.03
2020070420,0.0,0.0,0.0,35.77,43.71,5.68,140.0,97.21,2.31
2020070421,0.0,0.0,0.0,34.78,47.6,4.75,140.2,97.28,4.38
2020070422,0.0,0.0,0.0,33.98,51.24,4.27,143.5,97.3,10.37
2020070423,0.0,0.0,0.0,33.13,55.78,3.59,152.1,97.28,23.57
2020070500,0.0,0.0,0.0,32.21,61.72,3.25,159.1,97.27,31.99
2020070501,0.0,0.0,0.0,31.37,67.64,2.86,157.8,97.29,35.03
2020070502,0.0,0.0,0.0,30.66,73.61,2.48,147.5,97.29,23.43
2020070503,0.0,0.0,0.0,30.1,77.62,2.47,129.2,97.3,15.17
2020070504,0.0,0.0,0.0,29.5,80.51,3.0,111.7,97.32,19.24
2020070505,10.95,0.0,10.18,29.09,83.19,4.14,101.7,97.36,47.52
2020070506,64.88,0.0,56.28,29.37,83.31,5.06,100.6,97.41,144.85
2020070507,144.6,0.84,125.33,29.83,82.06,5.94,101.7,97.48,182.68
2020070508,249.77,35.97,197.64,30.18,80.08,5.95,103.3,97.57,3.29
2020070509,353.83,123.78,267.09,30.81,75.21,5.14,104.9,97.6,2.43
2020070510,534.78,123.31,332.58,31.55,70.08,4.19,105.7,97.58,2.52
2020070511,805.33,410.1,368.53,32.49,64.87,3.31,104.2,97.5,1.98
2020070512,872.2,541.36,329.61,32.97,61.51,2.57,98.1,97.42,2.31
2020070513,781.38,448.52,318.19,33.05,60.14,1.86,87.2,97.32,1.75
2020070514,670.15,413.99,279.92,33.2,58.3,1.19,91.0,97.25,2.01
2020070515,478.75,282.5,260.2,33.25,57.03,0.54,135.7,97.2,1.16
2020070516,277.83,140.88,198.11,33.14,56.9,0.74,228.3,97.19,1.1
2020070517,115.0,51.31,97.68,32.78,58.36,1.21,253.2,97.22,0.36
2020070518,18.17,1.3,19.22,32.13,63.75,0.97,271.2,97.27,0.1
2020070519,0.0,0.0,0.0,31.54,68.56,0.83,293.5,97.33,0.02
2020070520,0.0,0.0,0.0,31.48,67.54,0.66,319.3,97.38,0.02
2020070521,0.0,0.0,0.0,31.43,66.05,0.44,30.1,97.4,0.01
2020070522,0.0,0.0,0.0,31.05,67.14,0.77,89.3,97.37,0.0
2020070523,0.0,0.0,0.0,30.38,71.74,1.16,97.9,97.34,0.0
2020070600,0.0,0.0,0.0,29.91,71.2,1.42,100.5,97.28,0.01
2020070601,0.0,0.0,0.0,29.52,71.04,1.5,105.9,97.23,0.0
2020070602,0.0,0.0,0.0,29.19,71.45,1.29,113.2,97.22,0.0
2020070603,0.0,0.0,0.0,28.84,72.14,0.94,126.4,97.22,0.0
2020070604,0.0,0.0,0.0,28.55,73.28,0.64,153.0,97.26,0.0
2020070605,28.58,6.78,26.46,28.91,72.12,0.44,165.7,97.32,0.1
2020070606,123.8,55.65,102.46,30.66,65.65,0.64,255.5,97.4,0.17
2020070607,265.77,54.82,213.53,32.08,60.75,0.76,327.4,97.45,0.31
2020070608,391.67,73.95,316.35,33.32,56.08,0.89,26.6,97.47,0.47
2020070609,534.28,192.71,402.28,34.7,50.96,1.35,65.5,97.47,0.75
2020070610,612.08,293.96,333.03,36.02,46.34,1.87,79.8,97.45,0.72
2020070611,630.05,92.27,363.98,37.06,42.71,2.27,88.2,97.4,0.59
2020070612,618.55,92.37,356.85,37.84,39.86,2.67,95.6,97.32,0.45
2020070613,624.67,157.7,379.98,38.29,38.07,3.08,102.5,97.26,0.24
2020070614,500.33,131.34,307.67,38.37,37.01,3.16,105.0,97.21,0.16
2020070615,314.4,69.46,217.31,38.16,36.59,3.15,107.9,97.17,0.1
2020070616,194.73,25.02,165.54,37.56,37.09,3.28,112.8,97.17,0.11
2020070617,88.05,4.68,74.35,36.53,39.19,3.4,116.7,97.2,0.01
2020070618,13.98,0.0,15.26,34.79,45.92,2.38,118.1,97.26,0.0
2020070619,0.0,0.0,0.0,33.65,49.42,2.53,118.1,97.33,0.0
2020070620,0.0,0.0,0.0,33.17,50.11,2.98,119.3,97.39,0.0
2020070621,0.0,0.0,0.0,32.63,51.49,3.32,119.8,97.44,0.0
2020070622,0.0,0.0,0.0,32.03,53.37,3.54,119.6,97.46,0.0
2020070623,0.0,0.0,0.0,31.44,55.61,3.73,119.4,97.45,0.03
2020070700,0.0,0.0,0.0,30.88,58.24,3.81,119.6,97.46,0.39
2020070701,0.0,0.0,0.0,30.29,61.67,3.76,120.2,97.47,3.4
2020070702,0.0,0.0,0.0,29.69,65.4,3.73,122.2,97.51,7.26
2020070703,0.0,0.0,0.0,29.09,69.47,3.42,121.1,97.53,12.85
2020070704,0.0,0.0,0.0,28.56,73.46,3.09,116.6,97.56,14.64
2020070705,21.08,1.28,20.65,28.58,75.25,3.48,109.1,97.6,18.36
2020070706,106.25,18.32,94.05,29.94,70.11,3.96,109.2,97.65,17.8
2020070707,225.6,40.64,174.89,31.85,62.04,4.96,105.0,97.72,14.44
2020070708,380.83,81.6,278.53,32.68,58.18,5.52,95.5,97.78,20.51
2020070709,502.9,95.34,339.95,32.84,57.72,5.86,86.8,97.82,20.7
2020070710,602.53,146.75,391.64,32.5,59.67,6.83,82.9,97.8,14.63
2020070711,703.88,264.94,341.91,32.05,60.85,7.78,82.5,97.75,12.62
2020070712,566.1,134.93,328.91,32.09,59.84,8.3,80.4,97.69,15.32
2020070713,449.38,75.1,297.18,32.29,59.34,8.38,76.2,97.61,17.13
2020070714,373.52,69.74,245.12,31.87,62.91,8.3,72.0,97.55,18.5
2020070715,263.05,51.82,186.95,31.0,69.17,7.82,73.5,97.52,17.67
2020070716,166.43,37.53,136.02,29.96,75.36,6.97,79.2,97.53,15.01
2020070717,76.12,16.83,64.75,29.07,79.82,6.27,91.6,97.57,9.56
2020070718,13.18,2.32,14.52,28.32,82.68,5.98,105.3,97.65,3.94
2020070719,0.0,0.0,0.0,27.77,83.24,6.15,110.3,97.76,2.02
2020070720,0.0,0.0,0.0,27.22,83.03,6.62,113.6,97.85,1.45
2020070721,0.0,0.0,0.0,26.8,82.28,6.84,116.2,97.92,1.08
2020070722,0.0,0.0,0.0,26.57,82.22,6.55,117.0,97.93,0.92
2020070723,0.0,0.0,0.0,26.43,84.17,5.82,117.2,97.9,0.94
2020070800,0.0,0.0,0.0,26.42,86.46,5.6,121.1,97.87,1.3
2020070801,0.0,0.0,0.0,26.48,88.75,5.13,124.3,97.84,1.92
2020070802,0.0,0.0,0.0,26.52,90.55,4.72,122.8,97.81,2.21
2020070803,0.0,0.0,0.0,26.55,91.54,4.57,120.0,97.81,2.05
2020070804,0.0,0.0,0.0,26.55,91.87,4.47,116.9,97.84,1.8
2020070805,20.35,9.81,19.62,26.83,90.41,4.7,114.3,97.88,1.48
2020070806,93.0,78.28,70.69,28.02,82.83,5.54,121.1,97.93,8.62
2020070807,166.8,73.75,128.25,29.65,72.41,5.31,129.6,97.97,10.94
2020070808,263.45,61.91,212.14,31.16,64.9,4.67,132.7,97.99,5.95
2020070809,377.9,39.48,286.7,32.38,59.96,4.22,132.7,97.97,7.18
2020070810,552.35,51.89,398.71,33.39,55.85,3.94,132.2,97.93,6.59
2020070811,611.42,110.81,373.49,34.33,52.5,3.74,132.6,97.85,4.54
2020070812,665.3,140.54,348.11,35.06,50.16,3.45,132.5,97.78,3.8
2020070813,569.5,149.17,331.93,35.59,48.47,3.09,131.8,97.7,3.93
2020070814,455.15,127.56,287.76,35.9,47.23,2.77,134.1,97.65,3.6
2020070815,301.17,94.55,190.21,35.76,47.18,2.55,140.6,97.6,3.13
2020070816,205.43,45.32,166.58,35.16,48.43,2.48,147.0,97.57,2.65
2020070817,97.22,13.44,80.67,34.37,50.94,2.39,152.9,97.58,1.42
2020070818,13.57,0.79,14.87,32.94,58.86,1.67,155.3,97.6,0.57
2020070819,0.0,0.0,0.0,31.79,63.45,1.78,155.4,97.65,0.97
2020070820,0.0,0.0,0.0,31.24,64.68,1.97,157.3,97.69,1.03
2020070821,0.0,0.0,0.0,30.79,66.23,2.02,161.8,97.71,1.14
2020070822,0.0,0.0,0.0,30.39,67.85,1.89,169.3,97.68,0.94
2020070823,0.0,0.0,0.0,29.98,69.57,1.71,175.0,97.67,1.18
2020070900,0.0,0.0,0.0,29.7,71.13,1.56,172.6,97.67,1.53
2020070901,0.0,0.0,0.0,29.56,72.21,1.49,164.8,97.64,1.36
2020070902,0.0,0.0,0.0,29.26,73.74,1.64,154.4,97.61,0.79
2020070903,0.0,0.0,0.0,28.85,75.79,2.01,146.8,97.57,0.84
2020070904,0.0,0.0,0.0,28.41,78.24,2.37,145.3,97.54,1.1
2020070905,23.73,7.89,22.88,28.49,78.43,2.92,148.6,97.53,1.68
2020070906,128.4,83.34,100.52,30.28,69.51,2.77,161.5,97.56,5.45
2020070907,318.58,98.52,228.42,32.58,59.46,2.09,188.8,97.59,6.18
2020070908,499.52,309.9,256.06,34.07,54.39,1.95,221.7,97.6,1.92
2020070909,639.17,376.65,274.56,35.24,51.08,2.07,239.5,97.59,3.06
2020070910,648.6,406.04,256.7,36.35,48.08,2.22,247.5,97.55,3.14
2020070911,799.75,424.07,303.62,37.1,46.07,2.42,254.0,97.48,2.65
2020070912,732.6,309.07,322.61,37.53,44.92,2.78,261.3,97.39,2.18
2020070913,678.9,388.66,274.83,37.75,44.37,3.18,270.7,97.31,1.79
2020070914,601.33,332.13,287.43,38.25,43.09,3.45,275.8,97.24,1.81
2020070915,453.73,249.46,243.5,37.8,43.92,3.49,278.1,97.18,0.77
2020070916,275.1,129.13,192.55,37.13,45.7,3.43,278.6,97.15,0.32
2020070917,119.8,39.37,104.05,36.24,48.59,3.29,277.3,97.16,0.13
2020070918,18.45,1.32,19.52,34.84,54.83,2.33,272.9,97.2,0.07
2020070919,0.0,0.0,0.0,33.87,59.0,2.37,266.4,97.26,0.31
2020070920,0.0,0.0,0.0,33.41,60.66,3.16,263.3,97.32,0.21
2020070921,0.0,0.0,0.0,32.9,62.46,3.76,261.7,97.34,0.17
2020070922,0.0,0.0,0.0,32.37,64.51,3.91,260.9,97.34,0.19
2020070923,0.0,0.0,0.0,31.9,66.38,3.76,259.6,97.3,0.21
2020071000,0.0,0.0,0.0,31.44,68.17,3.59,259.3,97.26,0.14
2020071001,0.0,0.0,0.0,30.98,69.9,3.62,259.5,97.2,0.13
2020071002,0.0,0.0,0.0,30.53,71.74,3.83,257.5,97.17,0.05
2020071003,0.0,0.0,0.0,30.06,73.4,4.47,257.6,97.16,0.02
2020071004,0.0,0.0,0.0,29.82,72.44,5.1,261.9,97.19,0.01
2020071005,26.17,1.9,24.93,30.14,67.91,5.56,266.5,97.24,0.0
2020071006,135.15,39.53,114.63,32.01,57.77,6.27,270.3,97.28,0.0
2020071007,296.6,170.75,236.74,34.65,46.97,7.7,276.9,97.33,0.0
2020071008,472.92,143.12,311.25,36.94,40.1,8.16,285.3,97.36,0.0
2020071009,632.7,429.87,327.11,38.72,35.51,7.85,292.6,97.37,0.0
2020071010,682.95,284.78,354.7,40.18,32.15,7.25,297.1,97.35,0.0
2020071011,730.95,232.21,376.66,41.19,29.91,6.61,299.0,97.28,0.01
2020071012,723.8,199.13,422.64,41.95,28.37,6.07,299.4,97.19,0.03
2020071013,642.4,265.31,332.7,42.35,27.26,5.66,298.7,97.11,0.05
2020071014,543.53,175.0,324.55,42.17,27.07,5.43,296.9,97.03,0.03
2020071015,407.38,156.81,233.59,41.61,27.72,5.4,293.7,96.99,0.05
2020071016,263.85,99.61,204.53,40.61,29.48,5.34,290.2,96.97,0.05
2020071017,112.43,29.05,101.36,39.16,33.07,4.68,285.4,96.98,0.13
2020071018,17.6,0.55,19.42,36.53,42.43,2.96,277.4,97.05,0.83
2020071019,0.0,0.0,0.0,34.97,48.72,3.03,268.7,97.13,2.7
2020071020,0.0,0.0,0.0,34.22,52.28,3.44,262.6,97.21,6.64
2020071021,0.0,0.0,0.0,33.47,55.96,4.02,259.5,97.26,9.75
2020071022,0.0,0.0,0.0,32.67,59.96,4.45,258.7,97.28,11.7
2020071023,0.0,0.0,0.0,31.91,63.69,4.49,260.6,97.28,12.75
2020071100,0.0,0.0,0.0,31.23,66.89,4.28,264.2,97.27,11.38
2020071101,0.0,0.0,0.0,30.67,69.12,4.12,267.6,97.27,10.78
2020071102,0.0,0.0,0.0,30.2,70.42,3.9,269.7,97.25,7.45
2020071103,0.0,0.0,0.0,29.81,71.11,3.76,269.5,97.25,6.71
2020071104,0.0,0.0,0.0,29.41,71.71,3.83,267.2,97.28,5.64
2020071105,17.02,0.0,16.62,29.56,69.8,4.62,264.0,97.34,2.53
2020071106,85.62,1.75,74.13,31.22,62.33,5.36,262.5,97.38,2.33
2020071107,183.12,5.47,159.39,34.13,51.64,5.98,269.6,97.4,8.21
2020071108,272.17,16.17,226.42,36.27,45.43,5.79,280.0,97.41,6.84
2020071109,540.83,151.18,344.25,37.73,41.76,5.13,283.6,97.39,6.31
2020071110,747.12,435.32,333.96,38.61,39.74,4.79,281.2,97.34,5.53
2020071111,732.92,275.03,335.54,39.19,38.08,4.69,277.2,97.29,4.23
2020071112,628.85,262.71,308.08,39.51,37.07,4.6,273.7,97.23,3.48
2020071113,723.3,348.96,347.77,39.63,36.4,4.47,270.8,97.18,3.82
2020071114,589.92,287.03,314.31,39.64,35.89,4.2,268.2,97.13,3.25
2020071115,468.5,269.85,249.44,39.21,36.42,3.98,268.0,97.1,2.58
2020071116,306.55,214.54,188.75,38.38,37.94,3.74,269.4,97.1,1.34
2020071117,132.98,83.54,106.52,37.18,41.04,3.21,270.7,97.14,0.13
2020071118,19.25,2.79,21.13,35.17,51.42,1.8,272.5,97.2,0.0
2020071119,0.0,0.0,0.0,34.18,55.5,1.53,277.1,97.28,0.0
2020071120,0.0,0.0,0.0,33.94,55.94,1.3,280.2,97.34,0.0
2020071121,0.0,0.0,0.0,33.86,54.76,1.05,276.6,97.37,0.0
2020071122,0.0,0.0,0.0,33.74,54.36,0.75,254.5,97.37,0.0
2020071123,0.0,0.0,0.0,33.19,56.91,0.91,211.1,97.33,0.98
2020071200,0.0,0.0,0.0,32.22,61.62,1.51,191.8,97.26,3.43
2020071201,0.0,0.0,0.0,31.61,63.03,1.9,191.5,97.22,2.94
2020071202,0.0,0.0,0.0,31.19,65.35,1.78,200.8,97.25,7.99
2020071203,0.0,0.0,0.0,30.88,67.92,1.33,216.4,97.31,5.66
2020071204,0.0,0.0,0.0,30.57,70.06,0.87,233.4,97.34,10.38
2020071205,29.05,1.79,29.27,30.74,69.97,0.44,256.9,97.39,8.96
2020071206,140.98,31.15,120.26,32.67,60.4,0.83,318.4,97.44,19.23
2020071207,281.52,95.6,221.13,33.84,53.04,1.09,309.1,97.51,32.1
2020071208,414.92,98.92,303.52,34.39,52.64,1.0,319.5,97.59,0.43
2020071209,463.88,105.66,305.28,35.17,51.46,1.3,349.8,97.64,0.45
2020071210,533.2,115.62,338.42,36.06,49.36,1.82,6.6,97.63,0.48
2020071211,580.83,239.24,258.9,36.79,47.28,2.42,11.4,97.58,0.43
2020071212,564.53,275.0,257.05,36.82,47.1,2.96,12.1,97.53,0.34
2020071213,697.42,311.93,338.34,36.32,48.33,3.39,11.6,97.47,0.2
2020071214,687.03,482.68,258.38,36.18,47.71,2.86,7.0,97.42,0.08
2020071215,544.85,466.37,204.61,35.93,47.23,1.95,349.4,97.37,0.01
2020071216,338.62,296.93,189.14,35.65,47.28,1.53,314.2,97.33,0.0
2020071217,149.85,131.42,109.18,35.08,49.0,1.84,281.6,97.3,0.0
2020071218,21.45,4.35,23.62,33.65,56.66,1.61,267.9,97.32,0.0
2020071219,0.0,0.0,0.0,32.54,59.45,2.01,263.4,97.35,0.0
2020071220,0.0,0.0,0.0,31.95,61.15,2.24,269.7,97.42,0.0
2020071221,0.0,0.0,0.0,31.42,63.28,2.38,279.9,97.47,0.0
2020071222,0.0,0.0,0.0,31.03,65.19,2.92,287.3,97.5,0.0
2020071223,0.0,0.0,0.0,30.5,68.04,3.22,294.2,97.5,0.0
2020071300,0.0,0.0,0.0,29.94,71.23,3.09,300.1,97.49,0.0
2020071301,0.0,0.0,0.0,29.46,74.17,2.83,304.2,97.47,0.0
2020071302,0.0,0.0,0.0,29.08,76.34,2.32,305.3,97.45,0.0
2020071303,0.0,0.0,0.0,28.73,78.16,2.01,302.6,97.44,0.0
2020071304,0.0,0.0,0.0,28.41,79.91,2.01,300.1,97.45,0.0
2020071305,30.7,6.67,32.96,28.54,79.65,2.33,297.6,97.49,0.0
2020071306,174.82,161.28,118.88,30.57,68.49,3.42,300.6,97.53,0.0
2020071307,355.98,321.82,180.9,32.46,60.14,3.92,301.9,97.58,0.0
2020071308,564.58,451.71,228.97,33.98,54.18,3.93,303.2,97.61,0.0
2020071309,735.42,547.25,250.48,35.41,49.07,3.77,303.4,97.62,0.0
2020071310,846.67,607.24,247.53,36.77,44.81,3.53,303.8,97.59,0.0
2020071311,853.25,471.01,296.56,37.86,41.4,3.27,302.8,97.55,0.0
2020071312,865.85,517.67,265.42,38.72,38.69,3.08,299.3,97.47,0.0
2020071313,789.28,437.13,343.25,39.2,37.06,3.13,295.2,97.39,0.0
2020071314,657.42,382.24,294.86,39.57,35.61,3.31,292.2,97.33,0.0
2020071315,466.88,245.28,266.01,39.45,35.18,3.5,291.3,97.27,0.0
2020071316,303.15,166.32,204.3,38.82,35.98,3.73,291.2,97.25,0.0
2020071317,126.62,45.2,115.07,37.64,38.54,3.8,291.2,97.26,0.0
2020071318,17.8,0.54,19.31,35.67,45.39,2.61,291.4,97.31,0.0
2020071319,0.0,0.0,0.0,34.47,49.4,2.62,293.1,97.38,0.0
2020071320,0.0,0.0,0.0,33.83,51.19,2.99,295.8,97.43,0.0
2020071321,0.0,0.0,0.0,33.21,52.96,3.42,298.9,97.48,0.0
2020071322,0.0,0.0,0.0,32.52,54.97,3.75,302.6,97.49,0.0
2020071323,0.0,0.0,0.0,31.71,57.41,3.64,306.8,97.49,0.0
2020071400,0.0,0.0,0.0,31.08,59.21,3.47,311.1,97.5,0.0
2020071401,0.0,0.0,0.0,30.57,60.47,3.33,314.4,97.52,0.0
2020071402,0.0,0.0,0.0,30.11,61.6,2.92,313.8,97.54,0.0
2020071403,0.0,0.0,0.0,29.7,62.68,2.45,309.5,97.57,0.0
2020071404,0.0,0.0,0.0,29.41,63.23,2.3,304.0,97.61,0.0
2020071405,26.5,1.34,25.86,30.04,61.04,2.84,297.3,97.64,0.0
2020071406,146.02,71.2,121.79,32.23,52.85,3.62,290.7,97.67,0.0
2020071407,308.52,216.06,241.44,34.36,45.5,3.65,288.0,97.7,0.0
2020071408,470.38,230.74,324.12,35.92,41.26,3.01,292.5,97.72,0.0
2020071409,660.03,324.71,334.29,37.38,37.9,2.33,300.4,97.72,0.0
2020071410,781.58,370.93,368.7,38.74,34.85,1.78,305.8,97.68,0.0
2020071411,832.83,248.6,441.25,39.89,32.39,1.39,305.1,97.62,0.0
2020071412,772.83,205.88,398.85,40.73,30.52,1.21,297.0,97.54,0.0
2020071413,716.92,292.47,350.21,41.28,29.12,1.18,284.7,97.45,0.0
2020071414,601.28,271.66,312.3,41.36,28.39,1.24,285.4,97.38,0.0
2020071415,439.33,227.34,257.97,41.05,28.29,1.34,296.6,97.33,0.0
2020071416,294.85,133.76,216.73,40.35,28.99,1.52,307.8,97.3,0.0
2020071417,125.88,34.72,110.89,39.22,31.31,1.59,317.8,97.3,0.0
2020071418,16.83,0.0,18.3,37.13,42.31,1.26,332.0,97.36,0.0
2020071419,0.0,0.0,0.0,35.82,45.01,1.56,347.4,97.42,0.0
2020071420,0.0,0.0,0.0,34.95,47.2,1.71,0.7,97.49,0.0
2020071421,0.0,0.0,0.0,34.07,50.63,1.81,18.0,97.55,0.0
2020071422,0.0,0.0,0.0,33.29,52.61,1.9,41.2,97.59,0.0
2020071423,0.0,0.0,0.0,32.7,54.14,1.98,63.6,97.61,0.0
2020071500,0.0,0.0,0.0,32.13,55.87,2.09,84.2,97.6,0.0
2020071501,0.0,0.0,0.0,31.51,57.96,2.01,99.5,97.58,0.0
2020071502,0.0,0.0,0.0,30.85,60.35,1.83,111.5,97.58,0.0
2020071503,0.0,0.0,0.0,30.33,62.14,1.75,118.3,97.6,0.0
2020071504,0.0,0.0,0.0,29.89,63.82,1.8,122.5,97.63,0.0
2020071505,25.85,1.7,27.2,30.21,63.24,2.85,124.6,97.69,0.0
2020071506,134.73,49.12,115.79,31.78,58.13,3.64,131.4,97.76,0.0
2020071507,274.62,87.75,208.1,34.17,49.19,3.1,129.2,97.81,0.0
2020071508,385.38,100.57,280.22,35.89,43.85,2.72,120.0,97.82,0.09
2020071509,473.62,53.4,339.81,37.31,40.06,2.76,109.9,97.79,0.09
2020071510,554.05,121.65,332.14,38.53,37.23,3.13,104.0,97.74,0.11
2020071511,625.1,134.35,345.5,39.31,35.52,3.62,102.9,97.65,0.13
2020071512,629.78,128.63,352.64,39.79,34.48,4.07,104.5,97.56,0.27
2020071513,632.08,191.53,348.12,40.02,33.97,4.42,107.7,97.48,0.48
2020071514,555.58,182.57,340.88,39.43,35.4,4.44,110.7,97.41,0.47
2020071515,401.58,143.69,258.36,38.71,37.17,4.3,112.4,97.36,0.41
2020071516,242.48,69.13,195.74,37.69,39.74,4.24,113.8,97.35,0.67
2020071517,98.47,14.46,91.43,36.3,43.52,4.25,113.7,97.38,0.08
2020071518,14.52,0.0,16.56,34.8,48.47,4.17,111.2,97.47,0.0
2020071519,0.0,0.0,0.0,33.6,53.37,4.51,107.8,97.56,0.0
2020071520,0.0,0.0,0.0,32.76,56.73,5.04,105.5,97.65,0.0
2020071521,0.0,0.0,0.0,32.09,59.27,5.51,104.6,97.7,0.02
2020071522,0.0,0.0,0.0,31.44,61.81,5.82,105.9,97.72,0.04
2020071523,0.0,0.0,0.0,30.85,64.11,5.68,108.9,97.71,0.06
2020071600,0.0,0.0,0.0,30.29,66.35,5.41,111.6,97.67,0.12
2020071601,0.0,0.0,0.0,29.76,68.81,5.08,113.5,97.63,0.24
2020071602,0.0,0.0,0.0,29.28,71.36,4.65,114.1,97.6,0.31
2020071603,0.0,0.0,0.0,28.85,73.8,4.21,112.5,97.59,0.29
2020071604,0.0,0.0,0.0,28.5,75.76,3.88,109.1,97.61,0.18
2020071605,17.3,0.0,17.05,28.58,75.68,4.05,108.6,97.65,0.54
2020071606,93.2,11.15,80.31,29.87,69.77,4.41,114.4,97.69,1.95
2020071607,208.57,15.76,170.65,31.58,61.92,4.36,116.0,97.74,2.2
2020071608,362.48,23.43,301.25,33.25,54.93,4.47,115.0,97.76,1.94
2020071609,522.65,70.56,399.48,34.69,49.68,4.67,115.2,97.75,3.14
2020071610,652.0,205.09,377.38,36.11,45.01,4.71,116.7,97.68,2.14
2020071611,715.67,290.65,336.66,37.48,40.8,4.56,118.5,97.58,1.38
2020071612,727.45,249.63,380.46,38.59,37.52,4.4,120.3,97.46,1.17
2020071613,679.85,316.93,347.25,39.27,35.58,4.36,121.5,97.36,1.2
2020071614,468.77,185.82,269.53,39.43,34.92,4.34,120.6,97.28,0.65
2020071615,281.1,78.64,200.26,39.01,35.88,4.23,118.1,97.24,0.35
2020071616,212.57,47.91,172.44,38.14,38.22,4.12,115.6,97.24,0.25
2020071617,97.32,20.44,83.26,36.79,42.4,4.01,113.8,97.28,0.02
2020071618,14.38,2.78,15.26,35.3,48.14,3.38,113.0,97.36,0.0
2020071619,0.0,0.0,0.0,34.16,52.88,3.35,112.8,97.43,0.0
2020071620,0.0,0.0,0.0,33.46,55.77,3.77,113.8,97.49,0.0
2020071621,0.0,0.0,0.0,32.92,57.7,4.28,117.1,97.54,0.0
2020071622,0.0,0.0,0.0,32.45,59.36,4.71,122.2,97.58,0.0
2020071623,0.0,0.0,0.0,31.96,61.22,4.89,125.5,97.59,0.0
2020071700,0.0,0.0,0.0,31.52,62.93,5.1,129.3,97.58,0.0
2020071701,0.0,0.0,0.0,31.02,65.09,5.13,129.6,97.59,0.0
2020071702,0.0,0.0,0.0,30.49,67.73,4.9,128.4,97.61,0.15
2020071703,0.0,0.0,0.0,29.98,70.52,4.59,126.3,97.64,0.43
2020071704,0.0,0.0,0.0,29.49,73.43,4.23,122.6,97.69,0.91
2020071705,20.52,4.89,20.03,29.41,74.62,4.24,118.7,97.73,2.57
2020071706,111.8,40.52,92.96,30.7,69.15,4.58,122.2,97.77,7.08
2020071707,249.02,56.62,196.92,32.17,62.92,4.02,120.1,97.78,8.78
2020071708,379.88,50.87,276.85,33.39,58.76,3.9,116.2,97.8,44.37
2020071709,438.67,72.95,298.96,34.22,56.92,4.02,114.2,97.79,41.67
2020071710,577.45,60.47,402.36,34.99,55.53,4.15,114.6,97.75,46.35
2020071711,683.75,227.67,398.77,35.17,55.51,4.15,116.3,97.68,43.4
2020071712,576.9,123.37,381.59,35.58,54.22,4.08,116.8,97.6,28.89
2020071713,562.72,145.94,341.72,35.91,52.79,3.83,116.4,97.53,29.0
2020071714,431.98,49.34,313.47,36.07,51.94,3.25,115.7,97.47,23.29
2020071715,337.62,59.65,247.66,35.86,52.49,2.63,113.7,97.41,32.39
2020071716,226.1,38.06,187.68,35.17,55.45,2.21,108.4,97.4,21.21
2020071717,103.03,14.27,85.78,34.37,61.66,1.8,101.2,97.42,12.69
2020071718,17.83,1.56,20.16,33.22,67.97,1.77,98.5,97.47,3.5
2020071719,0.0,0.0,0.0,32.08,76.57,1.63,93.5,97.53,1.81
2020071720,0.0,0.0,0.0,31.55,75.79,1.97,98.2,97.59,0.49
2020071721,0.0,0.0,0.0,31.15,74.51,2.37,108.4,97.65,0.41
2020071722,0.0,0.0,0.0,30.8,74.04,2.81,121.6,97.68,0.99
2020071723,0.0,0.0,0.0,30.43,74.22,3.17,134.5,97.69,2.02
2020071800,0.0,0.0,0.0,30.08,74.36,3.4,146.0,97.69,2.06
2020071801,0.0,0.0,0.0,29.77,74.67,3.35,154.4,97.69,5.48
2020071802,0.0,0.0,0.0,29.47,75.55,3.05,158.7,97.68,6.64
2020071803,0.0,0.0,0.0,29.24,76.75,2.69,159.7,97.68,9.67
2020071804,0.0,0.0,0.0,28.9,79.51,2.36,158.3,97.69,31.8
2020071805,15.0,3.7,15.48,29.0,81.86,2.47,155.1,97.72,45.75
2020071806,80.9,24.32,67.8,30.02,77.36,3.26,153.4,97.75,79.16
2020071807,159.73,31.33,129.55,31.75,69.93,3.2,161.1,97.78,96.82
2020071808,236.3,15.22,190.9,33.38,63.66,2.81,164.7,97.81,6.73
2020071809,414.88,30.64,322.08,34.67,58.55,2.49,162.2,97.81,10.01
2020071810,469.4,3.4,376.8,35.59,55.27,2.15,159.9,97.79,16.08
2020071811,568.97,30.96,424.47,36.07,53.14,1.66,159.6,97.74,14.25
2020071812,372.85,104.04,202.66,36.6,51.03,1.19,160.3,97.67,11.45
2020071813,548.88,45.46,438.82,37.13,48.96,0.88,154.3,97.6,10.55
2020071814,424.52,24.41,331.16,37.3,48.01,0.65,140.7,97.55,10.41
2020071815,335.4,21.96,274.18,37.22,47.83,0.35,133.8,97.49,11.38
2020071816,201.82,8.95,170.62,36.85,48.74,0.15,121.6,97.46,10.86
2020071817,92.97,5.09,80.83,36.09,52.17,0.19,99.0,97.47,5.16
2020071818,13.93,0.0,15.6,34.93,58.72,0.39,97.3,97.51,1.34
2020071819,0.0,0.0,0.0,34.14,63.28,0.76,96.0,97.55,2.3
2020071820,0.0,0.0,0.0,33.19,68.33,1.26,101.4,97.61,1.33
2020071821,0.0,0.0,0.0,32.46,70.5,1.54,109.4,97.66,0.79
2020071822,0.0,0.0,0.0,31.94,71.53,1.63,112.8,97.68,1.41
2020071823,0.0,0.0,0.0,31.47,72.86,1.62,114.8,97.68,4.36
2020071900,0.0,0.0,0.0,30.98,74.63,1.58,118.3,97.66,4.16
2020071901,0.0,0.0,0.0,30.49,76.12,1.54,128.4,97.63,2.0
2020071902,0.0,0.0,0.0,30.0,78.37,1.49,146.2,97.59,3.37
2020071903,0.0,0.0,0.0,29.58,81.14,1.4,171.3,97.56,20.98
2020071904,0.0,0.0,0.0,29.2,84.43,1.31,201.9,97.54,38.48
2020071905,4.95,0.0,4.91,29.22,86.53,1.6,239.1,97.55,71.62
2020071906,19.5,0.27,16.89,30.0,82.53,2.37,266.1,97.57,68.7
2020071907,35.15,1.15,28.98,31.74,74.77,3.36,279.8,97.58,42.72
2020071908,44.1,9.61,34.22,33.69,66.21,4.43,286.4,97.58,30.52
2020071909,113.28,0.0,91.1,34.5,64.47,4.67,295.7,97.58,26.47
2020071910,318.8,3.06,255.78,35.03,63.34,4.76,303.4,97.55,22.34
2020071911,500.1,5.68,377.98,35.46,61.91,4.74,308.1,97.51,13.96
2020071912,610.97,132.35,438.99,35.56,60.85,4.51,310.9,97.45,10.4
2020071913,646.17,240.38,350.43,35.41,60.68,3.92,311.8,97.4,8.69
2020071914,634.03,395.45,275.49,35.12,60.0,3.23,310.1,97.35,2.76
2020071915,491.83,391.11,203.19,35.28,58.1,2.76,299.3,97.3,0.74
2020071916,308.48,256.7,175.47,35.13,58.67,2.54,279.3,97.26,0.97
2020071917,127.6,89.75,101.86,34.46,61.62,2.47,260.7,97.26,0.23
2020071918,16.33,3.12,18.83,33.04,68.89,2.34,245.5,97.3,0.4
2020071919,0.0,0.0,0.0,32.42,69.84,3.24,245.2,97.34,0.32
2020071920,0.0,0.0,0.0,32.06,70.76,4.2,252.3,97.39,0.45
2020071921,0.0,0.0,0.0,31.6,72.75,4.48,256.7,97.42,0.6
2020071922,0.0,0.0,0.0,31.13,74.89,4.21,257.0,97.41,1.43
2020071923,0.0,0.0,0.0,30.63,76.87,3.68,252.9,97.4,3.98
2020072000,0.0,0.0,0.0,30.2,78.12,3.27,246.2,97.37,5.23
2020072001,0.0,0.0,0.0,29.84,79.03,3.17,240.7,97.33,7.14
2020072002,0.0,0.0,0.0,29.55,79.9,3.08,241.9,97.31,5.86
2020072003,0.0,0.0,0.0,29.37,80.31,3.05,247.2,97.3,2.97
2020072004,0.0,0.0,0.0,29.27,80.22,3.1,253.7,97.3,0.79
2020072005,11.68,0.0,11.91,29.74,77.43,3.67,260.1,97.32,0.45
2020072006,65.18,4.03,55.72,31.22,70.59,4.32,264.7,97.34,0.29
2020072007,142.1,7.69,121.18,34.13,56.13,6.19,278.2,97.35,0.13
2020072008,233.27,31.22,191.09,36.33,46.83,6.86,292.5,97.37,2.26
2020072009,353.23,8.35,282.72,37.44,43.13,6.58,301.9,97.38,8.2
2020072010,293.7,7.14,234.87,38.16,41.32,6.42,307.9,97.37,13.83
2020072011,430.95,28.81,320.29,38.47,40.95,6.22,311.5,97.32,20.3
2020072012,447.6,140.0,326.42,38.55,41.16,5.82,313.8,97.28,30.29
2020072013,663.78,209.77,454.05,38.2,42.39,5.44,315.1,97.24,40.54
2020072014,568.0,195.93,360.04,37.27,45.33,4.72,314.9,97.22,29.6
2020072015,429.55,167.8,272.81,36.7,47.4,4.05,311.4,97.21,22.46
2020072016,280.8,150.82,200.57,35.57,51.74,3.24,307.5,97.2,20.75
2020072017,117.78,38.86,98.39,34.43,56.78,2.48,302.5,97.23,11.07
2020072018,14.85,0.0,15.85,33.04,65.44,1.72,299.2,97.27,3.3
2020072019,0.0,0.0,0.0,32.34,72.25,1.0,302.7,97.33,3.8
2020072020,0.0,0.0,0.0,32.33,70.01,0.55,312.1,97.39,8.0
2020072021,0.0,0.0,0.0,32.38,65.15,0.35,290.0,97.45,11.68
2020072022,0.0,0.0,0.0,32.08,64.78,0.38,217.5,97.48,22.83
2020072023,0.0,0.0,0.0,31.41,69.48,0.67,173.2,97.49,32.59
2020072100,0.0,0.0,0.0,30.42,80.6,1.04,160.9,97.48,38.71
2020072101,0.0,0.0,0.0,29.54,86.63,1.33,162.9,97.46,31.14
2020072102,0.0,0.0,0.0,28.85,87.94,1.59,164.7,97.43,18.84
2020072103,0.0,0.0,0.0,28.35,88.35,1.77,164.2,97.43,13.56
2020072104,0.0,0.0,0.0,28.03,88.87,1.8,166.2,97.45,12.42
2020072105,16.52,0.0,16.87,28.24,87.72,2.14,169.8,97.51,11.3
2020072106,105.28,5.44,90.87,29.13,83.37,2.61,174.3,97.58,14.65
2020072107,234.9,19.86,198.97,31.26,69.71,2.23,195.1,97.64,19.26
2020072108,376.9,36.31,301.96,32.91,60.61,2.33,226.2,97.7,14.48
2020072109,500.17,67.62,361.5,33.81,57.42,2.77,243.9,97.74,12.9
2020072110,555.08,135.31,339.49,34.51,55.23,3.21,256.3,97.75,14.63
2020072111,663.08,208.96,374.74,34.83,54.35,3.47,266.4,97.71,16.44
2020072112,584.92,50.31,414.27,34.8,54.71,3.63,275.2,97.65,19.28
2020072113,388.75,65.85,258.61,34.74,55.29,3.71,283.9,97.62,25.86
2020072114,294.15,13.77,231.75,34.54,56.48,3.62,296.4,97.6,25.22
2020072115,105.4,7.43,87.84,34.09,58.59,3.49,305.9,97.58,16.83
2020072116,63.83,4.45,54.97,33.54,61.68,3.06,308.9,97.58,10.82
2020072117,31.77,5.26,27.09,32.81,65.38,2.45,305.7,97.62,6.38
2020072118,5.93,0.0,6.72,31.52,74.82,1.63,298.6,97.66,1.41
2020072119,0.0,0.0,0.0,30.82,78.88,1.39,288.8,97.7,1.28
2020072120,0.0,0.0,0.0,30.37,79.77,1.35,287.6,97.74,0.85
2020072121,0.0,0.0,0.0,29.9,80.1,1.31,285.1,97.78,0.71
2020072122,0.0,0.0,0.0,29.42,81.64,1.3,284.3,97.79,1.17
2020072123,0.0,0.0,0.0,29.07,83.48,1.13,283.8,97.81,5.47
2020072200,0.0,0.0,0.0,28.77,85.72,0.87,283.2,97.81,19.53
2020072201,0.0,0.0,0.0,28.57,85.16,0.5,288.8,97.78,33.35
2020072202,0.0,0.0,0.0,28.58,82.56,0.55,308.3,97.77,35.55
2020072203,0.0,0.0,0.0,28.08,89.45,0.95,313.7,97.8,39.62
2020072204,0.0,0.0,0.0,27.68,92.85,1.02,320.2,97.81,34.48
2020072205,15.6,0.0,15.47,27.91,87.71,0.87,342.0,97.82,21.93
2020072206,81.3,9.41,69.67,29.24,80.22,0.69,294.0,97.87,18.44
2020072207,175.75,22.19,142.39,30.4,72.75,1.56,247.4,97.87,19.11
2020072208,270.15,2.17,226.57,31.1,68.81,2.08,245.5,97.86,43.51
2020072209,218.68,21.61,172.42,31.09,68.35,2.11,229.6,97.88,51.02
2020072210,312.77,55.01,223.39,30.09,72.58,2.47,200.3,97.87,53.87
2020072211,399.85,14.97,299.85,29.22,77.3,2.46,191.5,97.83,54.71
2020072212,454.4,67.37,313.55,29.08,79.04,0.71,255.4,97.74,50.41
2020072213,454.77,261.3,236.68,29.13,79.12,3.21,357.0,97.7,35.95
2020072214,339.48,20.72,266.42,29.17,79.15,4.5,8.9,97.68,33.92
2020072215,313.42,65.36,234.02,29.39,76.52,4.35,12.8,97.66,48.26
2020072216,186.32,43.02,152.72,29.24,74.97,3.75,10.8,97.67,37.99
2020072217,87.18,25.74,75.74,28.69,77.83,2.61,6.8,97.68,13.44
2020072218,10.52,0.79,11.89,27.66,85.26,1.4,356.7,97.7,5.65
2020072219,0.0,0.0,0.0,27.13,87.89,0.71,310.4,97.73,7.8
2020072220,0.0,0.0,0.0,26.64,90.76,1.23,256.4,97.78,11.56
2020072221,0.0,0.0,0.0,26.29,92.14,1.75,250.6,97.81,5.04
2020072222,0.0,0.0,0.0,26.11,92.22,2.27,249.7,97.81,1.01
2020072223,0.0,0.0,0.0,25.97,92.38,2.76,248.5,97.79,0.17
2020072300,0.0,0.0,0.0,25.81,92.43,3.01,247.8,97.75,0.13
2020072301,0.0,0.0,0.0,25.63,92.25,3.08,249.9,97.69,0.15
2020072302,0.0,0.0,0.0,25.41,92.11,3.02,255.0,97.65,0.64
2020072303,0.0,0.0,0.0,25.11,92.32,2.92,262.3,97.65,0.22
2020072304,0.0,0.0,0.0,24.86,92.49,2.71,270.8,97.65,0.18
2020072305,24.08,3.08,25.41,25.24,90.88,2.83,276.3,97.69,0.31
2020072306,158.57,123.31,119.38,26.59,85.44,2.94,277.6,97.74,1.62
2020072307,337.45,293.76,176.49,29.38,71.45,2.73,292.6,97.78,3.19
2020072308,541.97,414.0,226.45,31.48,60.56,2.82,309.4,97.81,0.21
2020072309,696.85,447.9,276.76,32.53,56.66,2.77,316.5,97.82,0.16
2020072310,823.5,505.54,318.66,33.51,53.8,2.85,317.8,97.8,0.16
2020072311,796.22,327.44,380.22,34.28,51.68,3.02,318.4,97.75,0.27
2020072312,806.83,409.87,368.68,34.81,50.42,3.32,318.9,97.67,0.2
2020072313,816.17,501.54,305.04,35.04,49.78,3.71,320.9,97.61,0.35
2020072314,684.38,454.03,265.15,35.05,49.37,3.85,324.1,97.56,0.22
2020072315,493.15,380.94,208.13,34.75,49.02,3.75,326.6,97.54,0.09
2020072316,285.3,262.91,150.7,33.93,50.85,3.4,329.1,97.54,0.05
2020072317,123.55,108.93,95.66,32.74,56.2,2.63,333.1,97.58,0.0
2020072318,14.18,2.18,16.05,31.23,64.63,1.57,344.5,97.66,0.0
2020072319,0.0,0.0,0.0,30.58,67.14,1.1,21.4,97.76,0.0
2020072320,0.0,0.0,0.0,29.92,70.04,1.21,66.6,97.85,0.0
2020072321,0.0,0.0,0.0,29.2,73.31,1.44,86.8,97.9,0.0
2020072322,0.0,0.0,0.0,28.5,76.07,1.61,97.5,97.9,0.0
2020072323,0.0,0.0,0.0,27.92,77.78,1.83,101.7,97.9,0.0
2020072400,0.0,0.0,0.0,27.48,78.89,1.99,100.4,97.9,0.0
2020072401,0.0,0.0,0.0,27.06,80.11,2.16,97.5,97.89,0.0
2020072402,0.0,0.0,0.0,26.64,81.69,2.17,96.1,97.86,0.0
2020072403,0.0,0.0,0.0,26.19,83.84,2.1,96.3,97.86,0.08
2020072404,0.0,0.0,0.0,25.81,86.15,2.02,98.2,97.9,0.19
2020072405,20.27,2.31,21.11,26.09,85.93,2.47,100.7,97.96,0.29
2020072406,126.75,59.39,106.74,27.51,80.69,2.81,101.1,98.03,1.11
2020072407,270.85,157.17,192.23,30.45,66.12,2.83,118.9,98.07,1.8
2020072408,444.83,131.37,303.91,31.98,60.11,2.7,122.7,98.09,3.64
2020072409,652.4,349.9,321.25,33.11,56.48,2.59,121.1,98.08,3.27
2020072410,681.4,150.32,453.46,34.09,52.93,2.7,116.4,98.04,2.68
2020072411,790.72,359.07,361.53,34.6,50.66,3.19,110.0,97.97,2.49
2020072412,804.75,465.82,282.9,35.15,48.61,3.97,103.9,97.88,1.63
2020072413,693.3,254.94,378.33,35.27,47.79,4.68,102.3,97.8,1.24
2020072414,503.65,178.02,302.64,35.34,47.17,4.57,108.4,97.79,0.66
2020072415,375.88,108.43,250.97,34.96,48.21,4.0,118.5,97.82,0.58
2020072416,254.35,52.37,211.45,33.91,52.37,3.65,118.5,97.85,0.55
2020072417,105.32,15.96,91.83,32.66,58.34,3.48,111.6,97.88,0.11
2020072418,13.07,0.0,14.95,31.07,66.06,2.9,106.4,97.94,0.01
2020072419,0.0,0.0,0.0,30.16,69.35,3.21,104.8,98.01,0.0
2020072420,0.0,0.0,0.0,29.58,71.14,3.75,107.2,98.07,0.0
2020072421,0.0,0.0,0.0,29.03,72.93,4.14,110.2,98.12,0.0
2020072422,0.0,0.0,0.0,28.49,74.95,4.35,111.6,98.14,0.0
2020072423,0.0,0.0,0.0,27.99,77.25,4.45,112.2,98.15,0.23
2020072500,0.0,0.0,0.0,27.48,80.09,4.4,112.9,98.15,0.14
2020072501,0.0,0.0,0.0,27.05,82.97,4.2,112.8,98.12,0.41
2020072502,0.0,0.0,0.0,26.69,85.74,3.93,112.3,98.1,0.62
2020072503,0.0,0.0,0.0,26.3,88.73,3.55,110.8,98.11,2.14
2020072504,0.0,0.0,0.0,25.92,91.51,3.28,108.1,98.14,4.72
2020072505,18.83,4.9,21.55,25.89,92.42,3.5,105.4,98.2,5.97
2020072506,116.32,74.12,91.73,27.0,88.27,3.68,105.4,98.26,13.78
2020072507,214.15,139.0,141.77,29.44,75.46,4.33,121.6,98.3,32.86
2020072508,343.1,183.15,194.81,31.28,66.43,3.98,124.6,98.31,2.25
2020072509,521.25,187.82,299.04,32.6,60.61,3.55,118.8,98.3,1.83
2020072510,689.1,298.94,351.39,33.71,56.17,3.37,113.8,98.27,0.88
2020072511,671.8,172.57,402.76,34.54,53.03,3.32,111.8,98.2,0.67
2020072512,578.3,29.38,449.15,35.07,51.1,3.31,112.9,98.12,0.89
2020072513,567.35,96.69,355.53,35.27,50.1,3.3,116.5,98.05,1.4
2020072514,452.45,98.06,304.5,35.12,50.38,3.14,117.9,98.0,1.57
2020072515,350.75,65.68,257.24,34.81,50.76,2.88,118.6,97.96,1.3
2020072516,232.77,29.98,204.02,34.22,52.47,2.64,117.5,97.95,0.82
2020072517,101.15,8.58,88.85,33.1,57.76,2.39,114.0,97.97,0.35
2020072518,12.73,0.0,14.81,31.39,66.72,1.86,107.9,98.02,0.17
2020072519,0.0,0.0,0.0,30.18,71.83,2.01,102.0,98.09,0.19
2020072520,0.0,0.0,0.0,29.56,73.81,2.25,105.7,98.15,0.14
2020072521,0.0,0.0,0.0,29.04,75.68,2.35,114.1,98.2,0.17
2020072522,0.0,0.0,0.0,28.54,77.72,2.37,121.5,98.22,0.25
2020072523,0.0,0.0,0.0,28.1,79.71,2.39,129.2,98.24,0.68
2020072600,0.0,0.0,0.0,27.74,81.63,2.32,135.3,98.22,1.0
2020072601,0.0,0.0,0.0,27.41,83.62,2.23,141.7,98.19,1.67
2020072602,0.0,0.0,0.0,27.1,85.56,2.18,145.1,98.16,2.69
2020072603,0.0,0.0,0.0,26.74,87.64,2.33,142.1,98.15,4.35
2020072604,0.0,0.0,0.0,26.34,90.02,2.86,138.8,98.18,6.48
2020072605,20.9,3.54,23.32,26.2,91.41,3.32,137.8,98.23,5.78
2020072606,146.4,122.31,110.0,26.51,90.77,2.98,140.2,98.27,3.16
2020072607,308.5,276.59,171.07,27.49,85.88,2.53,153.7,98.3,3.49
2020072608,522.5,391.13,230.85,29.38,75.35,2.54,165.9,98.32,40.51
2020072609,693.38,507.35,255.57,31.92,64.72,2.36,163.3,98.32,33.7
2020072610,830.6,589.09,257.96,33.69,58.5,1.74,154.2,98.27,24.52
2020072611,829.0,450.17,324.44,34.53,55.67,1.16,139.2,98.18,13.95
2020072612,777.83,411.36,341.49,35.12,53.53,0.78,117.6,98.09,7.04
2020072613,694.1,343.8,324.5,35.55,51.61,0.53,71.2,97.99,3.58
2020072614,564.83,294.85,288.39,35.74,50.53,0.64,19.3,97.91,1.17
2020072615,455.23,316.51,224.29,35.49,50.65,0.89,357.4,97.86,0.61
2020072616,295.83,255.67,158.41,34.9,52.48,1.23,346.4,97.84,0.16
2020072617,123.95,106.46,93.77,34.16,54.26,1.54,347.6,97.85,0.0
2020072618,13.77,3.08,14.97,32.14,66.37,1.59,358.6,97.9,0.0
2020072619,0.0,0.0,0.0,30.7,72.91,1.83,11.0,97.97,0.0
2020072620,0.0,0.0,0.0,30.08,73.95,1.88,18.9,98.01,0.0
2020072621,0.0,0.0,0.0,29.64,74.64,1.83,28.1,98.03,0.0
2020072622,0.0,0.0,0.0,29.28,75.16,1.77,41.8,98.04,0.01
2020072623,0.0,0.0,0.0,28.85,76.16,1.8,56.3,98.04,0.01
2020072700,0.0,0.0,0.0,28.47,77.06,1.79,65.6,98.04,0.0
2020072701,0.0,0.0,0.0,28.25,77.19,1.55,66.8,98.01,0.0
2020072702,0.0,0.0,0.0,28.34,75.36,1.1,68.1,97.97,0.0
2020072703,0.0,0.0,0.0,28.57,72.7,0.55,87.9,97.96,0.0
2020072704,0.0,0.0,0.0,28.39,73.86,0.45,194.0,97.97,0.0
2020072705,14.25,4.21,15.26,28.1,77.77,1.12,231.2,98.0,0.0
2020072706,112.15,76.71,89.17,29.57,70.04,2.03,243.1,98.03,0.01
2020072707,258.35,197.98,156.68,32.38,56.17,2.6,263.4,98.05,0.72
2020072708,450.23,294.91,217.13,34.29,48.79,3.03,284.7,98.06,4.9
2020072709,678.35,451.43,264.24,35.54,46.03,3.63,296.0,98.04,1.07
2020072710,788.8,486.57,295.57,36.62,43.85,4.2,300.8,97.98,1.83
2020072711,839.3,444.95,323.56,37.4,42.33,4.66,302.5,97.88,0.37
2020072712,782.2,344.18,390.56,37.93,41.32,5.08,302.2,97.78,0.47
2020072713,731.75,393.32,340.29,38.14,40.9,5.45,300.8,97.68,0.69
2020072714,610.17,288.81,310.57,38.07,40.79,5.4,300.3,97.59,0.58
2020072715,446.98,222.74,259.41,37.6,41.84,5.01,299.2,97.54,1.39
2020072716,288.98,177.56,209.89,36.53,45.94,4.31,298.1,97.51,1.05
2020072717,123.7,42.41,104.17,35.08,51.93,3.61,298.1,97.53,1.77
2020072718,14.73,0.76,17.9,32.99,62.45,2.31,298.7,97.57,0.33
2020072719,0.0,0.0,0.0,32.12,65.49,2.19,296.9,97.62,0.11
2020072720,0.0,0.0,0.0,31.69,67.2,2.1,294.1,97.67,0.0
2020072721,0.0,0.0,0.0,31.32,68.48,2.04,290.7,97.69,0.0
2020072722,0.0,0.0,0.0,30.92,69.58,2.04,288.3,97.7,0.0
2020072723,0.0,0.0,0.0,30.54,70.6,2.05,289.7,97.68,0.08
2020072800,0.0,0.0,0.0,30.14,71.92,2.07,292.7,97.64,1.03
2020072801,0.0,0.0,0.0,29.68,74.0,2.11,295.8,97.6,2.56
2020072802,0.0,0.0,0.0,29.3,75.8,2.1,294.5,97.57,0.16
2020072803,0.0,0.0,0.0,29.12,76.86,2.01,287.7,97.57,0.0
2020072804,0.0,0.0,0.0,28.95,77.62,2.0,278.3,97.58,0.0
2020072805,20.45,1.57,22.38,29.16,77.17,2.25,268.0,97.62,0.0
2020072806,135.32,51.54,110.41,30.56,70.55,3.45,260.8,97.67,0.05
2020072807,301.02,144.68,232.77,33.66,56.54,4.06,263.3,97.73,1.48
2020072808,481.8,395.22,345.45,36.11,47.16,4.67,274.3,97.77,9.33
2020072809,648.45,514.61,398.85,37.19,44.12,4.79,281.7,97.77,10.62
2020072810,744.65,390.92,392.0,38.01,42.56,4.69,285.7,97.75,10.03
2020072811,770.8,304.75,403.88,38.53,41.51,4.59,290.4,97.68,11.24
2020072812,778.3,357.96,452.69,38.59,41.75,4.5,296.1,97.6,17.33
2020072813,703.67,316.82,354.6,38.4,42.68,4.26,301.9,97.51,28.1
2020072814,578.53,230.64,324.81,37.84,44.8,3.91,306.8,97.44,19.64
2020072815,428.67,195.27,299.65,37.36,47.22,3.47,309.6,97.39,16.25
2020072816,250.82,56.58,206.15,36.66,50.61,2.78,308.3,97.37,8.29
2020072817,101.93,11.09,88.27,35.54,54.35,2.13,305.6,97.39,6.2
2020072818,10.52,0.0,12.23,34.41,63.16,1.0,304.0,97.44,6.61
2020072819,0.0,0.0,0.0,33.97,62.59,0.29,176.1,97.51,13.57
2020072820,0.0,0.0,0.0,32.5,75.71,1.2,145.9,97.57,18.2
2020072821,0.0,0.0,0.0,31.4,79.6,1.85,148.5,97.6,18.45
2020072822,0.0,0.0,0.0,30.68,80.69,2.23,156.8,97.61,14.82
2020072823,0.0,0.0,0.0,30.19,81.89,2.43,166.7,97.58,18.3
2020072900,0.0,0.0,0.0,29.73,83.51,2.45,179.1,97.55,16.21
2020072901,0.0,0.0,0.0,29.42,84.94,2.31,196.1,97.51,21.86
2020072902,0.0,0.0,0.0,29.15,85.84,2.37,217.8,97.49,17.67
2020072903,0.0,0.0,0.0,28.98,85.39,2.62,235.3,97.48,14.36
2020072904,0.0,0.0,0.0,28.79,84.6,2.85,246.9,97.49,10.43
2020072905,14.7,0.0,15.5,28.94,82.02,3.37,252.2,97.52,8.67
2020072906,102.3,12.88,90.93,29.99,75.41,4.42,255.3,97.57,9.07
2020072907,240.12,42.92,193.43,31.59,67.8,4.68,258.4,97.61,27.02
2020072908,423.9,110.79,298.0,33.98,55.47,4.83,264.7,97.65,2.89
2020072909,569.4,172.33,384.15,36.15,46.8,4.56,276.5,97.67,3.97
2020072910,661.0,203.02,455.12,37.41,43.98,3.75,287.9,97.66,6.73
2020072911,641.22,97.76,407.23,38.04,42.97,2.67,297.9,97.63,10.93
2020072912,625.35,66.01,446.39,38.35,42.23,1.51,308.8,97.57,13.67
2020072913,478.3,68.41,323.75,38.06,42.83,0.24,347.7,97.52,15.89
2020072914,294.12,25.81,221.42,37.66,44.01,1.1,134.3,97.49,14.39
2020072915,196.82,21.57,150.51,36.68,47.81,2.2,146.7,97.49,12.33
2020072916,132.3,7.29,114.11,35.71,50.7,3.29,156.0,97.52,10.17
2020072917,60.97,2.14,53.25,33.48,59.58,4.15,159.7,97.58,9.62
2020072918,6.47,0.0,6.66,31.02,70.37,4.6,159.8,97.69,8.05
2020072919,0.0,0.0,0.0,29.49,76.31,5.09,159.6,97.81,5.39
2020072920,0.0,0.0,0.0,28.6,80.8,4.92,159.5,97.9,2.99
2020072921,0.0,0.0,0.0,28.03,84.11,4.61,158.5,97.92,3.67
2020072922,0.0,0.0,0.0,27.56,87.21,4.25,154.8,97.93,7.96
2020072923,0.0,0.0,0.0,27.16,89.96,3.91,147.7,97.93,13.56
2020073000,0.0,0.0,0.0,26.81,91.96,3.63,142.2,97.93,15.54
2020073001,0.0,0.0,0.0,26.54,92.58,3.5,142.0,97.92,17.03
2020073002,0.0,0.0,0.0,26.35,93.38,3.23,145.7,97.9,15.69
2020073003,0.0,0.0,0.0,26.16,94.46,3.0,148.2,97.88,11.14
2020073004,0.0,0.0,0.0,26.03,95.25,2.8,146.8,97.89,7.21
2020073005,14.02,1.05,15.28,26.18,94.58,2.92,142.5,97.93,5.34
2020073006,95.62,18.61,78.22,27.0,90.42,3.26,146.3,97.98,5.2
2020073007,216.0,59.77,169.83,28.34,82.78,3.26,153.6,98.03,5.31
2020073008,311.77,55.95,238.13,29.71,76.24,2.67,160.8,98.06,32.63
2020073009,367.48,72.2,275.21,30.66,72.56,1.7,174.9,98.07,41.35
2020073010,344.98,17.13,256.0,31.22,70.36,0.99,203.2,98.04,42.52
2020073011,366.35,11.97,285.73,31.61,68.67,0.76,242.4,97.97,42.85
2020073012,512.22,71.69,327.31,31.86,67.55,0.71,264.4,97.88,37.04
2020073013,594.7,207.81,331.96,32.0,66.72,0.83,284.7,97.82,27.01
2020073014,501.38,217.08,271.67,31.99,66.47,0.75,294.5,97.79,15.27
2020073015,371.52,178.47,229.01,31.97,66.78,0.51,295.6,97.76,7.75
2020073016,251.23,79.3,202.86,31.86,67.76,0.32,251.6,97.72,2.99
2020073017,107.22,28.47,90.21,31.65,69.4,0.66,212.0,97.73,0.77
2020073018,12.2,1.11,14.42,30.69,77.33,0.94,200.0,97.74,0.32
2020073019,0.0,0.0,0.0,29.92,82.11,1.22,186.1,97.78,0.2
2020073020,0.0,0.0,0.0,29.42,83.24,1.47,173.4,97.82,0.36
2020073021,0.0,0.0,0.0,29.04,83.88,1.64,162.7,97.84,0.93
2020073022,0.0,0.0,0.0,28.62,84.5,1.76,161.2,97.84,1.18
2020073023,0.0,0.0,0.0,28.25,85.09,1.82,168.9,97.83,1.79
2020073100,0.0,0.0,0.0,27.9,85.79,1.85,181.2,97.8,2.1
2020073101,0.0,0.0,0.0,27.6,86.24,1.9,196.5,97.77,2.13
2020073102,0.0,0.0,0.0,27.29,86.92,2.04,210.0,97.75,2.93
2020073103,0.0,0.0,0.0,26.98,87.88,2.23,219.2,97.76,2.88
2020073104,0.0,0.0,0.0,26.74,89.11,2.34,227.1,97.79,3.44
2020073105,14.82,0.0,15.77,26.81,89.43,2.65,233.9,97.83,3.23
2020073106,97.8,3.81,84.38,27.59,86.33,3.23,237.2,97.86,5.98
2020073107,225.25,20.15,188.09,29.47,76.62,3.45,250.9,97.9,9.46
2020073108,389.08,62.66,279.43,31.31,68.23,3.48,265.7,97.91,6.71
2020073109,523.28,159.77,330.09,32.48,64.51,3.02,271.9,97.89,5.77
2020073110,521.08,124.08,316.34,33.37,62.21,2.26,272.5,97.82,7.43
2020073111,617.78,217.64,311.92,34.1,60.31,1.62,272.5,97.75,8.7
2020073112,591.85,216.64,295.83,34.53,58.94,1.56,284.5,97.7,10.16
2020073113,534.8,163.44,315.43,34.66,58.3,1.72,298.1,97.66,9.39
2020073114,507.88,112.75,341.38,34.62,58.31,1.7,302.8,97.6,9.24
2020073115,351.02,90.81,246.2,34.42,58.98,1.37,290.6,97.54,9.73
2020073116,220.45,33.28,190.29,33.89,61.28,1.12,261.8,97.52,5.86
2020073117,95.2,11.26,82.03,33.21,65.02,1.1,236.9,97.53,3.44
2020073118,11.93,0.0,13.89,32.02,73.21,0.92,219.7,97.58,2.52
2020073119,0.0,0.0,0.0,31.29,77.93,0.81,177.2,97.65,3.27
2020073120,0.0,0.0,0.0,30.64,82.11,1.09,143.5,97.72,6.31
2020073121,0.0,0.0,0.0,30.19,84.56,1.37,133.2,97.79,9.82
2020073122,0.0,0.0,0.0,29.76,86.07,1.6,134.5,97.81,11.12
2020073123,0.0,0.0,0.0,29.28,87.01,1.85,138.3,97.8,11.88
2020080100,0.0,0.0,0.0,28.86,87.43,2.11,141.7,97.78,8.85
2020080101,0.0,0.0,0.0,28.46,87.79,2.42,145.5,97.74,6.74
2020080102,0.0,0.0,0.0,28.12,88.42,2.46,152.2,97.69,4.84
2020080103,0.0,0.0,0.0,27.8,89.36,2.31,161.3,97.66,2.93
2020080104,0.0,0.0,0.0,27.5,90.29,2.26,172.6,97.63,2.8
2020080105,15.35,0.0,18.19,27.67,89.58,2.53,184.8,97.65,3.92
2020080106,104.75,7.65,93.22,28.82,84.57,3.29,200.6,97.71,8.83
2020080107,239.52,30.25,200.92,30.96,73.89,3.47,230.6,97.78,15.03
2020080108,411.75,73.43,289.29,32.71,66.02,3.55,249.9,97.83,9.76
2020080109,551.45,143.55,366.2,33.61,62.91,3.12,264.1,97.86,6.57
2020080110,581.85,154.68,331.68,34.11,60.68,2.81,275.9,97.84,5.48
2020080111,654.62,225.64,344.03,34.33,59.01,2.64,283.6,97.79,4.25
2020080112,695.12,162.89,517.01,34.63,57.11,2.56,286.6,97.73,2.26
2020080113,579.88,99.74,370.42,34.82,55.7,2.42,290.5,97.66,2.3
2020080114,396.3,47.35,283.78,34.84,55.05,2.23,296.9,97.59,2.21
2020080115,283.7,16.64,235.19,34.69,54.76,2.03,302.5,97.53,1.63
2020080116,178.6,11.17,153.83,34.25,56.49,1.77,306.0,97.5,0.44
2020080117,66.32,9.34,56.85,33.65,57.07,1.57,310.4,97.52,0.1
2020080118,8.9,0.0,10.11,32.34,65.89,1.0,330.1,97.58,0.03
2020080119,0.0,0.0,0.0,31.88,67.32,0.74,16.5,97.66,0.03
2020080120,0.0,0.0,0.0,31.54,68.0,0.59,61.7,97.71,0.03
2020080121,0.0,0.0,0.0,31.27,68.23,0.5,117.6,97.74,0.05
2020080122,0.0,0.0,0.0,30.88,68.99,0.7,169.3,97.72,0.17
2020080123,0.0,0.0,0.0,30.31,71.04,1.05,193.8,97.68,0.21
2020080200,0.0,0.0,0.0,29.5,75.42,1.44,209.1,97.63,0.29
2020080201,0.0,0.0,0.0,28.76,78.96,1.76,219.5,97.59,0.69
2020080202,0.0,0.0,0.0,28.22,80.69,1.94,228.3,97.57,0.38
2020080203,0.0,0.0,0.0,27.71,82.17,1.99,237.1,97.56,0.1
2020080204,0.0,0.0,0.0,27.27,83.69,1.96,247.8,97.58,0.02
2020080205,16.88,1.12,18.67,27.49,83.66,1.8,259.8,97.61,0.02
2020080206,130.38,52.29,115.72,28.85,75.9,2.29,273.5,97.65,0.11
2020080207,287.38,163.04,197.82,31.27,63.54,2.52,296.7,97.7,2.97
2020080208,478.15,278.7,252.57,33.18,55.12,3.22,311.2,97.73,1.32
2020080209,647.47,364.1,297.31,34.24,52.72,3.78,316.5,97.73,1.51
2020080210,748.75,385.76,340.94,35.04,51.32,4.22,316.9,97.7,1.82
2020080211,870.1,506.58,276.8,35.43,51.26,4.38,315.4,97.64,2.29
2020080212,839.25,463.77,325.7,35.77,51.08,4.48,314.2,97.56,2.05
2020080213,771.83,450.35,327.96,35.98,51.42,4.53,314.0,97.47,1.6
2020080214,642.62,407.43,272.48,36.13,51.51,4.54,314.3,97.37,0.89
2020080215,488.65,353.21,234.87,35.92,52.01,4.42,313.8,97.28,0.49
2020080216,284.12,210.23,181.19,35.19,54.68,4.01,312.7,97.22,0.22
2020080217,121.32,81.01,98.68,33.96,60.45,3.29,311.5,97.21,0.06
2020080218,12.48,0.69,16.26,32.26,69.79,2.06,311.7,97.22,0.02
2020080219,0.0,0.0,0.0,31.58,72.75,1.77,306.7,97.26,0.0
2020080220,0.0,0.0,0.0,31.4,72.77,1.47,294.5,97.31,0.14
2020080221,0.0,0.0,0.0,31.29,72.01,1.2,269.5,97.33,0.13
2020080222,0.0,0.0,0.0,30.71,74.49,1.31,245.6,97.32,0.32
2020080223,0.0,0.0,0.0,29.97,78.31,1.53,237.0,97.31,0.65
2020080300,0.0,0.0,0.0,29.37,81.19,1.69,234.1,97.28,0.61
2020080301,0.0,0.0,0.0,28.88,83.46,1.74,232.0,97.25,0.59
2020080302,0.0,0.0,0.0,28.6,84.97,1.72,231.9,97.23,0.71
2020080303,0.0,0.0,0.0,28.28,86.44,1.78,233.9,97.23,1.0
2020080304,0.0,0.0,0.0,27.93,88.01,1.95,238.8,97.23,1.62
2020080305,13.3,0.0,14.64,27.88,88.12,2.67,249.4,97.24,1.48
2020080306,92.82,0.0,81.22,28.79,84.07,4.1,257.5,97.27,1.62
2020080307,193.7,0.39,163.86,31.08,72.33,4.72,265.8,97.28,1.8
2020080308,370.8,29.63,304.1,33.48,61.29,5.53,276.4,97.28,1.94
2020080309,574.45,195.39,411.95,34.94,57.01,5.81,284.2,97.27,1.65
2020080310,677.38,193.66,467.81,35.98,54.85,5.72,291.8,97.24,1.56
2020080311,708.33,173.1,417.52,36.33,54.36,5.49,298.4,97.2,1.66
2020080312,710.28,273.59,477.38,36.67,53.67,5.28,303.0,97.13,1.41
2020080313,574.03,104.97,401.62,36.77,53.11,5.06,306.1,97.06,1.44
2020080314,504.5,83.44,349.23,36.91,51.62,4.8,307.7,96.97,1.02
2020080315,379.88,85.59,274.6,36.65,51.48,4.34,307.5,96.91,0.57
2020080316,226.1,27.1,191.8,36.11,53.43,3.69,305.4,96.86,0.16
2020080317,90.4,3.44,78.06,35.01,57.06,2.96,303.2,96.84,0.09
2020080318,9.18,0.0,11.32,33.3,67.55,1.66,296.9,96.85,0.03
2020080319,0.0,0.0,0.0,33.08,67.36,1.37,276.7,96.87,0.04
2020080320,0.0,0.0,0.0,32.74,67.78,1.35,248.2,96.92,0.09
2020080321,0.0,0.0,0.0,31.97,70.05,1.62,231.0,96.96,0.13
2020080322,0.0,0.0,0.0,31.35,71.77,1.9,227.3,96.98,0.47
2020080323,0.0,0.0,0.0,30.73,74.67,2.03,233.8,96.99,0.83
2020080400,0.0,0.0,0.0,30.16,78.16,2.1,246.7,96.98,1.17
2020080401,0.0,0.0,0.0,29.61,81.04,2.27,261.7,96.94,1.81
2020080402,0.0,0.0,0.0,29.08,83.5,2.44,273.8,96.92,2.2
2020080403,0.0,0.0,0.0,28.6,85.64,2.51,282.7,96.9,2.51
2020080404,0.0,0.0,0.0,28.28,87.07,2.56,288.7,96.92,3.1
2020080405,13.75,0.0,13.99,28.23,87.64,2.63,290.9,96.97,3.4
2020080406,98.95,2.05,86.45,29.1,83.51,2.98,289.0,97.04,3.22
2020080407,225.7,12.78,188.95,31.16,72.68,2.74,288.1,97.1,4.04
2020080408,374.27,53.25,308.99,34.61,54.8,2.68,304.8,97.13,0.02
2020080409,609.58,281.94,315.24,36.08,50.12,2.56,317.5,97.12,0.02
2020080410,615.45,116.69,381.99,36.76,49.03,2.7,326.5,97.08,0.03
2020080411,684.7,100.0,504.19,37.37,48.02,3.01,336.9,97.03,0.04
2020080412,723.65,261.95,364.73,37.66,47.6,3.47,345.5,96.95,0.03
2020080413,722.92,337.98,362.66,37.45,48.59,3.88,352.0,96.88,0.03
2020080414,591.33,263.39,326.39,36.94,50.38,4.02,354.6,96.82,0.01
2020080415,434.67,226.12,245.88,36.37,52.11,3.77,355.4,96.79,0.01
2020080416,262.77,151.94,177.54,35.57,55.52,3.24,357.3,96.78,0.0
2020080417,99.97,39.96,88.43,34.56,59.58,2.61,2.2,96.81,0.0
2020080418,9.32,0.0,11.82,32.98,68.1,1.55,20.8,96.87,0.0
2020080419,0.0,0.0,0.0,32.17,71.92,1.3,53.1,96.93,0.0
2020080420,0.0,0.0,0.0,31.59,74.86,1.35,84.9,97.0,0.01
2020080421,0.0,0.0,0.0,31.01,77.84,1.52,105.7,97.04,0.02
2020080422,0.0,0.0,0.0,30.56,79.86,1.63,117.0,97.03,0.02
2020080423,0.0,0.0,0.0,30.2,81.47,1.62,122.9,97.01,0.02
2020080500,0.0,0.0,0.0,29.91,82.81,1.52,129.7,96.98,0.02
2020080501,0.0,0.0,0.0,29.67,83.8,1.37,138.9,96.96,0.02
2020080502,0.0,0.0,0.0,29.47,84.27,1.18,142.3,96.94,0.02
2020080503,0.0,0.0,0.0,29.24,84.77,1.06,131.5,96.95,0.02
2020080504,0.0,0.0,0.0,28.92,85.97,1.09,115.6,96.99,0.02
2020080505,14.48,0.0,15.42,28.99,85.65,1.24,102.6,97.06,0.02
2020080506,109.22,16.41,94.73,30.28,78.56,1.83,91.6,97.14,0.04
2020080507,239.05,43.34,200.59,32.1,68.89,2.53,77.4,97.22,0.04
2020080508,380.8,90.91,265.12,32.95,64.99,3.48,77.6,97.29,15.89
2020080509,459.23,69.47,305.74,33.32,64.84,4.18,86.2,97.33,8.93
2020080510,433.95,27.97,327.93,33.57,64.46,4.66,94.5,97.32,5.44
2020080511,419.15,14.46,320.22,33.93,63.09,4.84,101.2,97.27,2.54
2020080512,235.38,24.65,172.84,34.49,59.81,4.64,105.9,97.21,0.37
2020080513,255.55,8.17,204.2,35.04,55.32,4.17,110.3,97.13,0.16
2020080514,333.38,12.11,270.79,34.98,53.06,3.67,113.3,97.07,0.3
2020080515,209.38,6.95,173.65,34.63,53.42,3.34,113.8,97.04,0.19
2020080516,167.9,7.35,140.87,34.03,55.46,3.33,112.2,97.05,0.07
2020080517,74.28,4.88,63.91,32.85,60.03,3.15,109.3,97.09,0.0
2020080518,7.68,0.0,9.34,31.12,68.93,2.19,107.5,97.14,0.0
2020080519,0.0,0.0,0.0,30.39,71.03,2.29,109.1,97.2,0.0
2020080520,0.0,0.0,0.0,29.94,72.65,2.59,110.8,97.27,0.0
2020080521,0.0,0.0,0.0,29.38,75.59,2.76,110.1,97.32,0.05
2020080522,0.0,0.0,0.0,28.79,79.2,2.68,105.8,97.34,0.06
2020080523,0.0,0.0,0.0,28.36,81.99,2.79,97.2,97.35,0.28
2020080600,0.0,0.0,0.0,28.0,84.18,3.17,90.5,97.36,0.96
2020080601,0.0,0.0,0.0,27.58,86.57,3.39,88.0,97.37,1.49
2020080602,0.0,0.0,0.0,27.3,88.15,3.17,88.9,97.4,1.83
2020080603,0.0,0.0,0.0,27.21,88.58,2.76,90.6,97.41,2.98
2020080604,0.0,0.0,0.0,27.13,89.27,2.2,89.7,97.43,7.68
2020080605,16.2,7.0,18.14,27.28,89.2,2.18,87.1,97.46,6.8
2020080606,140.25,119.44,104.68,28.3,84.85,2.79,85.1,97.53,2.48
2020080607,310.92,214.33,201.55,30.52,74.46,3.65,99.5,97.58,1.59
2020080608,487.42,288.51,265.4,32.97,61.35,5.67,107.3,97.65,2.39
2020080609,633.15,376.92,300.26,34.57,53.55,7.39,107.3,97.67,2.9
2020080610,753.12,438.58,333.06,35.67,49.51,8.52,108.1,97.65,0.86
2020080611,792.45,475.85,309.0,36.43,47.33,9.1,105.9,97.56,0.31
2020080612,815.45,570.1,245.29,36.81,46.7,9.94,99.6,97.47,0.44
2020080613,695.6,553.37,214.93,36.86,46.61,10.74,95.0,97.38,0.84
2020080614,516.47,292.64,276.74,36.47,47.41,10.94,95.4,97.32,1.61
2020080615,422.23,345.41,195.25,35.58,50.01,10.44,97.6,97.3,1.73
2020080616,254.23,208.28,158.89,34.34,54.49,9.38,97.5,97.31,0.54
2020080617,112.18,66.74,90.02,32.84,60.41,8.04,95.5,97.34,0.36
2020080618,8.68,0.95,10.57,31.23,67.37,6.67,93.1,97.38,0.76
2020080619,0.0,0.0,0.0,29.93,74.85,5.85,89.4,97.44,1.1
2020080620,0.0,0.0,0.0,29.03,80.82,5.78,86.3,97.5,1.02
2020080621,0.0,0.0,0.0,28.6,83.52,6.47,85.7,97.59,4.21
2020080622,0.0,0.0,0.0,28.16,86.18,6.67,87.9,97.66,4.08
2020080623,0.0,0.0,0.0,27.82,88.09,6.82,94.0,97.68,3.93
2020080700,0.0,0.0,0.0,27.54,89.35,7.05,96.0,97.65,1.56
2020080701,0.0,0.0,0.0,27.25,90.96,7.06,95.8,97.6,1.14
2020080702,0.0,0.0,0.0,26.97,92.61,6.98,95.6,97.57,1.45
2020080703,0.0,0.0,0.0,26.81,93.4,6.8,97.1,97.58,2.17
2020080704,0.0,0.0,0.0,26.66,93.76,6.36,102.7,97.63,2.68
2020080705,12.4,2.49,13.92,26.65,93.36,6.01,110.0,97.7,2.33
2020080706,101.0,39.19,83.02,27.52,89.15,6.4,118.2,97.77,3.21
2020080707,221.23,95.22,166.22,29.36,79.19,7.19,126.4,97.83,10.17
2020080708,397.6,177.63,248.37,31.35,68.64,7.21,131.0,97.86,0.0
2020080709,597.22,371.28,267.23,32.93,61.58,6.62,131.2,97.84,0.0
2020080710,609.12,423.6,239.16,34.21,56.95,5.9,129.7,97.79,0.0
2020080711,653.2,353.5,277.75,35.09,54.01,5.22,126.2,97.72,0.0
2020080712,653.9,270.39,347.26,35.66,51.98,4.6,122.3,97.64,0.0
2020080713,602.4,255.63,313.59,35.87,51.09,4.03,118.8,97.56,0.0
2020080714,510.3,263.04,267.25,35.81,51.2,3.55,116.8,97.5,0.0
2020080715,402.58,194.94,237.17,35.52,52.05,3.11,117.4,97.46,0.0
2020080716,240.52,109.95,184.98,34.81,54.65,2.71,119.6,97.45,0.0
2020080717,103.38,43.29,89.82,33.83,59.75,2.15,122.3,97.47,0.0
2020080718,9.4,1.16,11.66,32.47,66.83,1.44,123.4,97.51,0.0
2020080719,0.0,0.0,0.0,31.65,71.12,1.35,123.2,97.58,0.0
2020080720,0.0,0.0,0.0,31.13,73.61,1.42,126.1,97.64,0.01
2020080721,0.0,0.0,0.0,30.63,76.03,1.58,128.8,97.7,0.02
2020080722,0.0,0.0,0.0,30.22,77.33,1.97,130.1,97.74,0.03
2020080723,0.0,0.0,0.0,29.72,79.15,2.14,133.3,97.75,0.02
2020080800,0.0,0.0,0.0,29.2,81.57,1.44,140.9,97.72,0.01
2020080801,0.0,0.0,0.0,28.81,83.34,0.94,151.5,97.66,0.0
2020080802,0.0,0.0,0.0,28.51,84.21,0.84,163.5,97.62,0.0
2020080803,0.0,0.0,0.0,28.27,84.8,0.87,174.1,97.57,0.0
2020080804,0.0,0.0,0.0,28.01,85.52,0.91,191.4,97.56,0.0
2020080805,14.95,5.85,17.39,28.08,84.54,1.11,211.4,97.57,0.0
2020080806,129.1,131.6,92.5,29.79,74.81,1.46,226.4,97.6,0.0
2020080807,300.17,312.98,151.36,31.41,67.95,1.22,253.3,97.64,0.0
2020080808,523.53,420.87,222.04,32.74,63.35,1.12,280.8,97.65,10.35
2020080809,632.0,333.4,301.42,33.9,59.62,1.2,297.2,97.63,17.65
2020080810,773.33,456.45,311.37,34.97,56.23,1.27,306.1,97.58,20.2
2020080811,846.75,531.28,287.04,35.82,53.54,1.28,313.4,97.52,22.76
2020080812,782.35,510.48,254.7,36.29,51.96,1.31,320.2,97.44,21.32
2020080813,706.28,463.41,273.29,36.58,50.83,1.53,329.4,97.37,17.77
2020080814,612.03,425.42,249.57,36.43,51.27,1.74,335.2,97.31,9.45
2020080815,450.52,377.98,195.61,35.78,53.52,1.81,327.6,97.26,5.18
2020080816,271.15,325.72,135.03,35.16,55.71,1.85,315.7,97.24,1.2
2020080817,113.53,142.82,82.53,34.29,59.65,1.75,306.9,97.24,0.04
2020080818,8.73,2.41,11.9,32.79,68.79,1.34,307.7,97.28,0.0
2020080819,0.0,0.0,0.0,32.1,72.99,1.18,311.9,97.34,0.0
2020080820,0.0,0.0,0.0,31.84,72.94,0.96,304.4,97.39,0.0
2020080821,0.0,0.0,0.0,31.59,73.17,0.84,276.9,97.4,0.0
2020080822,0.0,0.0,0.0,31.39,72.35,0.76,237.4,97.4,0.05
2020080823,0.0,0.0,0.0,31.0,73.79,0.76,174.0,97.43,0.7
2020080900,0.0,0.0,0.0,30.27,78.76,1.05,138.1,97.45,2.74
2020080901,0.0,0.0,0.0,29.81,81.82,0.89,140.4,97.43,9.54
2020080902,0.0,0.0,0.0,29.62,82.18,0.51,152.9,97.39,4.28
2020080903,0.0,0.0,0.0,29.96,77.17,0.2,185.7,97.36,2.0
2020080904,0.0,0.0,0.0,30.01,75.34,0.13,218.7,97.36,2.06
2020080905,15.48,1.88,17.85,29.94,75.23,0.18,236.3,97.38,3.72
2020080906,123.32,31.03,106.43,30.5,73.27,0.5,273.4,97.43,5.54
2020080907,287.98,80.8,226.53,31.9,66.53,0.85,294.2,97.48,9.69
2020080908,464.55,142.21,314.71,32.64,63.04,1.0,305.3,97.53,5.8
2020080909,545.45,89.66,433.31,33.37,60.88,0.98,317.1,97.55,4.78
2020080910,538.83,16.28,426.37,34.24,58.43,0.86,327.8,97.52,3.77
2020080911,464.1,14.52,368.04,35.08,55.9,0.92,328.4,97.46,4.78
2020080912,315.95,0.0,252.35,35.67,54.01,0.98,332.1,97.38,6.85
2020080913,294.25,0.52,236.83,35.81,53.43,0.97,338.2,97.3,9.89
2020080914,330.92,19.45,257.57,35.69,53.36,0.98,342.9,97.25,8.0
2020080915,294.45,32.99,217.06,35.46,53.79,1.06,351.9,97.22,4.76
2020080916,176.7,17.83,149.96,35.03,55.71,1.0,1.7,97.23,2.71
2020080917,70.43,5.78,61.15,34.29,57.66,0.96,12.0,97.25,1.79
2020080918,6.0,0.0,7.95,33.02,66.31,1.01,19.7,97.29,1.91
2020080919,0.0,0.0,0.0,31.91,72.88,1.31,30.7,97.35,2.3
2020080920,0.0,0.0,0.0,31.16,75.27,1.52,49.3,97.42,2.98
2020080921,0.0,0.0,0.0,30.51,77.46,1.75,71.7,97.48,2.7
2020080922,0.0,0.0,0.0,29.88,80.68,2.08,90.8,97.49,2.59
2020080923,0.0,0.0,0.0,29.28,84.36,2.36,106.2,97.47,3.73
2020081000,0.0,0.0,0.0,28.78,87.59,2.54,120.5,97.45,3.93
2020081001,0.0,0.0,0.0,28.34,90.03,2.64,130.4,97.43,3.63
2020081002,0.0,0.0,0.0,27.99,91.71,2.48,133.5,97.42,3.3
2020081003,0.0,0.0,0.0,27.7,93.06,2.26,132.5,97.45,3.21
2020081004,0.0,0.0,0.0,27.47,94.01,2.34,137.4,97.48,2.85
2020081005,10.77,0.0,11.09,27.41,94.33,2.42,143.7,97.51,2.38
2020081006,72.72,16.39,61.72,28.11,90.83,2.76,147.9,97.55,2.73
2020081007,144.38,42.71,115.66,29.47,82.92,2.95,149.0,97.6,3.12
2020081008,199.7,0.14,168.59,31.22,73.95,2.74,144.8,97.65,16.57
2020081009,284.1,6.68,232.22,32.53,68.42,2.38,140.3,97.67,15.08
2020081010,544.75,28.12,413.38,33.42,64.72,2.07,137.4,97.64,10.18
2020081011,663.45,75.2,466.2,33.92,62.1,1.92,137.7,97.6,5.61
2020081012,677.8,182.13,421.21,34.3,60.05,1.89,142.9,97.54,3.91
2020081013,500.23,253.01,316.53,34.59,58.58,2.08,150.4,97.47,2.93
2020081014,469.67,158.0,296.43,34.5,58.59,2.55,154.4,97.42,1.72
2020081015,295.48,63.43,233.8,34.19,59.71,3.2,157.8,97.39,0.9
2020081016,169.05,28.34,141.56,33.15,64.18,3.61,160.9,97.39,0.31
2020081017,71.4,14.05,62.07,31.9,69.97,3.59,160.3,97.41,0.2
2020081018,5.65,0.0,7.19,30.69,76.2,3.29,154.2,97.45,0.32
2020081019,0.0,0.0,0.0,29.94,80.31,3.33,147.6,97.51,1.34
2020081020,0.0,0.0,0.0,29.36,83.66,3.26,142.8,97.58,3.78
2020081021,0.0,0.0,0.0,28.87,86.55,3.16,140.5,97.61,8.1
2020081022,0.0,0.0,0.0,28.41,89.2,3.03,141.8,97.62,11.26
2020081023,0.0,0.0,0.0,27.98,91.72,2.85,144.9,97.59,17.44
2020081100,0.0,0.0,0.0,27.68,93.27,2.62,149.2,97.56,23.35
2020081101,0.0,0.0,0.0,27.49,94.28,2.22,155.9,97.52,30.19
2020081102,0.0,0.0,0.0,27.4,94.8,2.06,158.9,97.5,28.4
2020081103,0.0,0.0,0.0,27.32,95.19,2.21,160.7,97.49,35.24
2020081104,0.0,0.0,0.0,27.23,95.54,2.55,168.2,97.51,40.87
2020081105,10.75,1.04,12.67,27.26,95.37,3.09,177.4,97.55,39.48
2020081106,84.3,16.66,73.38,27.78,93.58,3.89,186.6,97.59,37.01
2020081107,200.48,32.18,162.77,28.62,89.39,4.36,197.4,97.64,41.12
2020081108,340.45,51.48,279.69,29.66,83.99,4.32,209.1,97.67,12.66
2020081109,492.5,178.55,315.82,30.82,78.38,3.89,222.6,97.68,17.09
2020081110,599.88,155.53,345.63,31.65,74.35,3.48,233.3,97.64,18.96
2020081111,583.9,129.03,382.12,31.88,72.18,3.15,242.0,97.58,18.17
2020081112,507.35,98.28,317.85,31.81,71.8,2.95,251.6,97.52,16.7
2020081113,393.1,59.83,256.33,31.74,71.58,2.85,262.6,97.45,15.12
2020081114,268.08,12.61,209.31,31.44,72.44,2.55,267.5,97.39,15.19
2020081115,161.45,8.69,132.55,31.09,74.71,2.14,260.8,97.36,13.03
2020081116,135.62,3.98,115.27,30.74,76.68,2.16,245.9,97.33,9.39
2020081117,55.03,1.71,48.23,30.01,81.13,2.06,232.3,97.33,5.25
2020081118,4.35,0.0,5.76,29.07,87.73,1.84,223.7,97.38,2.5
2020081119,0.0,0.0,0.0,28.7,89.58,2.03,219.8,97.45,0.87
2020081120,0.0,0.0,0.0,28.5,90.6,2.23,219.0,97.51,0.72
2020081121,0.0,0.0,0.0,28.3,91.48,2.38,221.3,97.53,0.51
2020081122,0.0,0.0,0.0,28.14,92.1,2.57,225.2,97.53,0.27
2020081123,0.0,0.0,0.0,27.99,92.51,2.77,231.1,97.5,0.09
2020081200,0.0,0.0,0.0,27.85,92.92,2.93,238.3,97.43,0.01
2020081201,0.0,0.0,0.0,27.71,93.42,3.0,245.4,97.37,0.0
2020081202,0.0,0.0,0.0,27.61,93.75,3.08,249.3,97.32,0.01
2020081203,0.0,0.0,0.0,27.54,93.96,3.14,252.0,97.31,0.04
2020081204,0.0,0.0,0.0,27.48,94.08,3.04,259.4,97.35,0.02
2020081205,12.05,0.0,12.4,27.56,93.52,3.2,264.4,97.4,0.0
2020081206,104.45,7.82,90.37,28.39,89.73,3.86,259.2,97.43,0.0
2020081207,256.45,59.45,209.15,30.13,80.57,4.28,254.8,97.46,0.06
2020081208,427.67,150.35,310.91,31.9,71.06,4.8,264.4,97.49,1.2
2020081209,464.33,165.67,272.23,33.09,66.38,4.35,272.1,97.51,1.85
2020081210,574.25,84.71,370.83,34.03,62.93,3.84,280.1,97.51,7.46
2020081211,558.85,185.79,319.93,34.53,61.1,3.34,285.1,97.48,16.51
2020081212,480.52,61.55,302.8,34.8,60.34,2.91,286.1,97.42,23.21
2020081213,502.27,72.94,358.15,34.88,60.34,2.64,284.2,97.36,20.92
2020081214,411.4,101.1,278.97,34.68,61.1,2.56,278.3,97.28,18.39
2020081215,346.55,51.49,245.4,34.39,62.54,2.65,271.1,97.23,14.6
2020081216,202.85,24.63,170.17,33.82,66.28,2.48,264.0,97.22,8.49
2020081217,80.07,6.3,69.88,32.79,70.11,2.3,257.7,97.25,2.29
2020081218,5.62,0.0,7.22,31.25,80.69,1.56,242.9,97.3,1.33
2020081219,0.0,0.0,0.0,30.53,84.78,1.51,220.4,97.35,5.82
2020081220,0.0,0.0,0.0,30.06,86.93,1.53,202.2,97.45,17.37
2020081221,0.0,0.0,0.0,29.57,88.62,1.68,192.0,97.51,37.64
2020081222,0.0,0.0,0.0,29.03,90.37,1.9,189.1,97.52,46.74
2020081223,0.0,0.0,0.0,28.55,91.96,2.12,192.3,97.49,44.1
2020081300,0.0,0.0,0.0,28.14,93.12,2.26,198.8,97.43,33.38
2020081301,0.0,0.0,0.0,27.85,93.91,2.13,204.2,97.4,27.13
2020081302,0.0,0.0,0.0,27.76,94.52,1.67,207.5,97.4,25.46
2020081303,0.0,0.0,0.0,27.66,94.78,1.6,213.3,97.35,31.05
2020081304,0.0,0.0,0.0,27.48,95.1,1.69,220.9,97.33,36.23
2020081305,1.58,0.0,1.62,27.53,94.97,1.66,225.7,97.36,34.23
2020081306,11.93,1.06,10.37,28.15,91.66,1.91,225.8,97.42,36.85
2020081307,24.98,3.05,21.24,29.12,85.98,1.58,247.3,97.48,50.49
2020081308,38.67,12.62,29.79,30.21,79.21,1.45,277.5,97.54,4.96
2020081309,74.75,12.15,59.41,31.14,74.82,1.09,301.1,97.56,5.58
2020081310,99.75,13.26,73.76,32.03,71.73,0.7,353.5,97.54,6.28
2020081311,112.22,0.0,89.63,32.59,70.14,1.15,44.3,97.48,7.08
2020081312,178.5,0.0,141.8,32.62,70.59,1.78,64.0,97.4,8.14
2020081313,228.3,15.45,174.97,32.21,73.25,2.27,77.0,97.32,8.29
2020081314,184.98,1.1,152.42,31.47,77.19,2.75,85.2,97.25,6.63
2020081315,156.18,5.84,133.34,30.48,82.06,3.18,89.6,97.22,4.58
2020081316,117.8,5.59,101.82,29.52,87.13,3.26,97.8,97.21,3.14
2020081317,48.38,4.07,42.37,28.71,91.96,2.91,105.9,97.21,2.47
2020081318,4.2,0.0,5.56,28.12,95.53,2.19,107.0,97.25,2.95
2020081319,0.0,0.0,0.0,27.88,96.25,2.16,100.7,97.32,4.87
2020081320,0.0,0.0,0.0,27.7,95.9,2.3,98.0,97.38,5.26
2020081321,0.0,0.0,0.0,27.5,96.27,2.45,96.1,97.41,7.87
2020081322,0.0,0.0,0.0,27.34,96.41,2.56,96.0,97.4,11.97
2020081323,0.0,0.0,0.0,27.19,96.58,2.62,96.8,97.39,17.95
2020081400,0.0,0.0,0.0,27.05,96.61,2.64,97.0,97.35,22.14
2020081401,0.0,0.0,0.0,26.91,96.61,2.74,96.1,97.32,26.77
2020081402,0.0,0.0,0.0,26.78,96.67,2.67,96.2,97.29,33.21
2020081403,0.0,0.0,0.0,26.67,96.76,2.55,98.6,97.27,40.56
2020081404,0.0,0.0,0.0,26.56,96.96,2.47,103.4,97.29,45.24
2020081405,10.32,0.0,12.02,26.55,96.88,2.55,107.1,97.32,42.37
2020081406,73.88,5.48,64.24,26.94,95.58,3.14,106.3,97.36,31.71
2020081407,164.55,7.81,142.46,27.48,93.43,3.46,111.4,97.4,19.63
2020081408,274.75,13.05,231.99,28.18,90.08,3.94,115.4,97.44,5.52
2020081409,381.75,25.86,309.31,28.97,85.54,4.46,114.5,97.47,2.07
2020081410,456.35,33.84,349.67,29.83,80.55,4.66,112.1,97.44,1.2
2020081411,547.8,55.67,427.4,30.56,76.78,4.55,110.9,97.39,1.34
2020081412,492.17,76.38,374.66,31.07,74.37,4.27,111.2,97.33,1.55
2020081413,477.75,72.13,339.98,31.42,72.82,3.97,113.8,97.27,1.33
2020081414,336.55,84.82,233.8,31.47,72.57,3.6,118.6,97.21,0.89
2020081415,284.15,88.2,191.12,31.3,73.61,3.27,124.9,97.16,0.4
2020081416,175.25,31.11,149.42,30.77,76.61,2.85,130.2,97.15,0.14
2020081417,64.97,5.98,58.31,30.0,80.61,2.41,133.2,97.16,0.09
2020081418,4.78,0.0,6.16,28.86,88.83,1.56,133.7,97.2,0.04
2020081419,0.0,0.0,0.0,28.48,90.91,1.35,129.0,97.27,0.05
2020081420,0.0,0.0,0.0,28.24,91.6,1.33,119.9,97.32,0.06
2020081421,0.0,0.0,0.0,27.95,92.38,1.39,112.3,97.34,0.13
2020081422,0.0,0.0,0.0,27.7,92.88,1.46,107.2,97.35,0.22
2020081423,0.0,0.0,0.0,27.43,93.51,1.59,103.9,97.33,0.27
2020081500,0.0,0.0,0.0,27.17,94.11,1.78,101.3,97.3,0.34
2020081501,0.0,0.0,0.0,26.94,94.83,2.02,101.4,97.25,0.47
2020081502,0.0,0.0,0.0,26.7,95.88,2.09,102.2,97.22,0.65
2020081503,0.0,0.0,0.0,26.47,96.94,1.96,105.1,97.19,0.75
2020081504,0.0,0.0,0.0,26.33,97.4,1.83,111.1,97.2,1.16
2020081505,10.6,1.47,13.37,26.49,96.75,2.21,119.2,97.25,1.52
2020081506,93.55,52.86,83.24,27.56,92.2,3.32,131.0,97.31,2.68
2020081507,186.5,115.05,129.75,28.83,85.31,4.25,142.9,97.38,2.83
2020081508,389.25,13.36,329.46,30.07,77.51,5.13,142.4,97.44,0.76
2020081509,517.55,69.11,359.42,31.21,71.19,5.5,140.6,97.46,0.58
2020081510,572.55,185.37,337.09,32.24,66.66,5.55,139.0,97.43,0.41
2020081511,630.47,253.09,314.75,33.09,63.45,5.39,137.7,97.38,0.29
2020081512,631.8,273.07,309.25,33.69,61.29,5.08,136.6,97.31,0.16
2020081513,591.47,244.93,302.27,33.98,60.12,4.75,135.7,97.24,0.11
2020081514,558.58,265.87,293.26,33.97,59.86,4.29,134.7,97.19,0.04
2020081515,351.3,184.68,202.31,33.74,60.62,3.78,133.2,97.16,0.01
2020081516,207.15,104.4,153.57,33.0,63.61,3.38,133.1,97.18,0.0
2020081517,73.1,27.22,68.4,31.68,70.39,2.92,134.6,97.22,0.0
2020081518,4.75,0.0,6.9,29.83,80.31,2.25,135.0,97.29,0.0
2020081519,0.0,0.0,0.0,28.93,83.73,2.32,134.3,97.36,0.0
2020081520,0.0,0.0,0.0,28.39,85.75,2.57,135.2,97.43,0.0
2020081521,0.0,0.0,0.0,28.01,87.53,2.77,136.9,97.46,0.0
2020081522,0.0,0.0,0.0,27.67,89.49,2.83,138.1,97.47,0.0
2020081523,0.0,0.0,0.0,27.4,91.29,2.69,138.9,97.46,0.02
2020081600,0.0,0.0,0.0,27.16,93.2,2.29,137.7,97.44,0.04
2020081601,0.0,0.0,0.0,26.95,94.84,1.93,134.4,97.41,0.13
2020081602,0.0,0.0,0.0,26.79,95.99,1.64,132.0,97.4,0.11
2020081603,0.0,0.0,0.0,26.66,96.77,1.5,130.7,97.4,0.07
2020081604,0.0,0.0,0.0,26.53,97.26,1.48,129.8,97.42,0.08
2020081605,12.23,1.9,14.85,26.73,96.38,1.79,128.7,97.45,0.11
2020081606,117.35,57.04,102.82,28.08,89.45,2.57,131.4,97.49,0.31
2020081607,260.17,149.6,176.36,29.8,80.13,2.38,132.8,97.52,0.56
2020081608,424.85,206.8,249.17,31.17,73.9,2.57,119.6,97.53,0.44
2020081609,559.17,276.64,301.92,32.31,69.52,2.98,112.3,97.52,0.41
2020081610,592.42,321.02,283.53,33.35,65.82,3.26,110.7,97.49,0.5
2020081611,701.15,330.22,339.77,34.36,62.17,3.39,108.8,97.42,0.39
2020081612,677.62,344.68,311.12,35.01,59.51,3.49,107.9,97.32,0.35
2020081613,569.88,243.79,290.42,35.28,58.17,3.57,110.7,97.24,0.34
2020081614,448.05,190.7,265.09,34.95,59.1,3.52,119.0,97.19,0.26
2020081615,310.52,70.69,222.13,34.5,60.56,3.43,129.4,97.18,0.17
2020081616,190.1,31.58,158.24,33.73,63.75,3.17,139.0,97.2,0.05
2020081617,70.93,10.09,59.44,32.56,69.84,2.8,146.9,97.25,0.01
2020081618,4.97,0.0,7.42,30.89,78.39,2.08,150.6,97.31,0.0
2020081619,0.0,0.0,0.0,30.2,81.08,2.17,153.2,97.39,0.0
2020081620,0.0,0.0,0.0,29.69,82.63,2.48,152.9,97.45,0.01
2020081621,0.0,0.0,0.0,29.23,84.36,2.77,150.8,97.49,0.01
2020081622,0.0,0.0,0.0,28.77,86.49,2.94,148.5,97.5,0.02
2020081623,0.0,0.0,0.0,28.38,88.26,3.11,148.8,97.5,0.02
2020081700,0.0,0.0,0.0,28.03,89.89,3.16,149.8,97.47,0.03
2020081701,0.0,0.0,0.0,27.72,91.41,3.04,148.7,97.43,0.03
2020081702,0.0,0.0,0.0,27.49,92.58,2.78,146.9,97.4,0.03
2020081703,0.0,0.0,0.0,27.33,93.35,2.62,145.1,97.38,0.01
2020081704,0.0,0.0,0.0,27.17,94.16,2.56,143.9,97.39,0.01
2020081705,8.6,3.59,11.09,27.16,94.29,2.67,144.3,97.43,0.01
2020081706,84.93,70.85,64.35,28.05,90.13,3.25,150.1,97.5,0.04
2020081707,188.82,136.08,133.02,29.85,80.51,3.85,166.0,97.56,0.06
2020081708,361.2,99.17,255.15,31.34,73.69,3.7,171.3,97.63,3.18
2020081709,519.42,187.16,300.73,32.47,69.06,3.29,165.4,97.66,2.54
2020081710,600.15,238.61,320.29,33.57,64.99,3.1,158.6,97.62,3.24
2020081711,640.12,242.81,342.68,34.59,61.46,3.04,153.6,97.54,4.08
2020081712,584.53,235.95,289.09,35.24,59.21,2.85,146.3,97.46,6.17
2020081713,452.45,78.87,304.5,35.57,57.85,2.52,136.6,97.37,6.98
2020081714,394.75,110.32,254.57,35.55,57.57,2.0,119.0,97.31,6.5
2020081715,208.32,88.55,140.63,35.14,58.87,1.74,100.0,97.28,4.1
2020081716,167.8,28.7,139.54,34.63,61.04,1.48,97.7,97.27,1.84
2020081717,65.12,9.5,58.22,33.59,63.87,1.47,105.0,97.29,0.78
2020081718,3.35,0.0,4.63,31.89,75.83,1.42,103.1,97.35,0.43
2020081719,0.0,0.0,0.0,30.99,80.55,1.66,98.7,97.43,0.18
2020081720,0.0,0.0,0.0,30.38,81.68,1.95,103.6,97.5,0.39
2020081721,0.0,0.0,0.0,29.76,83.61,2.09,118.3,97.54,1.45
2020081722,0.0,0.0,0.0,29.2,85.87,2.09,134.8,97.55,2.17
2020081723,0.0,0.0,0.0,28.64,88.17,2.1,146.1,97.56,2.96
2020081800,0.0,0.0,0.0,28.2,90.0,2.07,152.7,97.55,3.72
2020081801,0.0,0.0,0.0,27.85,91.47,1.99,158.7,97.53,4.03
2020081802,0.0,0.0,0.0,27.57,92.58,1.93,165.0,97.5,5.88
2020081803,0.0,0.0,0.0,27.32,93.57,1.86,170.7,97.47,5.47
2020081804,0.0,0.0,0.0,27.11,94.39,1.76,177.4,97.43,5.8
2020081805,7.55,2.29,9.12,27.1,94.27,2.1,177.5,97.46,4.98
2020081806,74.1,28.06,60.55,27.79,91.59,2.99,168.8,97.58,7.28
2020081807,205.77,72.12,163.27,29.29,84.6,3.32,167.1,97.68,32.75
2020081808,353.02,104.28,250.4,30.98,75.76,3.51,173.3,97.72,4.48
2020081809,461.67,105.38,359.19,32.42,69.58,3.25,182.1,97.68,4.76
2020081810,578.83,211.12,333.04,33.39,65.49,2.92,187.5,97.62,6.52
2020081811,710.95,317.79,346.37,34.02,62.89,2.34,190.8,97.54,7.48
2020081812,461.67,73.57,309.57,34.41,61.18,1.75,200.1,97.45,7.48
2020081813,506.52,37.98,386.95,34.6,60.21,1.42,216.7,97.37,5.71
2020081814,373.85,21.79,288.94,34.26,62.06,1.48,232.4,97.32,4.94
2020081815,350.3,67.9,265.54,33.83,64.97,1.65,241.7,97.3,3.76
2020081816,207.05,37.98,172.7,33.01,67.95,2.03,245.2,97.29,1.69
2020081817,69.68,8.85,63.47,31.81,73.89,2.13,249.9,97.28,1.27
2020081818,4.12,0.0,5.86,30.41,84.24,1.83,258.3,97.26,0.84
2020081819,0.0,0.0,0.0,29.75,89.07,1.53,277.9,97.32,0.83
2020081820,0.0,0.0,0.0,29.48,92.03,1.04,311.5,97.42,1.26
2020081821,0.0,0.0,0.0,29.42,92.26,0.32,321.3,97.49,2.37
2020081822,0.0,0.0,0.0,29.35,90.88,0.86,155.2,97.52,3.72
2020081823,0.0,0.0,0.0,29.04,92.68,1.39,156.2,97.53,6.29
2020081900,0.0,0.0,0.0,28.76,92.57,1.67,168.3,97.48,13.26
2020081901,0.0,0.0,0.0,28.48,93.09,1.71,183.7,97.43,22.5
2020081902,0.0,0.0,0.0,28.32,93.81,1.56,191.8,97.39,16.23
2020081903,0.0,0.0,0.0,28.21,94.41,1.44,201.9,97.35,8.86
2020081904,0.0,0.0,0.0,28.09,94.73,1.49,218.5,97.32,6.18
2020081905,2.45,0.0,2.92,28.03,95.06,1.46,232.5,97.32,7.37
2020081906,12.45,0.0,10.92,28.78,91.93,1.54,245.8,97.37,6.95
2020081907,34.85,8.79,28.48,29.89,86.27,1.82,269.1,97.41,6.61
2020081908,48.28,6.95,40.05,31.2,80.07,2.05,282.1,97.44,19.33
2020081909,39.45,15.13,27.89,32.04,75.13,1.91,286.4,97.48,20.53
2020081910,39.9,2.28,31.66,32.37,71.78,1.76,283.5,97.5,25.25
2020081911,52.03,22.89,33.3,32.51,71.55,1.51,274.5,97.49,36.27
2020081912,76.05,2.59,60.72,32.46,72.16,1.6,269.6,97.44,35.07
2020081913,139.62,22.75,98.95,32.31,73.08,1.75,268.0,97.4,30.51
2020081914,160.1,17.13,122.16,32.09,74.27,1.72,264.3,97.35,22.52
2020081915,131.25,7.74,111.51,31.77,75.78,1.33,253.3,97.33,15.56
2020081916,117.9,4.21,101.7,31.67,75.74,1.0,230.3,97.31,8.91
2020081917,46.97,1.75,41.32,30.96,76.89,1.08,185.3,97.3,5.09
2020081918,2.65,0.0,3.76,29.76,86.62,1.27,159.7,97.32,1.67
2020081919,0.0,0.0,0.0,29.14,89.79,1.51,156.7,97.38,1.72
2020081920,0.0,0.0,0.0,28.74,90.98,1.6,161.8,97.48,2.75
2020081921,0.0,0.0,0.0,28.35,92.25,1.64,162.6,97.54,7.44
2020081922,0.0,0.0,0.0,27.93,93.69,1.66,159.9,97.59,23.32
2020081923,0.0,0.0,0.0,27.57,95.05,1.72,154.2,97.62,40.23
2020082000,0.0,0.0,0.0,27.26,96.25,1.97,149.5,97.63,49.05
2020082001,0.0,0.0,0.0,27.06,96.92,2.27,147.2,97.59,46.74
2020082002,0.0,0.0,0.0,26.96,97.27,2.08,145.8,97.54,30.34
2020082003,0.0,0.0,0.0,26.85,97.14,2.0,145.6,97.51,25.66
2020082004,0.0,0.0,0.0,26.74,97.0,2.14,143.0,97.52,31.14
2020082005,3.83,0.0,4.01,26.72,96.84,2.56,137.7,97.56,39.22
2020082006,33.0,0.0,28.94,26.99,95.88,3.47,133.2,97.61,66.95
2020082007,75.57,0.0,64.43,27.39,94.38,4.14,133.8,97.67,76.49
2020082008,50.22,0.0,42.77,27.89,91.73,4.59,139.2,97.74,14.69
2020082009,379.75,66.01,259.4,28.65,87.52,4.62,141.4,97.81,12.53
2020082010,272.35,0.52,219.19,29.55,82.65,4.37,141.2,97.87,16.99
2020082011,393.35,20.88,308.01,30.22,78.97,4.25,142.6,97.87,25.24
2020082012,481.75,7.02,386.53,30.35,78.18,4.12,142.6,97.85,34.42
2020082013,272.58,3.44,221.93,30.16,79.68,3.94,139.8,97.81,38.07
2020082014,196.5,0.97,161.45,30.13,80.1,3.64,136.1,97.76,32.64
2020082015,87.05,3.74,74.18,29.92,80.79,2.97,131.9,97.72,24.38
2020082016,65.1,0.0,56.75,29.59,82.91,2.0,123.0,97.7,17.35
2020082017,28.65,0.0,25.72,28.98,83.72,1.59,108.0,97.68,11.57
2020082018,1.58,0.0,1.8,27.82,91.66,1.24,84.4,97.7,7.33
2020082019,0.0,0.0,0.0,27.15,93.59,1.56,74.4,97.75,3.97
2020082020,0.0,0.0,0.0,26.74,94.16,1.97,75.6,97.83,2.17
2020082021,0.0,0.0,0.0,26.42,94.62,2.51,77.6,97.88,1.35
2020082022,0.0,0.0,0.0,26.18,95.27,2.78,80.1,97.89,1.03
2020082023,0.0,0.0,0.0,26.01,95.97,2.83,84.1,97.9,0.92
2020082100,0.0,0.0,0.0,25.95,96.12,2.81,90.4,97.9,0.85
2020082101,0.0,0.0,0.0,25.85,96.36,2.78,99.5,97.9,0.98
2020082102,0.0,0.0,0.0,25.71,96.52,2.7,108.4,97.9,0.75
2020082103,0.0,0.0,0.0,25.5,96.75,2.66,111.8,97.91,0.38
2020082104,0.0,0.0,0.0,25.23,96.86,2.53,108.4,97.94,0.18
2020082105,9.88,0.78,12.31,25.09,96.32,2.77,102.3,97.98,0.06
2020082106,123.0,100.59,103.85,25.84,92.36,3.81,97.1,98.03,0.03
2020082107,301.12,242.25,183.19,27.11,83.18,4.97,107.8,98.1,0.01
2020082108,507.55,425.09,212.2,28.67,73.4,6.03,115.4,98.15,0.0
2020082109,681.15,498.08,263.53,30.02,66.85,6.37,113.0,98.16,0.0
2020082110,718.2,443.48,273.8,31.11,63.3,6.4,106.7,98.12,0.0
2020082111,755.85,340.88,358.38,31.88,61.43,6.34,101.3,98.05,0.01
2020082112,726.72,323.34,355.59,32.34,60.6,6.26,96.3,97.97,0.06
2020082113,652.05,434.86,256.71,32.56,60.65,6.07,90.4,97.89,0.14
2020082114,589.4,425.66,242.36,32.46,61.65,5.92,85.2,97.84,0.25
2020082115,389.25,309.01,188.51,31.99,63.65,5.81,82.6,97.82,0.17
2020082116,205.65,210.57,122.44,31.06,67.71,5.27,83.2,97.81,0.01
2020082117,76.72,111.07,58.13,29.57,75.97,3.93,85.9,97.82,0.01
2020082118,2.88,1.46,4.21,27.8,85.68,2.61,89.1,97.85,0.0
2020082119,0.0,0.0,0.0,27.05,88.71,2.35,92.4,97.9,0.0
2020082120,0.0,0.0,0.0,26.51,90.52,2.21,95.5,97.96,0.0
2020082121,0.0,0.0,0.0,26.06,91.94,2.09,98.5,97.99,0.0
2020082122,0.0,0.0,0.0,25.7,93.03,1.96,100.6,97.98,0.0
2020082123,0.0,0.0,0.0,25.44,93.8,1.94,101.3,97.97,0.01
2020082200,0.0,0.0,0.0,25.48,92.76,2.43,100.9,97.95,0.14
2020082201,0.0,0.0,0.0,25.4,92.51,2.94,96.8,97.92,0.24
2020082202,0.0,0.0,0.0,25.12,94.27,2.6,87.8,97.89,0.21
2020082203,0.0,0.0,0.0,24.82,95.76,2.35,78.2,97.87,0.14
2020082204,0.0,0.0,0.0,24.54,96.7,2.36,71.5,97.89,0.12
2020082205,8.35,2.32,10.5,24.56,96.36,2.61,65.3,97.92,0.06
2020082206,99.53,113.06,75.29,25.91,90.39,3.61,67.3,97.96,0.02
2020082207,237.8,248.01,127.62,27.67,81.88,4.47,89.1,98.02,0.15
2020082208,441.83,336.08,209.75,29.14,75.79,5.3,95.5,98.07,0.56
2020082209,552.1,407.13,226.64,30.38,71.4,5.92,96.0,98.09,0.58
2020082210,695.62,460.3,268.5,31.41,67.73,6.32,95.3,98.03,0.43
2020082211,725.0,373.79,322.56,32.24,64.53,6.53,93.9,97.95,0.33
2020082212,806.75,434.13,359.98,32.69,62.67,6.6,91.5,97.85,0.38
2020082213,658.47,391.29,276.45,32.8,62.09,6.61,89.0,97.75,0.29
2020082214,497.35,281.69,240.81,32.58,62.47,6.41,86.6,97.66,0.15
2020082215,357.83,219.97,208.99,32.09,63.93,6.05,85.1,97.61,0.06
2020082216,213.43,128.56,153.91,31.25,67.31,5.44,84.3,97.6,0.02
2020082217,65.5,29.64,57.32,29.84,74.98,4.07,82.5,97.63,0.01
2020082218,2.42,0.0,3.58,28.28,82.78,3.2,80.7,97.68,0.01
2020082219,0.0,0.0,0.0,27.69,85.12,3.3,81.8,97.76,0.01
2020082220,0.0,0.0,0.0,27.19,87.71,3.19,83.5,97.83,0.0
2020082221,0.0,0.0,0.0,26.75,90.13,3.14,84.3,97.87,0.01
2020082222,0.0,0.0,0.0,26.37,91.95,3.27,84.9,97.87,0.03
2020082223,0.0,0.0,0.0,25.98,93.53,3.39,84.1,97.85,0.11
2020082300,0.0,0.0,0.0,25.62,94.8,3.5,80.6,97.81,1.0
2020082301,0.0,0.0,0.0,25.28,95.92,3.52,74.9,97.76,2.97
2020082302,0.0,0.0,0.0,25.04,96.4,3.53,68.9,97.73,2.76
2020082303,0.0,0.0,0.0,24.88,96.59,3.69,66.0,97.72,2.21
2020082304,0.0,0.0,0.0,24.83,96.45,3.8,64.8,97.73,2.44
2020082305,10.05,3.12,12.98,24.87,96.25,3.78,64.5,97.76,2.85
2020082306,107.03,90.99,84.14,25.73,93.16,4.68,74.5,97.8,4.73
2020082307,218.25,153.45,140.66,26.95,88.36,5.55,87.6,97.84,4.62
2020082308,344.6,222.81,197.16,28.72,80.1,6.23,93.1,97.87,0.89
2020082309,479.8,222.81,274.63,30.3,73.26,6.62,94.0,97.85,0.94
2020082310,590.42,289.8,285.91,31.45,69.4,6.95,95.8,97.78,1.39
2020082311,629.0,301.81,300.72,32.27,66.79,7.18,100.1,97.69,1.62
2020082312,650.15,319.67,315.87,32.82,64.78,7.32,105.8,97.6,1.61
2020082313,582.88,268.17,303.75,32.99,63.69,7.3,111.1,97.51,1.34
2020082314,510.8,335.95,234.94,32.75,63.93,6.8,114.0,97.45,1.04
2020082315,359.08,270.78,180.1,32.23,65.24,5.97,114.0,97.43,0.55
2020082316,202.12,173.36,134.44,31.34,68.48,5.06,110.7,97.43,0.17
2020082317,74.05,70.52,59.06,29.89,76.24,3.67,105.0,97.47,0.04
2020082318,0.0,0.0,0.0,28.3,84.34,2.73,99.7,97.53,0.01
2020082319,0.0,0.0,0.0,27.68,86.78,2.87,96.6,97.62,0.01
2020082320,0.0,0.0,0.0,27.24,88.97,3.15,95.8,97.68,0.01
2020082321,0.0,0.0,0.0,26.84,91.28,3.39,96.1,97.71,0.01
2020082322,0.0,0.0,0.0,26.45,93.66,3.46,95.1,97.7,0.06
2020082323,0.0,0.0,0.0,26.16,95.16,3.47,93.3,97.67,0.18
2020082400,0.0,0.0,0.0,25.96,95.76,3.39,90.7,97.64,0.03
2020082401,0.0,0.0,0.0,25.82,95.89,3.48,90.2,97.62,0.05
2020082402,0.0,0.0,0.0,25.68,96.07,3.55,88.4,97.6,0.12
2020082403,0.0,0.0,0.0,25.57,96.13,3.63,86.2,97.59,0.19
2020082404,0.0,0.0,0.0,25.48,96.15,3.74,86.0,97.62,0.32
2020082405,9.05,1.13,11.16,25.51,95.7,3.89,86.9,97.67,0.36
2020082406,100.03,69.14,79.51,26.37,92.02,4.53,93.9,97.71,0.65
2020082407,236.6,193.94,142.8,27.73,84.87,4.98,109.7,97.75,0.59
2020082408,412.95,359.91,174.69,29.18,77.71,5.56,116.5,97.79,0.07
2020082409,542.53,411.88,203.2,30.42,72.43,6.1,123.5,97.79,0.09
2020082410,611.03,388.66,243.46,31.52,67.91,6.49,130.8,97.76,0.13
2020082411,591.0,259.98,296.76,32.34,64.36,6.78,136.9,97.71,0.33
2020082412,652.85,366.73,287.34,32.89,61.65,6.92,140.6,97.65,0.49
2020082413,593.83,431.63,216.92,33.14,60.09,6.86,141.5,97.58,0.64
2020082414,439.38,357.1,179.29,33.01,60.01,6.2,139.9,97.53,0.52
2020082415,371.1,275.64,196.24,32.64,61.33,5.46,137.4,97.52,0.27
2020082416,192.5,134.26,130.13,31.81,64.9,4.75,136.4,97.54,0.06
2020082417,65.95,36.27,56.97,30.44,72.23,3.58,136.6,97.58,0.01
2020082418,0.0,0.0,0.0,28.86,79.89,2.58,137.4,97.64,0.0
2020082419,0.0,0.0,0.0,28.21,82.54,2.47,139.1,97.71,0.0
2020082420,0.0,0.0,0.0,27.77,84.01,2.72,140.2,97.79,0.0
2020082421,0.0,0.0,0.0,27.35,85.48,2.92,136.5,97.85,0.01
2020082422,0.0,0.0,0.0,26.95,87.08,3.28,130.8,97.9,0.01
2020082423,0.0,0.0,0.0,26.61,88.14,3.86,130.4,97.91,0.04
2020082500,0.0,0.0,0.0,26.19,90.13,3.91,126.6,97.87,0.06
2020082501,0.0,0.0,0.0,25.77,92.51,3.93,120.9,97.85,0.1
2020082502,0.0,0.0,0.0,25.47,94.41,3.74,114.9,97.84,0.13
2020082503,0.0,0.0,0.0,25.37,95.03,3.66,107.6,97.86,0.06
2020082504,0.0,0.0,0.0,25.32,95.19,3.81,104.6,97.87,0.04
2020082505,9.32,2.43,11.35,25.37,94.84,4.02,107.2,97.9,0.03
2020082506,112.72,93.4,83.54,26.22,90.49,4.66,120.0,97.94,0.01
2020082507,239.12,146.19,165.08,27.59,83.4,4.81,137.5,97.98,0.03
2020082508,376.83,149.55,237.26,28.99,77.36,4.69,143.7,98.0,0.03
2020082509,503.38,254.72,271.03,30.44,71.8,4.59,143.7,98.0,0.03
2020082510,557.78,174.62,349.17,31.81,67.18,4.4,146.3,97.97,0.04
2020082511,581.67,390.43,199.31,32.85,63.7,4.14,149.7,97.89,0.04
2020082512,476.62,109.81,300.31,33.57,61.22,3.91,151.9,97.81,0.04
2020082513,489.33,200.1,279.02,33.93,59.92,3.74,153.8,97.73,0.05
2020082514,470.45,225.28,258.36,33.82,60.57,3.48,154.6,97.67,0.08
2020082515,361.15,227.49,210.82,33.44,62.13,3.2,153.8,97.65,0.12
2020082516,181.48,170.43,120.07,32.57,65.5,3.0,152.0,97.68,0.05
2020082517,64.25,47.06,54.59,31.23,73.15,2.59,149.7,97.72,0.01
2020082518,0.0,0.0,0.0,29.56,81.39,2.07,146.8,97.79,0.0
2020082519,0.0,0.0,0.0,28.87,84.23,2.37,150.1,97.87,0.0
2020082520,0.0,0.0,0.0,28.4,86.03,2.56,159.7,97.95,0.0
2020082521,0.0,0.0,0.0,28.04,87.45,2.48,172.4,97.99,0.0
2020082522,0.0,0.0,0.0,27.69,89.02,2.29,183.2,98.01,0.0
2020082523,0.0,0.0,0.0,27.31,91.14,1.99,194.9,98.0,0.09
2020082600,0.0,0.0,0.0,26.99,92.89,1.81,208.7,97.98,0.33
2020082601,0.0,0.0,0.0,26.77,93.9,1.85,221.3,97.96,0.29
2020082602,0.0,0.0,0.0,26.62,94.42,1.92,227.1,97.96,0.12
2020082603,0.0,0.0,0.0,26.52,94.32,2.0,228.4,97.96,0.0
2020082604,0.0,0.0,0.0,26.39,93.85,2.19,228.1,97.97,0.0
2020082605,8.18,1.42,11.38,26.33,92.79,2.52,224.2,98.01,0.0
2020082606,108.5,121.11,74.14,27.33,86.78,3.51,217.0,98.07,0.05
2020082607,272.38,268.01,146.84,28.87,77.73,3.89,214.4,98.13,0.35
2020082608,488.23,447.2,194.07,30.46,69.86,3.84,214.3,98.17,0.1
2020082609,621.28,468.97,233.62,31.9,64.05,3.53,213.1,98.17,0.11
2020082610,659.3,420.01,272.3,33.05,59.73,3.47,212.3,98.14,0.12
2020082611,746.75,483.06,268.97,33.87,56.78,3.55,212.7,98.06,0.09
2020082612,774.4,533.38,264.57,34.36,55.05,3.63,215.4,97.96,0.08
2020082613,630.4,362.58,289.63,34.52,54.45,3.7,220.5,97.86,0.06
2020082614,579.6,473.95,212.13,34.1,56.21,3.77,223.0,97.79,0.05
2020082615,462.8,446.82,184.59,33.61,58.29,3.92,224.4,97.78,0.05
2020082616,235.18,316.04,115.54,32.7,62.78,3.9,229.0,97.79,0.03
2020082617,73.0,96.0,56.65,31.26,70.38,3.37,236.1,97.82,0.02
2020082618,0.0,0.0,0.0,29.69,78.92,2.32,246.1,97.89,0.02
2020082619,0.0,0.0,0.0,29.02,82.87,1.88,254.9,97.98,0.03
2020082620,0.0,0.0,0.0,28.58,85.35,1.67,258.6,98.06,0.08
2020082621,0.0,0.0,0.0,28.17,87.14,1.73,257.7,98.07,0.11
2020082622,0.0,0.0,0.0,27.83,88.34,1.83,259.0,98.06,0.13
2020082623,0.0,0.0,0.0,27.5,89.49,1.88,263.6,98.03,0.11
2020082700,0.0,0.0,0.0,27.17,90.78,1.87,267.9,98.0,0.12
2020082701,0.0,0.0,0.0,26.87,91.89,1.98,270.3,97.97,0.07
2020082702,0.0,0.0,0.0,26.61,92.79,2.08,268.6,97.94,0.05
2020082703,0.0,0.0,0.0,26.39,93.44,2.31,267.5,97.91,0.02
2020082704,0.0,0.0,0.0,26.19,94.05,2.52,273.0,97.91,0.02
2020082705,7.97,0.91,10.49,26.13,94.23,2.81,280.7,97.93,0.01
2020082706,111.0,57.82,90.6,27.05,89.94,3.46,287.9,97.97,0.01
2020082707,264.25,170.82,179.06,28.68,81.59,3.73,298.1,98.02,0.06
2020082708,430.9,272.9,236.24,29.81,76.06,3.74,305.3,98.05,15.79
2020082709,509.3,345.67,237.45,30.71,72.73,3.29,309.7,98.07,15.14
2020082710,715.95,437.5,303.95,31.66,69.55,2.75,309.0,98.05,16.72
2020082711,699.1,391.7,298.44,32.55,66.53,2.29,302.2,97.98,19.29
2020082712,667.2,328.09,328.46,32.97,65.32,2.12,292.2,97.9,18.58
2020082713,590.85,351.44,261.0,32.92,66.03,2.21,285.7,97.81,18.97
2020082714,458.2,226.37,250.43,32.59,67.96,2.41,285.7,97.74,19.34
2020082715,342.58,207.89,203.89,32.01,71.19,2.46,290.0,97.7,13.81
2020082716,191.73,89.1,148.66,31.14,76.09,2.23,293.0,97.67,8.06
2020082717,60.8,14.84,53.01,30.2,80.72,1.91,294.8,97.68,3.78
2020082718,0.0,0.0,0.0,29.17,87.81,1.41,297.8,97.7,2.74
2020082719,0.0,0.0,0.0,28.87,88.98,1.21,302.9,97.76,1.51
2020082720,0.0,0.0,0.0,28.83,88.36,0.83,309.6,97.82,3.2
2020082721,0.0,0.0,0.0,28.96,85.16,0.32,313.7,97.85,5.04
2020082722,0.0,0.0,0.0,28.99,83.34,0.09,212.0,97.86,5.55
2020082723,0.0,0.0,0.0,28.82,84.04,0.32,218.7,97.86,7.06
2020082800,0.0,0.0,0.0,28.42,86.66,0.46,218.9,97.83,12.29
2020082801,0.0,0.0,0.0,27.99,88.04,0.53,207.1,97.78,17.85
2020082802,0.0,0.0,0.0,27.52,90.2,0.77,207.9,97.73,18.68
2020082803,0.0,0.0,0.0,27.03,93.1,1.06,217.0,97.71,16.18
2020082804,0.0,0.0,0.0,26.66,94.77,1.27,223.1,97.72,14.23
2020082805,7.57,1.41,10.36,26.46,95.44,1.39,229.7,97.76,14.08
2020082806,111.4,109.55,84.29,27.12,92.63,1.86,236.7,97.82,16.63
2020082807,286.27,257.33,168.64,28.33,86.92,2.07,248.1,97.88,23.78
2020082808,482.6,415.31,195.19,29.98,78.08,2.15,262.5,97.93,21.4
2020082809,563.17,356.6,252.07,31.0,70.15,2.31,267.8,97.94,29.41
2020082810,490.77,230.74,257.14,31.98,66.04,2.21,267.9,97.9,36.32
2020082811,492.25,209.06,264.04,32.66,63.66,2.04,265.5,97.83,38.0
2020082812,170.43,29.85,128.32,33.1,62.08,2.03,263.8,97.74,27.14
2020082813,146.07,20.22,111.13,33.27,61.17,2.21,264.5,97.66,25.25
2020082814,137.65,13.14,111.48,33.14,61.25,2.1,269.5,97.6,23.05
2020082815,188.98,10.14,159.15,32.84,62.58,1.69,279.9,97.58,20.47
2020082816,106.2,8.5,93.03,32.52,64.16,1.27,296.6,97.58,13.9
2020082817,39.3,6.31,35.1,31.52,66.31,1.07,321.4,97.59,11.72
2020082818,0.0,0.0,0.0,30.15,77.84,0.86,6.0,97.63,11.32
2020082819,0.0,0.0,0.0,29.18,82.44,1.2,42.3,97.7,12.61
2020082820,0.0,0.0,0.0,28.36,85.96,1.46,60.5,97.77,9.92
2020082821,0.0,0.0,0.0,27.81,87.85,1.56,72.8,97.81,8.95
2020082822,0.0,0.0,0.0,27.31,89.5,1.61,82.1,97.83,7.96
2020082823,0.0,0.0,0.0,26.86,91.0,1.62,89.3,97.85,7.68
2020082900,0.0,0.0,0.0,26.46,92.31,1.61,94.6,97.83,9.7
2020082901,0.0,0.0,0.0,26.14,93.23,1.54,97.8,97.8,14.32
2020082902,0.0,0.0,0.0,25.89,93.77,1.43,100.9,97.78,16.61
2020082903,0.0,0.0,0.0,25.68,94.09,1.27,106.0,97.76,17.46
2020082904,0.0,0.0,0.0,25.52,94.21,1.17,114.2,97.78,18.3
2020082905,5.8,1.09,7.68,25.45,94.82,1.11,122.8,97.81,15.23
2020082906,75.97,47.33,62.05,26.33,91.62,1.43,127.3,97.86,17.07
2020082907,179.9,135.41,121.93,28.15,83.97,1.48,120.9,97.91,16.79
2020082908,318.15,154.54,195.97,30.02,75.14,1.77,94.5,97.95,4.24
2020082909,476.98,243.16,244.54,31.13,69.86,2.27,78.5,97.97,3.27
2020082910,580.72,340.83,267.99,31.96,66.5,2.68,77.9,97.95,2.14
2020082911,709.88,269.99,398.57,32.6,64.22,2.99,81.1,97.88,1.62
2020082912,696.53,392.21,306.09,32.96,62.84,3.19,82.6,97.79,1.09
2020082913,710.0,410.74,310.82,33.15,62.0,3.34,81.6,97.69,0.51
2020082914,589.85,379.27,261.46,33.12,61.84,3.28,78.6,97.62,0.2
2020082915,400.9,268.17,219.56,32.84,62.7,3.11,75.5,97.57,0.07
2020082916,205.48,121.95,149.18,32.26,65.21,2.93,73.7,97.55,0.01
2020082917,53.58,22.61,47.99,30.86,73.08,2.49,75.3,97.56,0.01
2020082918,0.0,0.0,0.0,28.87,82.93,2.14,80.1,97.61,0.04
2020082919,0.0,0.0,0.0,28.23,84.29,2.47,85.6,97.68,0.13
2020082920,0.0,0.0,0.0,27.82,84.96,3.13,87.8,97.74,0.69
2020082921,0.0,0.0,0.0,27.4,86.54,3.67,86.6,97.77,1.5
2020082922,0.0,0.0,0.0,26.85,89.51,3.35,81.8,97.76,1.41
2020082923,0.0,0.0,0.0,26.41,91.72,3.32,74.1,97.76,0.84
2020083000,0.0,0.0,0.0,26.05,93.4,3.54,65.7,97.75,0.71
2020083001,0.0,0.0,0.0,25.81,94.39,3.83,55.0,97.72,0.7
2020083002,0.0,0.0,0.0,25.68,94.26,4.47,47.0,97.69,0.21
2020083003,0.0,0.0,0.0,25.63,94.09,5.17,49.2,97.66,0.07
2020083004,0.0,0.0,0.0,25.58,94.42,5.46,55.5,97.67,0.05
2020083005,6.2,0.68,8.56,25.54,94.69,5.27,59.3,97.71,0.15
2020083006,77.4,30.57,71.56,26.09,92.5,5.68,64.2,97.74,0.05
2020083007,198.02,107.71,142.83,27.57,85.35,7.25,81.8,97.76,0.64
2020083008,337.2,146.06,216.63,29.07,77.55,8.4,88.6,97.78,0.28
2020083009,490.98,212.64,279.85,30.31,71.46,9.28,90.5,97.77,0.32
2020083010,410.95,156.36,233.34,31.16,66.96,10.1,92.1,97.72,0.44
2020083011,536.58,288.08,238.04,31.46,64.88,10.78,94.7,97.65,0.41
2020083012,402.42,141.41,227.58,30.94,66.99,11.08,99.8,97.58,0.38
2020083013,307.35,80.36,206.28,30.77,69.04,11.08,105.7,97.51,0.4
2020083014,270.92,181.41,139.97,31.12,67.98,10.64,109.8,97.47,0.46
2020083015,231.48,170.69,132.44,31.04,67.18,9.85,113.4,97.48,0.33
2020083016,132.57,127.04,90.21,30.32,69.62,8.54,115.5,97.54,0.19
2020083017,48.1,52.49,37.68,29.14,75.7,6.88,116.5,97.6,0.16
2020083018,0.0,0.0,0.0,28.05,80.52,6.29,121.7,97.7,0.41
2020083019,0.0,0.0,0.0,27.41,83.31,5.9,127.6,97.83,0.71
2020083020,0.0,0.0,0.0,26.88,85.55,5.6,132.5,97.93,0.66
2020083021,0.0,0.0,0.0,26.42,87.26,5.48,133.7,97.96,0.57
2020083022,0.0,0.0,0.0,26.02,88.98,5.39,132.1,97.97,0.3
2020083023,0.0,0.0,0.0,25.66,90.99,5.44,129.4,97.96,0.36
2020083100,0.0,0.0,0.0,25.34,92.86,5.57,130.6,97.94,0.56
2020083101,0.0,0.0,0.0,25.08,94.33,5.45,132.2,97.92,0.37
2020083102,0.0,0.0,0.0,24.96,95.1,4.81,132.4,97.91,0.1
2020083103,0.0,0.0,0.0,24.89,95.51,4.07,130.2,97.93,0.06
2020083104,0.0,0.0,0.0,24.74,96.0,3.67,129.4,97.94,0.11
2020083105,7.75,1.11,10.6,24.62,96.32,3.46,127.4,97.98,0.1
2020083106,108.68,82.78,88.15,25.72,91.24,4.23,131.8,98.03,0.1
2020083107,268.2,210.93,168.99,27.58,80.4,4.67,152.2,98.07,0.02
2020083108,444.2,323.85,220.48,29.15,72.8,4.9,157.8,98.11,0.0
2020083109,587.3,377.54,262.39,30.45,67.71,5.08,157.8,98.12,0.0
2020083110,753.08,484.64,279.86,31.51,63.49,5.29,158.4,98.1,0.0
2020083111,746.8,491.72,282.03,32.3,60.18,5.4,160.0,98.05,0.0
2020083112,700.33,398.53,325.9,32.92,57.65,5.29,162.0,97.99,0.0
2020083113,566.75,414.76,218.44,33.33,55.63,5.1,162.8,97.9,0.0
2020083114,471.35,235.84,253.85,33.41,54.66,4.74,162.2,97.85,0.0
2020083115,318.92,195.27,193.72,33.34,54.09,4.3,161.9,97.82,0.0
2020083116,155.38,100.34,118.92,32.4,58.47,3.67,162.9,97.82,0.0
2020083117,40.65,25.61,33.87,30.88,67.09,3.08,164.0,97.85,0.0
2020083118,0.0,0.0,0.0,28.89,76.11,2.41,165.1,97.91,0.0
2020083119,0.0,0.0,0.0,28.31,78.21,2.58,169.3,97.98,0.0
2020083120,0.0,0.0,0.0,27.89,80.53,2.73,176.0,98.05,0.0
2020083121,0.0,0.0,0.0,27.44,83.68,2.72,185.5,98.08,0.0
2020083122,0.0,0.0,0.0,27.0,86.61,2.64,195.6,98.1,0.0
2020083123,0.0,0.0,0.0,26.52,89.04,2.36,204.3,98.1,0.0
2020090100,0.0,0.0,0.0,26.01,90.96,2.0,210.0,98.07,0.0
2020090101,0.0,0.0,0.0,25.54,91.98,1.76,212.0,98.03,0.0
2020090102,0.0,0.0,0.0,25.16,92.37,1.72,212.7,98.0,0.0
2020090103,0.0,0.0,0.0,24.93,92.65,1.68,209.6,97.97,0.0
2020090104,0.0,0.0,0.0,24.72,93.17,1.65,204.7,97.97,0.0
2020090105,7.47,1.83,9.03,24.66,93.23,1.74,200.5,97.99,0.0
2020090106,124.6,187.05,77.76,26.15,85.7,3.0,196.7,98.05,0.0
2020090107,330.67,418.31,139.15,28.35,76.25,3.48,206.1,98.1,0.0
2020090108,535.45,540.83,179.93,30.2,69.32,3.3,204.7,98.15,0.0
2020090109,651.17,533.61,211.86,31.73,64.21,3.19,198.3,98.19,0.0
2020090110,732.42,373.63,344.41,32.99,60.02,3.16,196.7,98.18,0.0
2020090111,747.92,344.27,396.33,33.96,56.59,2.98,198.6,98.13,0.0
2020090112,773.6,367.29,395.31,34.6,54.32,2.62,201.5,98.06,0.0
2020090113,643.1,373.14,296.32,34.86,53.34,2.26,204.9,97.99,0.0
2020090114,541.05,382.14,240.75,34.74,53.83,2.11,207.4,97.93,0.0
2020090115,395.77,304.46,210.87,34.07,56.37,2.14,206.7,97.9,0.0
2020090116,206.5,238.7,118.16,33.07,61.14,2.25,207.0,97.91,0.0
2020090117,56.75,74.36,43.98,31.69,67.52,2.36,212.0,97.94,0.0
2020090118,0.0,0.0,0.0,29.94,78.74,1.65,216.9,97.98,0.0
2020090119,0.0,0.0,0.0,29.27,82.16,1.62,217.2,98.06,0.0
2020090120,0.0,0.0,0.0,28.78,84.2,1.72,217.7,98.13,0.0
2020090121,0.0,0.0,0.0,28.37,84.94,1.93,222.5,98.16,0.0
2020090122,0.0,0.0,0.0,27.95,85.66,2.05,228.6,98.17,0.0
2020090123,0.0,0.0,0.0,27.51,86.88,2.01,238.2,98.17,0.0
2020090200,0.0,0.0,0.0,26.98,88.87,1.93,251.6,98.15,0.0
2020090201,0.0,0.0,0.0,26.59,90.3,1.92,261.3,98.13,0.0
2020090202,0.0,0.0,0.0,26.24,91.55,1.99,265.1,98.13,0.0
2020090203,0.0,0.0,0.0,25.92,92.71,2.07,265.8,98.14,0.0
2020090204,0.0,0.0,0.0,25.63,93.95,2.01,264.3,98.19,0.0
2020090205,6.1,0.0,8.6,25.51,94.5,2.07,262.2,98.27,0.0
2020090206,92.8,34.18,78.87,26.71,88.84,3.0,262.7,98.34,0.0
2020090207,236.0,118.23,176.54,29.17,75.83,3.02,280.1,98.4,0.0
2020090208,412.4,244.83,234.33,30.73,68.49,2.39,289.6,98.43,0.0
2020090209,535.72,249.03,317.86,31.67,64.4,1.54,288.6,98.44,0.0
2020090210,623.92,236.55,346.08,32.51,61.06,0.91,277.6,98.43,0.0
2020090211,676.4,217.91,397.53,33.02,59.03,0.58,249.7,98.39,0.0
2020090212,700.8,235.36,412.81,33.12,58.16,0.44,213.0,98.34,0.0
2020090213,634.65,229.85,394.1,32.87,58.79,0.25,189.1,98.28,0.0
2020090214,453.27,211.2,281.94,32.25,60.62,0.17,83.3,98.23,0.0
2020090215,332.4,148.24,223.24,31.42,64.1,0.76,55.7,98.22,0.0
2020090216,183.05,61.18,149.5,30.28,70.18,1.06,53.0,98.24,0.0
2020090217,47.9,3.27,41.18,29.18,74.26,0.95,51.8,98.24,0.0
2020090218,0.0,0.0,0.0,28.03,80.82,1.05,92.2,98.25,0.0
2020090219,0.0,0.0,0.0,27.42,84.71,1.42,101.0,98.29,0.0
2020090220,0.0,0.0,0.0,27.07,86.83,1.44,98.4,98.31,0.0
2020090221,0.0,0.0,0.0,26.85,88.1,1.5,90.0,98.33,0.0
2020090222,0.0,0.0,0.0,26.66,88.69,1.59,81.0,98.32,0.0
2020090223,0.0,0.0,0.0,26.56,88.68,1.6,76.7,98.32,0.0
2020090300,0.0,0.0,0.0,26.53,88.47,1.54,73.4,98.31,0.0
2020090301,0.0,0.0,0.0,26.49,88.58,1.51,75.0,98.29,0.0
2020090302,0.0,0.0,0.0,26.33,89.67,1.51,78.9,98.28,0.0
2020090303,0.0,0.0,0.0,26.14,91.0,1.52,81.7,98.28,0.0
2020090304,0.0,0.0,0.0,25.97,92.18,1.55,84.4,98.3,0.0
2020090305,5.12,0.0,6.52,25.87,93.03,1.7,87.3,98.34,0.0
2020090306,79.97,5.56,69.81,26.74,89.08,2.84,89.2,98.39,0.0
2020090307,212.77,30.53,184.21,28.09,82.91,3.21,93.9,98.42,0.0
2020090308,368.17,79.62,257.51,29.47,76.49,4.37,103.2,98.46,0.04
2020090309,478.7,174.27,294.48,30.31,72.37,5.21,108.2,98.48,0.02
2020090310,692.25,323.33,358.51,31.27,67.28,5.62,109.8,98.46,0.02
2020090311,723.85,337.93,362.56,32.34,62.04,5.89,109.6,98.4,0.02
2020090312,727.5,309.32,383.49,33.12,58.75,6.06,109.3,98.32,0.01
2020090313,591.35,266.27,319.23,33.58,57.3,6.11,110.0,98.24,0.01
2020090314,465.52,217.02,260.45,33.31,58.45,5.77,110.6,98.19,0.01
2020090315,293.77,142.36,197.77,32.64,61.3,5.16,111.2,98.17,0.01
2020090316,151.12,83.59,120.26,31.78,65.82,4.31,111.2,98.17,0.0
2020090317,43.0,21.87,40.27,30.57,73.07,3.14,110.3,98.21,0.0
2020090318,0.0,0.0,0.0,29.2,79.59,2.31,108.4,98.26,0.01
2020090319,0.0,0.0,0.0,28.62,82.32,2.31,107.1,98.32,0.0
2020090320,0.0,0.0,0.0,28.14,84.61,2.35,105.8,98.38,0.0
2020090321,0.0,0.0,0.0,27.7,86.58,2.5,106.0,98.4,0.0
2020090322,0.0,0.0,0.0,27.35,88.21,2.7,106.8,98.4,0.0
2020090323,0.0,0.0,0.0,26.97,90.13,2.73,106.8,98.38,0.0
2020090400,0.0,0.0,0.0,26.63,91.91,2.64,105.4,98.34,0.0
2020090401,0.0,0.0,0.0,26.32,93.57,2.66,101.9,98.3,0.0
2020090402,0.0,0.0,0.0,26.1,94.66,2.79,96.4,98.26,0.0
2020090403,0.0,0.0,0.0,26.01,94.82,3.01,91.0,98.23,0.0
2020090404,0.0,0.0,0.0,25.96,94.79,3.09,91.3,98.24,0.0
2020090405,5.35,1.11,7.45,25.95,94.56,3.07,99.4,98.28,0.0
2020090406,86.55,82.65,64.0,26.71,90.96,3.53,104.4,98.34,0.0
2020090407,226.52,172.91,141.32,28.56,80.92,3.62,115.5,98.38,0.0
2020090408,407.35,204.75,248.37,30.19,72.56,3.46,120.0,98.4,0.55
2020090409,533.92,197.77,310.65,31.29,67.43,3.39,114.0,98.4,0.67
2020090410,604.17,266.43,339.49,32.22,63.69,3.39,111.1,98.36,0.69
2020090411,643.65,254.0,342.98,33.15,60.4,3.19,110.9,98.28,0.6
2020090412,651.92,251.34,347.71,33.78,58.07,2.89,111.9,98.18,0.62
2020090413,506.12,149.06,305.77,34.38,56.05,2.54,114.1,98.09,0.52
2020090414,490.15,190.1,288.84,34.41,55.66,2.23,114.6,98.01,0.36
2020090415,310.95,153.25,208.2,34.03,56.66,1.86,110.1,97.99,0.33
2020090416,157.5,90.35,119.58,33.34,59.49,1.44,101.6,98.0,0.18
2020090417,41.35,10.88,39.26,32.4,62.39,1.2,89.5,98.03,0.19
2020090418,0.0,0.0,0.0,30.66,73.02,1.2,70.5,98.08,0.15
2020090419,0.0,0.0,0.0,29.71,77.4,1.52,67.6,98.12,0.18
2020090420,0.0,0.0,0.0,28.93,80.26,1.78,74.3,98.16,0.28
2020090421,0.0,0.0,0.0,28.37,82.07,1.88,84.5,98.15,0.56
2020090422,0.0,0.0,0.0,27.9,83.79,1.93,95.9,98.13,0.49
2020090423,0.0,0.0,0.0,27.46,85.55,1.94,106.5,98.09,0.59
2020090500,0.0,0.0,0.0,27.07,87.26,1.84,115.4,98.07,0.42
2020090501,0.0,0.0,0.0,26.89,88.61,1.54,125.2,98.06,0.47
2020090502,0.0,0.0,0.0,26.74,89.69,1.29,134.7,98.05,0.31
2020090503,0.0,0.0,0.0,26.53,90.57,1.2,130.6,98.03,0.54
2020090504,0.0,0.0,0.0,26.21,91.63,1.32,119.5,98.04,0.69
2020090505,5.6,0.55,7.61,25.94,92.53,1.5,113.1,98.07,0.82
2020090506,96.8,74.48,76.59,27.0,87.84,2.34,112.8,98.13,0.53
2020090507,250.88,216.65,146.72,29.08,77.6,2.35,122.7,98.19,0.11
2020090508,448.7,260.74,252.38,31.32,66.83,2.22,139.2,98.22,0.61
2020090509,635.33,384.16,303.28,32.33,62.61,1.76,150.4,98.23,4.42
2020090510,695.0,360.48,342.82,32.86,60.49,1.33,162.1,98.19,8.11
2020090511,762.92,343.55,360.48,33.49,58.5,1.19,181.9,98.12,10.13
2020090512,754.9,404.68,348.06,33.94,56.86,1.42,201.9,98.04,6.21
2020090513,648.6,379.55,285.76,34.11,55.96,1.78,223.6,97.96,2.79
2020090514,517.2,271.49,268.7,34.11,55.49,2.02,247.0,97.88,2.23
2020090515,328.4,174.58,199.09,34.02,55.73,2.18,273.4,97.82,1.57
2020090516,171.0,90.44,126.82,33.43,58.98,2.27,290.3,97.79,0.72
2020090517,39.25,8.37,36.9,32.02,65.76,2.07,297.3,97.8,0.43
2020090518,0.0,0.0,0.0,30.18,75.19,1.96,304.2,97.84,0.52
2020090519,0.0,0.0,0.0,29.47,77.92,2.04,310.4,97.89,1.42
2020090520,0.0,0.0,0.0,28.85,80.79,2.09,314.0,97.93,2.3
2020090521,0.0,0.0,0.0,28.25,83.43,2.16,314.8,97.95,3.53
2020090522,0.0,0.0,0.0,27.75,85.73,2.16,314.3,97.94,4.23
2020090523,0.0,0.0,0.0,27.36,87.62,2.09,317.1,97.95,6.0
2020090600,0.0,0.0,0.0,27.01,89.36,2.0,320.7,97.96,6.48
2020090601,0.0,0.0,0.0,26.73,90.57,1.99,318.9,97.95,7.2
2020090602,0.0,0.0,0.0,26.45,91.6,2.01,314.2,97.92,3.29
2020090603,0.0,0.0,0.0,26.18,92.52,2.03,308.8,97.91,0.63
2020090604,0.0,0.0,0.0,25.92,93.55,1.97,304.0,97.92,0.14
2020090605,5.5,0.64,7.44,25.74,94.4,1.81,300.3,97.95,0.03
2020090606,93.05,77.16,76.21,26.22,91.98,2.27,298.9,98.0,0.04
2020090607,229.3,221.21,138.12,27.11,88.7,1.62,296.7,98.04,0.1
2020090608,435.8,220.39,263.66,29.42,74.54,1.0,304.8,98.08,0.04
2020090609,577.83,303.85,302.04,30.95,66.99,0.49,270.0,98.09,0.04
2020090610,658.58,292.58,350.09,31.96,62.79,0.8,247.9,98.07,0.03
2020090611,794.92,463.54,347.48,32.54,60.41,1.22,265.8,98.01,0.03
2020090612,772.45,426.78,338.39,32.92,58.64,1.59,284.2,97.95,0.03
2020090613,666.25,378.77,314.49,32.99,57.97,1.95,301.2,97.87,0.02
2020090614,555.9,450.32,223.22,33.3,56.85,2.21,312.1,97.82,0.01
2020090615,403.92,353.92,201.03,33.29,56.69,2.14,319.5,97.8,0.01
2020090616,209.07,293.99,107.22,32.63,59.05,1.8,326.6,97.81,0.0
2020090617,50.05,76.58,40.19,31.73,62.32,1.45,335.0,97.85,0.0
2020090618,0.0,0.0,0.0,30.17,70.91,1.2,350.4,97.9,0.0
2020090619,0.0,0.0,0.0,29.63,71.79,1.23,4.6,97.97,0.0
2020090620,0.0,0.0,0.0,29.11,73.29,1.27,11.8,98.02,0.0
2020090621,0.0,0.0,0.0,28.63,74.93,1.28,9.5,98.03,0.0
2020090622,0.0,0.0,0.0,28.17,76.68,1.28,3.6,98.04,0.0
2020090623,0.0,0.0,0.0,27.69,78.77,1.33,358.3,98.03,0.0
2020090700,0.0,0.0,0.0,27.14,81.37,1.44,356.0,98.01,0.0
2020090701,0.0,0.0,0.0,26.64,83.62,1.55,359.3,97.96,0.0
2020090702,0.0,0.0,0.0,26.29,85.16,1.52,0.4,97.93,0.0
2020090703,0.0,0.0,0.0,26.16,85.66,1.27,344.4,97.96,0.0
2020090704,0.0,0.0,0.0,25.87,86.9,1.3,313.1,98.0,0.0
2020090705,6.3,2.33,9.29,25.55,88.21,1.59,302.7,98.02,0.0
2020090706,122.15,218.37,73.42,26.9,81.48,2.67,301.8,98.06,0.01
2020090707,323.73,428.96,132.66,29.44,70.86,2.61,299.1,98.13,0.05
2020090708,533.28,564.1,169.8,31.71,62.35,1.86,296.6,98.2,46.39
2020090709,686.25,582.82,219.77,32.67,59.86,0.81,297.8,98.23,35.49
2020090710,776.58,571.91,250.31,33.44,57.73,0.45,300.5,98.19,19.29
2020090711,750.75,311.81,391.25,34.11,55.77,0.58,297.9,98.13,17.99
2020090712,681.3,309.94,317.41,34.6,54.14,0.84,298.4,98.03,14.75
2020090713,486.3,158.48,293.28,34.72,53.75,1.28,298.6,97.93,18.19
2020090714,176.05,24.87,138.47,34.46,54.82,1.79,300.6,97.85,15.38
2020090715,153.0,24.58,123.72,34.07,56.2,2.24,304.3,97.81,7.91
2020090716,90.88,25.46,72.85,33.23,60.25,2.4,309.1,97.8,2.53
2020090717,15.32,2.21,13.8,31.59,68.02,2.28,315.0,97.82,0.18
2020090718,0.0,0.0,0.0,29.85,77.96,1.99,318.9,97.86,0.0
2020090719,0.0,0.0,0.0,29.19,79.25,2.08,319.9,97.93,0.0
2020090720,0.0,0.0,0.0,28.62,80.71,2.08,316.6,97.99,0.0
2020090721,0.0,0.0,0.0,28.15,82.12,2.03,309.8,98.02,0.0
2020090722,0.0,0.0,0.0,27.76,83.02,2.02,302.7,98.02,0.0
2020090723,0.0,0.0,0.0,27.41,83.8,2.04,297.8,98.01,0.0
2020090800,0.0,0.0,0.0,27.14,84.44,2.07,295.5,97.99,0.01
2020090801,0.0,0.0,0.0,26.83,85.45,2.16,295.5,97.97,0.63
2020090802,0.0,0.0,0.0,26.44,87.43,2.16,297.0,97.96,1.12
2020090803,0.0,0.0,0.0,25.98,89.76,2.1,300.0,97.98,1.4
2020090804,0.0,0.0,0.0,25.56,91.72,2.04,303.6,98.01,2.19
2020090805,5.62,0.92,8.74,25.26,93.08,2.06,306.7,98.06,3.01
2020090806,106.8,123.02,79.8,25.78,90.88,2.82,309.7,98.13,3.2
2020090807,277.8,259.88,155.15,27.13,86.68,2.31,312.5,98.2,5.27
2020090808,452.2,361.05,202.66,30.3,68.1,2.55,327.3,98.25,0.56
2020090809,630.12,438.24,254.85,32.26,58.3,2.72,320.8,98.26,0.34
2020090810,696.83,408.53,301.87,33.56,53.02,3.0,318.1,98.24,0.13
2020090811,763.58,427.13,320.59,34.3,49.76,3.26,320.0,98.17,0.04
2020090812,750.5,444.54,300.88,34.98,47.34,3.44,324.1,98.1,0.02
2020090813,651.88,426.22,261.39,35.33,45.88,3.57,326.9,98.01,0.0
2020090814,561.9,402.03,238.57,35.23,46.04,3.77,326.6,97.93,0.0
2020090815,376.95,265.46,220.63,34.58,47.48,3.86,325.0,97.89,0.0
2020090816,193.32,147.39,139.81,33.3,53.07,3.54,323.8,97.89,0.0
2020090817,42.72,27.14,38.87,31.34,62.92,2.87,323.6,97.92,0.0
2020090818,0.0,0.0,0.0,29.28,72.08,2.16,324.6,97.97,0.0
2020090819,0.0,0.0,0.0,28.63,75.49,1.99,325.0,98.04,0.0
2020090820,0.0,0.0,0.0,28.24,77.11,1.76,325.7,98.11,0.0
2020090821,0.0,0.0,0.0,28.11,76.7,1.45,324.0,98.13,0.0
2020090822,0.0,0.0,0.0,28.05,75.79,1.22,315.7,98.13,0.0
2020090823,0.0,0.0,0.0,27.68,76.72,1.28,304.2,98.12,0.0
2020090900,0.0,0.0,0.0,27.02,79.39,1.55,298.1,98.1,0.0
2020090901,0.0,0.0,0.0,26.45,81.38,1.77,296.6,98.1,0.0
2020090902,0.0,0.0,0.0,26.03,82.61,1.82,296.0,98.11,0.0
2020090903,0.0,0.0,0.0,25.59,84.06,1.82,295.7,98.14,0.0
2020090904,0.0,0.0,0.0,25.22,85.33,1.79,295.8,98.17,0.0
2020090905,5.22,0.0,8.28,25.03,86.09,1.72,297.0,98.2,0.0
2020090906,102.22,93.69,78.83,26.32,79.87,2.26,298.3,98.24,0.0
2020090907,282.6,263.91,160.99,27.96,73.19,2.28,301.2,98.28,0.0
2020090908,485.35,421.68,206.02,31.3,58.57,2.6,315.5,98.29,0.0
2020090909,666.22,498.95,250.4,33.04,52.28,3.4,330.6,98.27,0.0
2020090910,801.8,592.34,259.18,34.26,48.77,3.79,336.2,98.24,0.0
2020090911,726.5,457.85,283.52,35.05,46.38,3.87,335.6,98.19,0.0
2020090912,700.53,424.56,292.17,35.59,44.9,3.89,332.9,98.12,0.0
2020090913,737.83,520.9,270.66,35.75,44.23,4.01,331.2,98.03,0.0
2020090914,597.33,478.5,220.54,35.6,44.98,4.28,328.6,97.94,0.0
2020090915,409.52,379.5,190.47,34.88,47.22,4.44,325.7,97.88,0.0
2020090916,204.7,235.31,115.58,33.54,52.89,4.06,323.7,97.89,0.0
2020090917,42.1,29.31,35.73,31.58,62.69,2.99,322.3,97.91,0.0
2020090918,0.0,0.0,0.0,29.68,70.46,2.12,322.1,97.94,0.0
2020090919,0.0,0.0,0.0,29.19,72.87,1.85,319.6,97.97,0.0
2020090920,0.0,0.0,0.0,28.99,73.78,1.5,317.7,97.99,0.0
2020090921,0.0,0.0,0.0,28.88,73.35,1.2,317.0,97.98,0.0
2020090922,0.0,0.0,0.0,28.63,73.49,1.09,314.3,97.94,0.0
2020090923,0.0,0.0,0.0,28.0,75.96,1.27,308.9,97.91,0.0
2020091000,0.0,0.0,0.0,27.14,79.55,1.66,306.7,97.87,0.0
2020091001,0.0,0.0,0.0,26.48,81.56,1.95,307.7,97.84,0.0
2020091002,0.0,0.0,0.0,25.99,82.91,2.04,309.2,97.86,0.0
2020091003,0.0,0.0,0.0,25.6,84.26,1.99,310.1,97.88,0.0
2020091004,0.0,0.0,0.0,25.42,85.2,1.8,308.9,97.92,0.0
2020091005,5.3,0.0,8.53,25.36,85.72,1.62,303.7,97.95,0.0
2020091006,108.78,121.38,81.54,26.61,79.72,2.13,294.4,97.98,0.0
2020091007,305.38,356.62,151.13,28.46,72.24,2.32,285.5,98.0,0.0
2020091008,511.27,484.84,193.62,31.9,58.14,3.22,304.9,98.0,0.0
2020091009,690.45,576.13,223.76,33.81,51.1,4.34,314.1,97.98,0.0
2020091010,780.0,511.3,316.87,35.08,47.41,5.1,317.7,97.93,0.0
2020091011,833.12,546.17,290.84,35.85,45.24,5.56,319.4,97.85,0.0
2020091012,815.2,521.9,301.08,36.28,44.48,5.81,320.2,97.77,0.0
2020091013,704.62,457.81,284.39,36.33,44.88,5.87,320.8,97.69,0.0
2020091014,590.55,455.87,239.56,35.95,46.32,5.71,321.4,97.63,0.0
2020091015,399.4,342.07,199.31,35.25,48.63,5.35,322.4,97.59,0.0
2020091016,197.82,197.42,120.51,34.07,53.41,4.48,323.5,97.59,0.0
2020091017,39.03,12.36,34.56,32.18,62.64,2.83,325.5,97.61,0.0
2020091018,0.0,0.0,0.0,30.28,69.35,2.03,329.5,97.63,0.0
2020091019,0.0,0.0,0.0,30.27,68.52,1.43,333.8,97.66,0.0
2020091020,0.0,0.0,0.0,30.45,66.01,0.77,321.3,97.7,0.0
2020091021,0.0,0.0,0.0,29.96,67.57,0.69,270.8,97.71,0.0
2020091022,0.0,0.0,0.0,29.01,71.84,1.05,252.3,97.72,0.0
2020091023,0.0,0.0,0.0,28.06,76.05,1.37,250.8,97.74,0.0
2020091100,0.0,0.0,0.0,27.29,79.05,1.52,252.0,97.75,0.0
2020091101,0.0,0.0,0.0,26.7,81.0,1.56,253.2,97.75,0.0
2020091102,0.0,0.0,0.0,26.25,82.23,1.52,260.2,97.74,0.0
2020091103,0.0,0.0,0.0,25.85,83.22,1.51,272.7,97.74,0.0
2020091104,0.0,0.0,0.0,25.48,84.0,1.51,283.4,97.75,0.0
2020091105,5.12,0.0,8.45,25.2,84.62,1.48,288.9,97.79,0.0
2020091106,106.07,103.99,81.45,26.62,78.15,1.7,289.9,97.84,0.0
2020091107,300.75,324.89,158.56,28.84,68.57,1.59,288.0,97.9,0.0
2020091108,509.95,489.02,190.66,32.59,54.1,1.35,292.6,97.94,0.0
2020091109,686.17,574.81,219.89,34.55,48.02,1.68,320.1,97.96,0.0
2020091110,785.1,580.61,265.84,35.94,44.44,2.3,335.9,97.94,0.0
2020091111,831.38,547.14,283.84,36.92,42.11,2.95,343.3,97.88,0.0
2020091112,782.92,433.1,347.96,37.62,40.51,3.52,347.0,97.81,0.0
2020091113,714.97,480.23,273.5,37.76,40.17,3.9,348.3,97.73,0.0
2020091114,570.25,418.3,230.44,37.57,40.09,4.17,347.1,97.68,0.0
2020091115,386.48,317.91,200.94,36.9,41.4,4.22,345.7,97.65,0.0
2020091116,178.0,149.36,123.44,35.57,46.02,3.83,345.8,97.68,0.0
2020091117,32.35,6.78,33.39,33.23,55.99,2.83,348.6,97.72,0.0
2020091118,0.0,0.0,0.0,30.75,63.73,2.43,356.7,97.79,0.0
2020091119,0.0,0.0,0.0,29.96,65.93,2.32,6.2,97.86,0.0
2020091120,0.0,0.0,0.0,29.28,67.9,2.17,18.9,97.93,0.0
2020091121,0.0,0.0,0.0,28.51,70.35,2.07,33.2,97.98,0.0
2020091122,0.0,0.0,0.0,27.72,73.06,2.09,48.3,98.01,0.0
2020091123,0.0,0.0,0.0,26.91,76.07,2.22,62.0,98.03,0.0
2020091200,0.0,0.0,0.0,26.24,78.42,2.36,71.0,98.05,0.0
2020091201,0.0,0.0,0.0,25.69,80.33,2.52,74.4,98.07,0.0
2020091202,0.0,0.0,0.0,25.11,82.56,2.38,75.7,98.07,0.0
2020091203,0.0,0.0,0.0,24.64,84.36,2.08,77.8,98.06,0.0
2020091204,0.0,0.0,0.0,24.37,84.99,1.82,82.4,98.09,0.0
2020091205,3.53,0.0,5.46,24.5,83.58,1.36,95.1,98.15,0.0
2020091206,83.72,53.86,67.82,26.16,76.98,0.85,131.2,98.24,0.0
2020091207,246.57,209.82,149.42,28.2,68.76,0.7,203.6,98.32,0.0
2020091208,449.48,354.98,208.09,32.11,49.8,0.83,336.5,98.37,0.0
2020091209,640.22,451.12,262.47,33.9,44.4,2.3,357.3,98.38,0.0
2020091210,759.25,489.81,278.89,35.05,42.33,2.98,0.8,98.34,0.0
2020091211,810.6,498.85,301.94,35.8,41.08,3.29,1.2,98.26,0.0
2020091212,792.55,478.47,322.39,36.29,40.47,3.39,358.0,98.17,0.0
2020091213,676.92,410.97,292.79,36.45,40.53,3.49,351.1,98.08,0.0
2020091214,560.75,397.81,246.06,36.23,41.12,3.73,343.5,98.0,0.0
2020091215,374.45,289.5,207.27,35.67,42.49,3.94,339.4,97.95,0.0
2020091216,183.93,145.58,127.97,34.46,47.38,3.7,337.6,97.96,0.0
2020091217,33.3,7.17,32.34,32.38,56.95,2.79,337.5,97.98,0.0
2020091218,0.0,0.0,0.0,30.24,64.74,2.33,340.2,98.03,0.0
2020091219,0.0,0.0,0.0,29.55,67.62,2.17,344.2,98.08,0.0
2020091220,0.0,0.0,0.0,29.05,69.63,1.98,349.5,98.12,0.0
2020091221,0.0,0.0,0.0,28.66,70.93,1.79,354.5,98.15,0.0
2020091222,0.0,0.0,0.0,28.44,71.33,1.61,0.4,98.16,0.0
2020091223,0.0,0.0,0.0,28.2,71.88,1.47,9.8,98.16,0.0
2020091300,0.0,0.0,0.0,27.87,73.11,1.39,19.3,98.15,0.17
2020091301,0.0,0.0,0.0,27.46,75.04,1.35,19.9,98.15,0.17
2020091302,0.0,0.0,0.0,27.04,76.98,1.23,15.5,98.12,0.17
2020091303,0.0,0.0,0.0,26.56,78.68,1.11,7.8,98.1,0.0
2020091304,0.0,0.0,0.0,26.06,80.4,1.06,356.2,98.11,0.0
2020091305,4.0,0.0,6.44,25.56,82.27,1.04,347.2,98.13,0.0
2020091306,82.82,49.18,74.8,26.35,78.15,1.16,343.0,98.18,0.0
2020091307,205.35,167.69,140.95,28.52,67.81,0.96,337.4,98.25,0.0
2020091308,440.5,165.95,314.5,32.04,52.13,1.0,349.0,98.28,0.0
2020091309,631.2,420.21,272.64,34.13,44.76,1.21,3.8,98.3,0.0
2020091310,598.6,398.73,240.75,35.61,40.56,1.42,0.0,98.27,0.0
2020091311,735.55,345.93,346.49,36.54,38.03,1.68,351.4,98.21,0.0
2020091312,708.15,263.92,380.81,37.25,36.04,2.12,344.4,98.12,0.0
2020091313,639.62,264.91,363.4,37.28,35.24,2.77,340.4,98.01,0.0
2020091314,504.92,257.22,285.39,36.86,35.51,3.48,337.2,97.94,0.0
2020091315,333.9,221.74,196.36,36.04,37.36,4.02,336.4,97.9,0.0
2020091316,158.75,115.58,120.66,34.52,41.37,4.13,336.6,97.91,0.0
2020091317,27.4,3.24,28.56,32.06,50.05,3.38,337.5,97.94,0.0
2020091318,0.0,0.0,0.0,30.05,56.07,2.92,341.2,97.99,0.0
2020091319,0.0,0.0,0.0,29.24,59.93,2.61,346.7,98.06,0.0
2020091320,0.0,0.0,0.0,28.69,63.43,2.19,351.4,98.1,0.0
2020091321,0.0,0.0,0.0,28.35,65.59,1.92,354.3,98.12,0.0
2020091322,0.0,0.0,0.0,28.03,66.53,1.71,357.7,98.12,0.0
2020091323,0.0,0.0,0.0,27.86,66.74,1.48,1.5,98.12,0.0
2020091400,0.0,0.0,0.0,27.73,66.91,1.32,6.5,98.11,0.13
2020091401,0.0,0.0,0.0,27.46,67.96,1.25,11.0,98.09,0.13
2020091402,0.0,0.0,0.0,27.18,68.76,1.18,13.2,98.06,0.13
2020091403,0.0,0.0,0.0,26.91,69.16,1.09,13.8,98.05,0.0
2020091404,0.0,0.0,0.0,26.61,69.87,0.97,10.0,98.07,0.0
2020091405,3.65,0.0,5.37,26.3,70.6,0.91,2.5,98.11,0.0
2020091406,73.32,14.18,65.18,27.02,69.7,1.01,354.9,98.16,0.0
2020091407,203.55,97.43,159.92,28.72,61.9,1.21,351.0,98.22,0.0
2020091408,363.42,46.32,305.09,32.02,49.54,1.36,349.8,98.25,0.0
2020091409,533.72,122.07,384.82,33.68,45.21,2.05,0.0,98.24,0.06
2020091410,639.28,276.01,326.34,34.89,43.0,2.65,1.1,98.19,0.4
2020091411,649.45,122.42,429.81,35.4,41.95,3.03,358.7,98.1,0.93
2020091412,572.97,133.9,355.59,35.86,40.92,3.26,354.4,98.01,0.66
2020091413,539.03,177.86,329.54,36.09,40.18,3.41,349.7,97.9,0.18
2020091414,445.38,199.57,247.99,35.86,40.05,3.51,344.1,97.81,0.03
2020091415,306.3,160.98,200.76,35.27,40.6,3.56,338.8,97.78,0.01
2020091416,146.0,58.18,121.62,34.21,43.21,3.4,334.2,97.79,0.05
2020091417,25.25,0.77,27.35,31.79,52.1,2.56,332.3,97.82,0.0
2020091418,0.0,0.0,0.0,29.55,57.0,2.57,335.4,97.86,0.0
2020091419,0.0,0.0,0.0,28.71,58.23,2.52,340.1,97.93,0.0
2020091420,0.0,0.0,0.0,28.01,59.77,2.34,345.9,97.98,0.0
2020091421,0.0,0.0,0.0,27.46,61.19,2.2,352.4,98.01,0.0
2020091422,0.0,0.0,0.0,27.03,62.36,2.07,355.6,98.0,0.0
2020091423,0.0,0.0,0.0,26.61,63.32,1.95,355.3,97.97,0.0
2020091500,0.0,0.0,0.0,26.39,64.18,1.81,355.6,97.95,0.0
2020091501,0.0,0.0,0.0,26.13,65.38,1.67,358.6,97.92,0.0
2020091502,0.0,0.0,0.0,25.97,66.46,1.47,1.6,97.91,0.0
2020091503,0.0,0.0,0.0,25.73,66.84,1.27,1.8,97.9,0.0
2020091504,0.0,0.0,0.0,25.44,66.92,1.1,0.0,97.92,0.0
2020091505,3.5,0.0,5.49,25.18,67.38,0.9,1.9,97.98,0.0
2020091506,76.47,20.73,73.13,25.91,66.16,0.67,14.7,98.07,0.0
2020091507,240.9,144.11,169.54,27.71,59.53,0.43,28.9,98.17,0.01
2020091508,421.08,246.06,235.08,31.96,45.18,0.96,343.1,98.21,0.0
2020091509,578.83,299.24,310.96,33.98,40.85,1.85,328.3,98.19,0.0
2020091510,652.47,296.12,346.52,35.21,38.44,2.57,323.2,98.14,0.0
2020091511,715.0,322.47,361.35,36.09,36.54,3.29,322.5,98.05,0.0
2020091512,689.85,287.42,364.33,36.6,35.9,3.93,324.7,97.96,0.0
2020091513,611.5,265.01,334.27,36.68,36.49,4.4,328.3,97.88,0.0
2020091514,492.6,261.81,265.16,36.42,37.8,4.68,332.1,97.82,0.0
2020091515,323.27,189.16,200.16,35.58,40.74,4.68,335.8,97.78,0.0
2020091516,163.73,110.09,118.09,34.2,46.12,4.11,338.0,97.78,0.0
2020091517,25.83,1.8,23.88,32.13,55.03,2.74,338.8,97.81,0.0
2020091518,0.0,0.0,0.0,30.21,61.47,2.09,339.2,97.85,0.0
2020091519,0.0,0.0,0.0,29.74,62.34,1.78,338.2,97.9,0.0
2020091520,0.0,0.0,0.0,29.57,61.65,1.28,338.0,97.96,0.0
2020091521,0.0,0.0,0.0,29.61,59.45,0.73,343.3,98.0,0.0
2020091522,0.0,0.0,0.0,29.67,57.81,0.36,12.9,98.02,0.0
2020091523,0.0,0.0,0.0,29.24,59.02,0.39,60.8,98.01,0.0
2020091600,0.0,0.0,0.0,28.31,62.84,0.6,64.3,97.99,0.0
2020091601,0.0,0.0,0.0,27.68,65.91,0.91,58.9,97.95,0.0
2020091602,0.0,0.0,0.0,26.89,70.19,1.13,55.5,97.92,0.0
2020091603,0.0,0.0,0.0,26.2,74.31,1.28,55.2,97.9,0.0
2020091604,0.0,0.0,0.0,25.65,77.9,1.35,57.7,97.9,0.0
2020091605,3.53,0.0,5.43,25.34,80.56,1.22,64.3,97.93,0.0
2020091606,81.88,28.39,73.25,26.43,77.68,0.89,73.6,98.0,0.0
2020091607,249.2,179.58,161.84,28.75,66.83,0.03,71.6,98.08,0.0
2020091608,429.15,258.74,241.76,32.92,46.76,1.51,311.5,98.14,0.0
2020091609,615.28,391.4,285.78,34.78,41.71,2.41,316.5,98.15,0.0
2020091610,733.2,443.85,311.44,36.12,39.12,2.87,315.0,98.13,0.0
2020091611,724.75,334.77,360.29,37.2,36.82,3.32,314.5,98.05,0.0
2020091612,726.58,363.41,354.64,37.83,36.0,3.85,316.4,97.95,0.0
2020091613,692.38,445.87,285.2,38.11,35.81,4.45,319.2,97.84,0.0
2020091614,550.67,401.35,238.43,37.71,37.39,4.99,322.3,97.75,0.0
2020091615,366.25,298.86,192.08,36.82,40.32,5.27,325.4,97.73,0.0
2020091616,174.68,148.6,121.88,35.42,45.6,4.81,327.0,97.73,0.0
2020091617,26.92,4.36,26.47,33.24,54.78,2.99,328.3,97.77,0.0
2020091618,0.0,0.0,0.0,31.28,61.65,2.09,327.5,97.81,0.0
2020091619,0.0,0.0,0.0,31.01,62.19,1.59,315.8,97.86,0.0
2020091620,0.0,0.0,0.0,30.67,62.19,1.47,291.2,97.92,0.0
2020091621,0.0,0.0,0.0,29.77,64.44,1.78,281.0,97.96,0.0
2020091622,0.0,0.0,0.0,28.89,66.33,2.09,282.4,97.96,0.0
2020091623,0.0,0.0,0.0,28.22,67.18,2.29,287.6,97.95,0.0
2020091700,0.0,0.0,0.0,27.62,68.13,2.4,294.1,97.92,0.0
2020091701,0.0,0.0,0.0,27.06,69.48,2.59,299.8,97.9,0.0
2020091702,0.0,0.0,0.0,26.53,71.27,2.63,302.9,97.88,0.0
2020091703,0.0,0.0,0.0,26.08,73.03,2.53,303.9,97.86,0.0
2020091704,0.0,0.0,0.0,25.79,74.2,2.45,303.7,97.86,0.0
2020091705,3.78,0.0,6.1,25.59,75.11,2.4,302.6,97.89,0.0
2020091706,98.62,110.04,74.79,26.99,70.06,3.37,300.1,97.94,0.0
2020091707,291.5,334.81,153.48,29.27,63.1,2.94,293.2,98.0,0.0
2020091708,495.45,526.24,178.11,33.02,51.42,4.3,303.4,98.04,0.0
2020091709,667.92,580.64,217.76,35.44,44.78,5.87,311.3,98.04,0.0
2020091710,787.3,630.78,233.67,36.78,42.26,6.0,310.5,98.0,0.0
2020091711,810.55,530.85,299.05,37.57,41.07,6.1,307.6,97.93,0.0
2020091712,796.22,526.74,293.32,38.0,40.28,6.29,304.4,97.83,0.0
2020091713,694.25,472.73,265.53,38.06,39.99,6.49,301.5,97.75,0.0
2020091714,562.53,454.18,218.7,37.73,40.38,6.43,299.3,97.69,0.0
2020091715,376.33,354.38,180.33,37.04,41.29,6.07,298.6,97.67,0.0
2020091716,177.95,190.05,116.5,35.9,44.24,5.16,298.1,97.69,0.0
2020091717,25.95,7.4,26.44,33.75,52.46,2.98,296.9,97.73,0.0
2020091718,0.0,0.0,0.0,31.76,58.8,2.26,292.9,97.78,0.0
2020091719,0.0,0.0,0.0,31.51,59.47,1.82,285.0,97.84,0.0
2020091720,0.0,0.0,0.0,31.33,59.23,1.59,276.9,97.88,0.0
2020091721,0.0,0.0,0.0,30.6,60.99,1.72,276.3,97.9,0.0
2020091722,0.0,0.0,0.0,29.62,63.88,2.01,279.5,97.89,0.0
2020091723,0.0,0.0,0.0,28.81,65.83,2.31,285.3,97.87,0.0
2020091800,0.0,0.0,0.0,28.22,66.94,2.56,294.2,97.84,0.0
2020091801,0.0,0.0,0.0,27.7,68.0,2.99,304.2,97.83,0.0
2020091802,0.0,0.0,0.0,27.13,69.64,2.98,309.1,97.79,0.0
2020091803,0.0,0.0,0.0,26.68,71.18,2.73,307.7,97.78,0.0
2020091804,0.0,0.0,0.0,26.11,73.53,2.4,299.8,97.79,0.0
2020091805,3.53,0.0,5.54,25.63,75.82,2.39,286.5,97.82,0.0
2020091806,95.65,98.42,70.34,26.67,72.15,3.76,274.3,97.9,0.0
2020091807,289.02,335.97,137.76,29.04,63.89,3.79,266.7,97.98,0.0
2020091808,490.83,455.55,199.23,32.65,50.43,5.14,284.0,98.03,0.0
2020091809,665.15,556.88,224.0,34.79,43.95,5.48,291.4,98.04,0.0
2020091810,779.05,629.39,226.19,36.32,39.56,5.64,296.3,98.0,0.0
2020091811,805.53,530.58,286.31,37.35,36.72,5.85,299.7,97.92,0.0
2020091812,755.75,403.46,386.69,38.04,34.75,6.06,301.9,97.82,0.0
2020091813,688.25,465.4,275.0,38.32,33.58,6.22,303.6,97.73,0.0
2020091814,545.92,415.25,231.3,38.18,33.31,6.1,306.6,97.66,0.0
2020091815,358.27,296.07,193.74,37.51,34.55,5.68,310.5,97.64,0.0
2020091816,169.0,142.49,119.35,36.21,38.37,4.78,314.8,97.64,0.0
2020091817,24.75,4.01,27.3,33.55,48.41,2.81,321.5,97.64,0.0
2020091818,0.0,0.0,0.0,31.4,54.62,2.39,331.8,97.66,0.0
2020091819,0.0,0.0,0.0,31.12,55.35,1.94,340.4,97.71,0.0
2020091820,0.0,0.0,0.0,31.42,53.2,1.29,335.8,97.75,0.0
2020091821,0.0,0.0,0.0,31.03,53.94,0.87,296.6,97.79,0.0
2020091822,0.0,0.0,0.0,30.32,55.89,1.02,263.2,97.8,0.0
2020091823,0.0,0.0,0.0,29.74,57.52,1.02,253.0,97.79,0.0
2020091900,0.0,0.0,0.0,29.17,59.28,0.83,261.0,97.78,0.0
2020091901,0.0,0.0,0.0,28.58,61.25,0.78,284.0,97.76,0.0
2020091902,0.0,0.0,0.0,28.17,62.65,0.84,303.9,97.76,0.0
2020091903,0.0,0.0,0.0,27.82,63.45,0.86,316.9,97.78,0.0
2020091904,0.0,0.0,0.0,27.53,63.6,0.75,324.2,97.82,0.0
2020091905,3.28,0.0,5.31,27.26,64.52,0.56,314.3,97.87,0.0
2020091906,85.22,25.71,76.85,27.95,63.1,0.72,289.4,97.92,0.0
2020091907,236.9,100.59,192.97,29.77,55.5,1.05,289.5,97.98,0.0
2020091908,405.83,209.97,270.02,33.77,41.34,1.42,328.2,98.01,0.0
2020091909,615.8,426.8,271.61,35.72,37.27,2.51,340.0,98.01,0.0
2020091910,741.9,503.65,279.12,36.95,35.62,3.1,341.2,97.97,0.0
2020091911,739.95,371.26,351.51,37.76,34.13,3.4,341.3,97.89,0.0
2020091912,719.12,379.52,332.26,38.25,33.12,3.57,340.2,97.81,0.0
2020091913,639.38,404.57,264.71,38.26,32.86,3.71,337.7,97.71,0.0
2020091914,520.12,356.21,250.42,37.88,32.88,3.93,334.9,97.64,0.0
2020091915,330.9,237.9,191.63,36.96,34.29,4.15,332.6,97.61,0.0
2020091916,154.6,88.33,127.66,35.46,38.83,4.11,331.2,97.61,0.0
2020091917,22.77,1.03,24.63,33.06,47.75,3.33,332.4,97.65,0.0
2020091918,0.0,0.0,0.0,30.9,55.56,2.9,337.2,97.69,0.0
2020091919,0.0,0.0,0.0,29.99,59.58,2.79,343.3,97.75,0.0
2020091920,0.0,0.0,0.0,29.14,63.17,2.29,350.7,97.79,0.0
2020091921,0.0,0.0,0.0,28.47,65.67,1.98,0.0,97.8,0.0
2020091922,0.0,0.0,0.0,27.93,67.65,1.86,12.1,97.81,0.0
2020091923,0.0,0.0,0.0,27.42,69.69,1.84,24.1,97.8,0.0
2020092000,0.0,0.0,0.0,26.92,72.01,1.91,32.2,97.78,0.0
2020092001,0.0,0.0,0.0,26.47,74.19,1.99,35.6,97.76,0.0
2020092002,0.0,0.0,0.0,26.12,75.97,2.01,37.1,97.75,0.0
2020092003,0.0,0.0,0.0,25.79,77.76,1.98,37.2,97.78,0.0
2020092004,0.0,0.0,0.0,25.47,79.56,1.98,37.0,97.81,0.0
2020092005,3.05,0.0,4.94,25.13,81.66,1.93,38.5,97.86,0.0
2020092006,83.6,50.3,70.32,26.2,77.74,2.68,41.8,97.94,0.0
2020092007,258.05,216.18,167.78,29.0,63.21,2.7,39.3,98.02,0.0
2020092008,459.95,392.36,203.67,32.15,46.76,3.17,24.8,98.06,0.0
2020092009,631.05,471.05,240.41,33.81,41.21,3.17,13.1,98.04,0.0
2020092010,675.17,479.48,246.16,35.29,36.88,3.08,2.6,97.98,0.0
2020092011,772.9,466.19,309.03,36.6,32.95,3.1,351.3,97.89,0.0
2020092012,758.1,460.1,316.53,37.49,29.96,3.38,341.4,97.77,0.0
2020092013,665.33,450.36,264.65,38.02,27.75,3.91,335.9,97.64,0.0
2020092014,529.88,386.96,239.36,37.92,26.98,4.48,336.5,97.54,0.0
2020092015,335.12,290.55,177.27,37.04,28.92,4.93,341.9,97.49,0.0
2020092016,153.95,133.96,110.01,35.29,34.72,4.88,349.1,97.49,0.0
2020092017,20.65,2.34,22.37,32.37,45.54,3.56,356.9,97.51,0.0
2020092018,0.0,0.0,0.0,30.13,53.78,3.16,6.7,97.57,0.0
2020092019,0.0,0.0,0.0,29.29,58.4,2.89,16.9,97.62,0.0
2020092020,0.0,0.0,0.0,28.49,62.18,2.33,27.6,97.67,0.0
2020092021,0.0,0.0,0.0,27.94,63.98,1.95,41.5,97.7,0.0
2020092022,0.0,0.0,0.0,27.53,64.91,1.71,57.1,97.71,0.0
2020092023,0.0,0.0,0.0,27.23,65.08,1.54,63.8,97.71,0.0
2020092100,0.0,0.0,0.0,26.95,65.01,1.43,52.1,97.69,0.0
2020092101,0.0,0.0,0.0,26.42,66.07,1.52,36.7,97.66,0.0
2020092102,0.0,0.0,0.0,25.84,67.77,1.68,31.6,97.66,0.0
2020092103,0.0,0.0,0.0,25.4,69.34,1.76,27.4,97.68,0.0
2020092104,0.0,0.0,0.0,25.03,70.67,1.78,17.6,97.71,0.0
2020092105,2.97,0.0,4.93,24.69,71.85,1.82,6.0,97.76,0.0
2020092106,87.47,73.42,72.23,26.19,66.61,2.24,353.6,97.79,0.0
2020092107,262.02,239.44,161.58,28.68,57.48,2.94,345.4,97.82,0.0
2020092108,460.1,436.08,185.95,32.39,47.26,3.75,348.8,97.82,0.0
2020092109,660.55,596.25,235.29,34.39,42.47,4.24,348.2,97.81,0.0
2020092110,781.5,624.06,233.49,35.98,38.77,3.91,346.2,97.79,0.0
2020092111,722.47,464.89,377.57,37.2,36.07,3.38,341.2,97.73,0.0
2020092112,639.22,358.84,294.94,38.04,33.97,3.17,332.1,97.64,0.0
2020092113,614.72,308.73,322.17,38.42,32.77,3.39,323.3,97.53,0.0
2020092114,462.1,218.71,279.53,38.17,32.38,3.79,321.9,97.45,0.0
2020092115,265.02,202.35,165.54,37.42,32.46,3.96,325.2,97.41,0.0
2020092116,131.3,100.01,102.19,35.99,35.13,3.73,329.5,97.42,0.0
2020092117,17.25,0.69,18.29,33.13,44.56,2.6,335.0,97.46,0.0
2020092118,0.0,0.0,0.0,30.92,49.9,2.65,343.3,97.52,0.0
2020092119,0.0,0.0,0.0,30.08,51.6,2.66,353.3,97.6,0.0
2020092120,0.0,0.0,0.0,29.37,53.78,2.57,4.5,97.66,0.0
2020092121,0.0,0.0,0.0,28.77,56.24,2.48,17.1,97.69,0.0
2020092122,0.0,0.0,0.0,28.25,58.9,2.41,30.4,97.7,0.0
2020092123,0.0,0.0,0.0,27.79,61.98,2.38,42.3,97.69,0.0
2020092200,0.0,0.0,0.0,27.42,65.6,2.41,51.6,97.67,0.0
2020092201,0.0,0.0,0.0,27.16,69.84,2.42,58.0,97.65,0.0
2020092202,0.0,0.0,0.0,26.87,74.28,2.1,64.3,97.63,0.0
2020092203,0.0,0.0,0.0,26.34,79.32,1.66,72.4,97.63,0.0
2020092204,0.0,0.0,0.0,25.9,83.25,1.53,85.5,97.68,0.0
2020092205,2.72,0.0,4.51,25.59,85.74,1.51,103.4,97.75,0.0
2020092206,84.3,76.46,69.83,26.77,80.05,2.15,122.3,97.84,0.0
2020092207,254.95,262.75,146.42,29.71,64.1,2.75,118.9,97.94,0.05
2020092208,451.5,415.14,184.03,32.35,51.26,2.95,113.2,97.99,2.06
2020092209,649.2,571.0,207.11,34.01,46.88,2.71,117.5,97.98,2.58
2020092210,720.0,561.28,232.53,35.32,44.52,2.58,122.8,97.94,2.35
2020092211,735.6,438.54,304.27,36.48,42.29,2.39,122.2,97.86,1.98
2020092212,704.17,427.37,301.9,37.22,40.63,2.15,113.3,97.76,1.76
2020092213,601.0,482.67,212.9,37.56,39.67,1.98,99.9,97.64,1.36
2020092214,511.25,426.35,209.43,37.55,39.27,1.98,84.2,97.54,1.56
2020092215,326.02,281.47,182.28,37.03,39.62,2.04,76.4,97.49,1.7
2020092216,144.02,122.88,103.97,36.01,42.05,1.95,76.7,97.49,1.39
2020092217,16.88,3.48,19.52,34.13,50.39,1.46,85.3,97.52,1.18
2020092218,0.0,0.0,0.0,32.15,58.86,1.65,94.9,97.56,1.97
2020092219,0.0,0.0,0.0,31.19,62.35,1.81,101.8,97.62,4.28
2020092220,0.0,0.0,0.0,30.44,65.62,1.93,108.4,97.69,4.82
2020092221,0.0,0.0,0.0,29.73,68.86,2.21,116.6,97.74,6.12
2020092222,0.0,0.0,0.0,29.06,71.78,2.92,124.9,97.76,4.8
2020092223,0.0,0.0,0.0,28.45,74.27,3.78,129.7,97.75,5.04
2020092300,0.0,0.0,0.0,27.87,76.85,4.1,131.0,97.73,4.88
2020092301,0.0,0.0,0.0,27.38,79.36,3.92,131.6,97.71,3.2
2020092302,0.0,0.0,0.0,26.99,81.56,3.64,133.6,97.68,2.14
2020092303,0.0,0.0,0.0,26.59,83.9,3.32,134.8,97.69,0.72
2020092304,0.0,0.0,0.0,26.27,85.88,3.0,134.5,97.71,0.2
2020092305,0.0,0.0,0.0,26.01,87.56,2.62,132.5,97.75,0.07
2020092306,84.85,61.44,73.58,26.71,84.46,3.05,130.5,97.81,0.24
2020092307,230.32,199.96,156.15,29.09,72.42,3.45,137.3,97.87,1.2
2020092308,397.05,351.99,193.04,31.13,63.03,2.95,128.4,97.92,0.39
2020092309,551.7,358.03,260.16,32.69,56.82,2.69,117.2,97.94,0.24
2020092310,695.22,441.71,297.48,34.0,52.18,2.51,113.2,97.91,0.25
2020092311,695.47,347.21,358.89,34.98,48.75,2.22,112.5,97.85,0.39
2020092312,612.9,453.33,213.58,35.64,46.35,1.88,110.6,97.75,0.32
2020092313,646.53,466.78,259.84,35.75,45.34,1.55,110.0,97.64,0.25
2020092314,504.7,410.44,220.76,35.55,45.2,1.48,111.9,97.56,0.16
2020092315,320.83,305.54,168.05,34.96,46.08,1.6,111.3,97.54,0.09
2020092316,146.98,164.9,101.35,34.16,48.53,1.77,116.9,97.57,0.02
2020092317,17.27,3.91,19.9,32.88,54.4,1.48,124.0,97.61,0.0
2020092318,0.0,0.0,0.0,31.56,59.67,1.56,133.4,97.67,0.0
2020092319,0.0,0.0,0.0,30.92,61.24,1.64,142.9,97.75,0.0
2020092320,0.0,0.0,0.0,30.28,63.03,1.88,152.8,97.82,0.0
2020092321,0.0,0.0,0.0,29.61,65.53,2.71,158.1,97.85,0.0
2020092322,0.0,0.0,0.0,28.8,70.07,2.89,159.6,97.87,0.0
2020092323,0.0,0.0,0.0,28.2,74.36,2.98,160.4,97.85,0.0
2020092400,0.0,0.0,0.0,27.86,77.55,3.05,159.7,97.83,0.0
2020092401,0.0,0.0,0.0,27.6,80.14,2.93,156.1,97.82,0.0
2020092402,0.0,0.0,0.0,27.39,81.92,2.59,149.7,97.81,0.0
2020092403,0.0,0.0,0.0,27.19,83.46,2.18,145.7,97.83,0.0
2020092404,0.0,0.0,0.0,26.58,86.87,1.52,150.9,97.85,0.0
2020092405,0.0,0.0,0.0,26.17,89.4,1.45,157.7,97.89,0.0
2020092406,70.38,31.63,60.16,27.3,83.95,1.63,163.2,97.94,0.0
2020092407,203.05,156.73,141.98,30.08,67.73,0.48,208.7,97.98,0.04
2020092408,384.42,268.8,209.71,32.84,53.19,1.83,348.0,98.01,0.38
2020092409,603.75,459.34,235.86,34.41,46.18,2.6,345.3,98.01,0.04
2020092410,709.42,458.36,299.92,35.62,41.56,2.96,338.4,97.99,0.03
2020092411,756.4,466.0,305.81,36.52,37.95,3.22,332.0,97.96,0.0
2020092412,710.83,415.61,321.04,37.11,35.53,3.48,325.3,97.9,0.0
2020092413,584.28,300.93,299.86,37.25,33.95,3.87,319.9,97.83,0.0
2020092414,499.25,372.78,224.65,37.09,33.14,4.27,318.3,97.76,0.0
2020092415,298.85,270.15,158.97,36.39,33.53,4.45,318.6,97.72,0.0
2020092416,135.02,125.67,96.93,34.99,36.68,4.08,321.0,97.73,0.0
2020092417,14.8,2.66,16.57,32.18,47.19,2.45,326.5,97.78,0.0
2020092418,0.0,0.0,0.0,30.3,53.44,2.09,335.8,97.85,0.0
2020092419,0.0,0.0,0.0,30.18,53.45,1.49,346.1,97.92,0.0
2020092420,0.0,0.0,0.0,30.15,52.53,1.0,341.9,97.98,0.0
2020092421,0.0,0.0,0.0,29.58,53.28,1.08,313.1,98.0,0.0
2020092422,0.0,0.0,0.0,28.46,56.4,1.63,297.8,97.99,0.0
2020092423,0.0,0.0,0.0,27.21,59.59,2.24,296.2,97.97,0.0
2020092500,0.0,0.0,0.0,26.5,60.59,2.63,297.8,97.95,0.47
2020092501,0.0,0.0,0.0,25.95,62.29,2.86,299.1,97.91,0.47
2020092502,0.0,0.0,0.0,25.34,65.09,2.86,298.6,97.88,0.47
2020092503,0.0,0.0,0.0,24.71,68.32,2.68,296.6,97.86,0.0
2020092504,0.0,0.0,0.0,24.17,70.77,2.53,293.8,97.87,0.0
2020092505,0.0,0.0,0.0,23.74,72.8,2.45,289.8,97.9,0.0
2020092506,91.35,116.88,70.47,25.2,68.18,2.62,286.4,97.93,0.0
2020092507,265.2,298.15,142.23,27.74,58.9,3.08,284.3,97.98,0.0
2020092508,476.55,479.62,178.35,31.72,45.7,3.2,288.4,98.01,0.0
2020092509,658.33,605.93,191.0,35.21,32.12,4.45,299.8,98.0,0.0
2020092510,780.67,675.3,202.23,36.57,28.6,4.77,303.3,97.97,0.0
2020092511,820.7,648.16,235.13,37.3,27.15,5.05,306.1,97.9,0.0
2020092512,787.12,585.71,255.2,37.76,26.32,5.35,307.1,97.82,0.0
2020092513,705.25,605.58,216.2,37.91,25.43,5.59,307.3,97.76,0.0
2020092514,555.7,546.5,185.48,37.56,25.35,5.72,309.4,97.69,0.0
2020092515,349.73,400.13,151.78,36.74,26.22,5.56,312.2,97.66,0.0
2020092516,149.4,183.43,98.11,35.16,30.38,4.36,314.0,97.67,0.0
2020092517,15.73,4.78,18.08,31.51,43.53,2.52,315.6,97.7,0.0
2020092518,0.0,0.0,0.0,29.87,46.76,2.26,316.6,97.73,0.0
2020092519,0.0,0.0,0.0,30.25,43.58,1.59,317.8,97.78,0.0
2020092520,0.0,0.0,0.0,30.19,42.01,1.08,318.4,97.82,0.0
2020092521,0.0,0.0,0.0,30.16,41.37,0.91,315.4,97.83,0.0
2020092522,0.0,0.0,0.0,29.45,43.31,0.91,314.1,97.83,0.0
2020092523,0.0,0.0,0.0,28.31,46.94,1.05,317.3,97.8,0.0
2020092600,0.0,0.0,0.0,27.1,51.62,1.3,318.4,97.78,0.0
2020092601,0.0,0.0,0.0,25.94,56.88,1.65,315.7,97.78,0.0
2020092602,0.0,0.0,0.0,24.88,61.32,1.94,312.1,97.77,0.0
2020092603,0.0,0.0,0.0,24.4,63.61,2.07,311.5,97.77,0.0
2020092604,0.0,0.0,0.0,24.35,64.58,2.09,312.1,97.8,0.0
2020092605,0.0,0.0,0.0,24.6,64.71,2.02,313.8,97.86,0.0
2020092606,96.0,138.18,67.34,25.82,61.99,1.92,315.6,97.93,0.0
2020092607,273.48,348.45,137.53,27.76,54.28,2.56,318.5,98.01,0.0
2020092608,466.25,465.04,182.49,30.37,46.1,2.37,311.8,98.07,0.0
2020092609,614.75,553.07,193.56,33.92,33.71,3.0,300.0,98.09,0.0
2020092610,744.5,637.7,205.96,35.65,29.18,3.32,297.4,98.05,0.0
2020092611,586.83,266.78,309.87,36.63,27.63,3.48,298.1,97.99,0.0
2020092612,528.83,320.35,259.37,36.94,27.0,3.35,300.7,97.91,0.0
2020092613,406.23,334.38,191.11,36.88,26.92,3.08,303.9,97.83,0.0
2020092614,307.42,154.85,188.18,36.56,27.07,2.88,304.5,97.77,0.0
2020092615,206.9,117.18,146.73,35.94,27.74,2.83,303.0,97.74,0.0
2020092616,104.22,35.24,87.81,34.76,30.25,2.62,302.4,97.76,0.0
2020092617,11.75,0.0,14.11,31.53,44.3,1.96,305.5,97.81,0.0
2020092618,0.0,0.0,0.0,29.48,49.83,2.15,312.2,97.86,0.0
2020092619,0.0,0.0,0.0,28.63,51.71,2.08,323.0,97.92,0.0
2020092620,0.0,0.0,0.0,27.8,53.46,2.06,344.8,97.96,0.0
2020092621,0.0,0.0,0.0,26.85,55.21,2.28,11.1,97.99,0.0
2020092622,0.0,0.0,0.0,25.99,56.76,2.34,30.5,98.01,0.0
2020092623,0.0,0.0,0.0,25.16,58.53,2.21,47.9,98.05,0.0
2020092700,0.0,0.0,0.0,24.57,59.74,2.05,62.7,98.08,0.0
2020092701,0.0,0.0,0.0,24.02,60.44,1.95,70.5,98.07,0.0
2020092702,0.0,0.0,0.0,23.62,61.6,1.63,77.9,98.09,0.0
2020092703,0.0,0.0,0.0,23.83,60.36,0.91,93.1,98.09,0.0
2020092704,0.0,0.0,0.0,23.84,64.38,0.43,234.5,98.11,0.0
2020092705,0.0,0.0,0.0,23.0,64.0,1.48,264.2,98.15,0.0
2020092706,79.43,37.71,69.87,23.97,60.71,2.42,275.2,98.21,0.0
2020092707,241.12,204.22,150.25,26.01,55.42,3.15,283.8,98.28,0.0
2020092708,438.77,336.22,218.17,29.78,43.87,3.29,296.3,98.33,0.0
2020092709,610.92,443.74,262.07,32.5,36.82,3.31,313.5,98.34,0.0
2020092710,739.12,519.39,268.01,34.41,33.05,2.89,324.7,98.31,0.0
2020092711,821.45,641.47,228.45,35.8,30.3,2.22,332.0,98.25,0.0
2020092712,800.97,639.44,227.78,36.76,28.44,1.65,334.5,98.15,0.0
2020092713,705.92,598.41,221.4,37.25,27.41,1.4,328.1,98.04,0.0
2020092714,551.9,527.13,197.39,37.27,26.92,1.56,321.5,97.95,0.0
2020092715,351.77,379.54,170.75,36.74,27.32,2.01,319.4,97.91,0.0
2020092716,150.8,164.96,106.09,35.53,29.81,2.32,321.3,97.91,0.0
2020092717,14.9,2.31,17.6,32.0,44.07,2.09,328.5,97.93,0.0
2020092718,0.0,0.0,0.0,29.77,48.29,2.49,337.9,97.98,0.0
2020092719,0.0,0.0,0.0,28.77,49.79,2.51,347.6,98.05,0.0
2020092720,0.0,0.0,0.0,27.94,51.37,2.35,357.3,98.11,0.0
2020092721,0.0,0.0,0.0,27.34,52.24,2.08,6.6,98.14,0.0
2020092722,0.0,0.0,0.0,27.06,51.98,1.71,14.2,98.16,0.0
2020092723,0.0,0.0,0.0,26.9,51.29,1.27,17.0,98.17,0.0
2020092800,0.0,0.0,0.0,26.52,51.93,0.85,3.4,98.19,0.0
2020092801,0.0,0.0,0.0,25.91,53.65,0.83,326.3,98.19,0.0
2020092802,0.0,0.0,0.0,24.92,56.41,1.15,302.6,98.19,0.0
2020092803,0.0,0.0,0.0,24.17,58.54,1.48,297.4,98.21,0.0
2020092804,0.0,0.0,0.0,23.55,60.03,1.66,298.4,98.25,0.0
2020092805,0.0,0.0,0.0,23.1,60.85,1.73,298.6,98.31,0.0
2020092806,96.88,150.34,68.46,24.07,60.55,1.62,297.2,98.38,0.0
2020092807,285.7,373.04,137.6,26.62,49.79,1.79,293.0,98.46,0.0
2020092808,490.58,524.88,176.81,30.94,37.49,2.03,301.9,98.49,0.0
2020092809,662.9,616.93,193.08,34.29,29.2,3.17,316.8,98.48,0.0
2020092810,777.5,663.19,207.71,35.83,26.41,3.85,320.5,98.44,0.0
2020092811,822.7,663.81,216.53,36.78,24.92,4.52,321.6,98.36,0.0
2020092812,798.72,646.53,230.52,37.37,23.99,5.16,321.5,98.26,0.0
2020092813,704.3,613.99,211.2,37.51,23.63,5.63,320.9,98.15,0.0
2020092814,548.17,531.53,192.54,37.15,24.3,5.75,321.2,98.08,0.0
2020092815,350.83,402.05,150.45,36.22,25.69,5.46,321.8,98.05,0.0
2020092816,152.55,217.48,89.28,34.63,29.23,4.46,322.6,98.05,0.0
2020092817,13.65,2.06,14.64,30.86,41.94,2.61,327.0,98.09,0.0
2020092818,0.0,0.0,0.0,28.79,46.99,2.54,333.6,98.15,0.0
2020092819,0.0,0.0,0.0,28.31,47.46,2.19,340.5,98.22,0.0
2020092820,0.0,0.0,0.0,27.94,47.28,1.92,343.4,98.26,0.0
2020092821,0.0,0.0,0.0,27.31,48.11,1.8,339.1,98.26,0.0
2020092822,0.0,0.0,0.0,26.33,50.45,1.85,331.6,98.25,0.0
2020092823,0.0,0.0,0.0,25.04,54.05,2.09,327.5,98.21,0.0
2020092900,0.0,0.0,0.0,23.86,57.2,2.35,327.3,98.18,0.0
2020092901,0.0,0.0,0.0,23.02,59.22,2.51,329.3,98.15,0.0
2020092902,0.0,0.0,0.0,22.41,60.63,2.49,331.2,98.13,0.0
2020092903,0.0,0.0,0.0,21.9,61.78,2.43,331.5,98.15,0.0
2020092904,0.0,0.0,0.0,21.42,62.92,2.39,331.0,98.19,0.0
2020092905,0.0,0.0,0.0,21.02,64.09,2.31,328.4,98.25,0.0
2020092906,88.65,73.28,74.44,22.3,61.39,2.24,323.3,98.33,0.0
2020092907,271.7,291.29,153.59,24.79,52.73,2.76,315.1,98.41,0.0
2020092908,476.83,456.72,205.91,28.32,44.72,2.41,304.9,98.47,0.0
2020092909,652.5,555.15,233.1,33.42,30.95,4.76,319.3,98.47,0.0
2020092910,774.72,631.55,227.44,35.34,27.91,5.57,318.5,98.4,0.0
2020092911,812.53,608.53,246.21,36.51,26.25,6.11,317.3,98.32,0.0
2020092912,787.83,589.18,266.18,37.17,25.27,6.56,316.8,98.2,0.0
2020092913,679.7,520.58,248.42,37.34,24.91,6.83,316.8,98.09,0.0
2020092914,537.38,477.08,212.71,37.05,24.76,6.83,317.8,98.0,0.0
2020092915,341.95,361.74,159.41,36.18,25.34,6.44,319.0,97.97,0.0
2020092916,147.6,190.84,90.75,34.55,28.52,5.15,319.9,97.97,0.0
2020092917,12.73,0.92,14.04,30.55,40.91,2.91,320.0,98.0,0.0
2020092918,0.0,0.0,0.0,28.23,47.23,2.84,319.9,98.04,0.0
2020092919,0.0,0.0,0.0,27.32,49.93,2.65,319.6,98.11,0.0
2020092920,0.0,0.0,0.0,26.45,52.07,2.63,319.5,98.13,0.0
2020092921,0.0,0.0,0.0,25.6,54.0,2.73,319.3,98.13,0.0
2020092922,0.0,0.0,0.0,24.81,55.74,2.81,321.5,98.11,0.0
2020092923,0.0,0.0,0.0,24.07,57.26,2.83,324.6,98.09,0.0
2020093000,0.0,0.0,0.0,23.36,58.57,2.83,325.8,98.08,0.0
2020093001,0.0,0.0,0.0,22.68,59.77,2.78,324.4,98.07,0.0
2020093002,0.0,0.0,0.0,22.06,61.07,2.65,319.8,98.06,0.0
2020093003,0.0,0.0,0.0,21.47,62.64,2.53,313.6,98.06,0.0
2020093004,0.0,0.0,0.0,20.96,64.33,2.48,308.4,98.07,0.0
2020093005,0.0,0.0,0.0,20.49,66.58,2.45,303.2,98.12,0.0
2020093006,89.5,97.15,66.92,21.73,63.06,2.97,299.0,98.2,0.0
2020093007,278.02,325.18,144.39,24.15,55.81,3.06,293.9,98.29,0.0
2020093008,482.83,491.14,183.44,28.35,43.91,2.98,294.8,98.36,0.0
2020093009,655.42,582.77,209.27,32.86,30.9,5.33,311.6,98.36,0.0
2020093010,772.35,630.51,229.51,34.61,27.99,5.85,312.4,98.32,0.0
2020093011,837.12,713.51,202.62,35.83,26.08,6.27,313.3,98.22,0.0
2020093012,813.03,708.27,199.32,36.63,24.76,6.6,314.6,98.11,0.0
2020093013,718.65,670.92,192.33,36.97,24.15,6.8,316.1,97.99,0.0
2020093014,562.38,598.88,172.59,36.69,24.35,6.81,318.2,97.9,0.0
2020093015,362.88,467.64,146.65,35.86,25.18,6.55,320.9,97.86,0.0
2020093016,155.8,281.54,82.16,34.29,28.3,5.29,323.7,97.86,0.0
2020093017,12.5,3.79,13.31,30.16,41.5,2.84,326.9,97.89,0.0
2020093018,0.0,0.0,0.0,27.89,47.47,2.77,329.2,97.94,0.0
2020093019,0.0,0.0,0.0,26.98,49.75,2.62,330.2,98.01,0.0
2020093020,0.0,0.0,0.0,26.06,51.82,2.58,328.8,98.07,0.0
2020093021,0.0,0.0,0.0,25.08,54.02,2.65,327.3,98.11,0.0
2020093022,0.0,0.0,0.0,24.18,56.08,2.64,327.4,98.12,0.0
2020093023,0.0,0.0,0.0,23.31,58.12,2.59,328.6,98.12,0.0
2020100100,0.0,0.0,0.0,22.53,59.89,2.56,330.0,98.11,0.0
2020100101,0.0,0.0,0.0,21.91,61.3,2.51,329.7,98.09,0.0
2020100102,0.0,0.0,0.0,21.37,62.54,2.42,326.3,98.07,0.0
2020100103,0.0,0.0,0.0,20.97,63.52,2.35,319.0,98.04,0.0
2020100104,0.0,0.0,0.0,20.63,64.41,2.35,308.8,98.04,0.0
2020100105,0.0,0.0,0.0,20.37,65.22,2.42,296.8,98.08,0.0
2020100106,95.35,157.16,66.44,21.82,60.77,2.71,286.3,98.13,0.0
2020100107,290.15,409.46,130.56,24.78,50.96,3.68,278.7,98.22,0.0
2020100108,496.38,560.1,165.01,28.53,41.61,3.36,275.6,98.27,0.0
2020100109,667.8,645.25,185.1,33.14,28.36,4.98,298.0,98.26,0.0
2020100110,784.38,689.48,202.67,35.11,24.49,5.42,307.2,98.21,0.0
2020100111,813.08,641.97,233.21,36.33,22.36,5.72,312.3,98.13,0.0
2020100112,791.58,645.49,225.19,37.16,21.03,6.0,315.2,98.02,0.0
2020100113,699.75,613.01,211.55,37.49,20.44,6.22,316.4,97.91,0.0
2020100114,542.42,541.5,189.36,37.29,20.33,6.23,318.8,97.84,0.0
2020100115,345.33,414.81,149.94,36.47,20.72,5.95,322.9,97.82,0.0
2020100116,143.95,221.72,86.34,34.58,24.9,4.17,328.5,97.85,0.0
2020100117,11.05,1.46,12.46,29.99,38.75,2.77,342.2,97.88,0.0
2020100118,0.0,0.0,0.0,28.22,41.62,2.6,2.2,97.94,0.0
2020100119,0.0,0.0,0.0,27.66,41.94,2.31,28.1,98.01,0.0
2020100120,0.0,0.0,0.0,26.98,42.57,2.19,48.5,98.06,0.0
2020100121,0.0,0.0,0.0,26.54,42.17,1.97,60.8,98.07,0.0
2020100122,0.0,0.0,0.0,26.38,41.47,1.55,70.0,98.06,0.0
2020100123,0.0,0.0,0.0,26.52,40.36,0.83,71.1,98.04,0.0
2020100200,0.0,0.0,0.0,26.14,42.1,0.45,317.7,98.03,0.0
2020100201,0.0,0.0,0.0,24.12,48.14,1.44,295.5,98.01,0.0
2020100202,0.0,0.0,0.0,22.46,53.5,2.11,293.8,98.0,0.0
2020100203,0.0,0.0,0.0,21.55,56.01,2.4,294.1,98.0,0.0
2020100204,0.0,0.0,0.0,21.07,57.14,2.46,295.7,98.04,0.0
2020100205,0.0,0.0,0.0,20.74,57.78,2.46,296.4,98.1,0.0
2020100206,90.28,111.81,67.88,21.89,56.73,2.15,294.2,98.16,0.0
2020100207,285.05,358.15,139.26,25.37,43.86,2.79,289.7,98.23,0.0
2020100208,494.5,554.16,179.46,28.42,37.98,2.12,280.3,98.29,0.0
2020100209,670.03,633.75,202.03,33.32,24.67,2.66,302.3,98.3,0.0
2020100210,788.4,677.42,222.75,35.39,21.68,2.96,305.2,98.27,0.0
2020100211,845.3,734.48,207.36,36.58,20.61,3.1,301.7,98.23,0.0
2020100212,818.6,739.18,193.68,37.37,19.82,3.37,299.3,98.14,0.0
2020100213,718.65,687.57,190.18,37.73,19.13,3.69,298.2,98.05,0.0
2020100214,558.7,619.37,165.52,37.55,19.02,3.9,300.5,97.99,0.0
2020100215,355.35,471.17,137.86,36.65,20.12,3.98,304.2,97.97,0.0
2020100216,143.88,234.78,82.71,34.62,25.61,3.06,307.7,97.99,0.0
2020100217,10.43,2.37,12.01,30.14,40.62,2.57,312.3,98.02,0.0
2020100218,0.0,0.0,0.0,28.24,43.58,2.67,316.4,98.08,0.0
2020100219,0.0,0.0,0.0,27.61,44.52,2.43,319.3,98.15,0.0
2020100220,0.0,0.0,0.0,27.22,44.45,2.16,318.9,98.19,0.0
2020100221,0.0,0.0,0.0,26.77,44.41,2.02,315.2,98.21,0.0
2020100222,0.0,0.0,0.0,26.04,45.29,2.04,309.2,98.2,0.0
2020100223,0.0,0.0,0.0,24.97,47.27,2.24,304.6,98.19,0.0
2020100300,0.0,0.0,0.0,23.79,49.56,2.49,302.9,98.18,0.0
2020100301,0.0,0.0,0.0,22.73,51.07,2.72,302.7,98.15,0.0
2020100302,0.0,0.0,0.0,21.88,52.23,2.8,301.2,98.13,0.0
2020100303,0.0,0.0,0.0,21.17,53.37,2.77,299.0,98.13,0.0
2020100304,0.0,0.0,0.0,20.59,54.41,2.7,296.8,98.14,0.0
2020100305,0.0,0.0,0.0,20.14,55.31,2.6,293.8,98.19,0.0
2020100306,93.62,162.74,60.69,21.24,54.26,2.22,290.3,98.25,0.0
2020100307,289.98,420.42,125.45,24.59,41.9,2.89,285.2,98.33,0.0
2020100308,498.25,582.66,161.13,27.9,36.31,2.3,280.8,98.38,0.0
2020100309,670.75,673.22,173.76,33.24,25.6,2.81,307.2,98.39,0.0
2020100310,789.45,725.06,187.48,35.31,21.11,3.17,311.4,98.35,0.0
2020100311,817.38,681.55,212.75,36.36,18.8,3.53,312.8,98.28,0.0
2020100312,792.78,674.47,212.09,37.02,17.5,3.88,314.5,98.2,0.0
2020100313,697.0,633.83,199.6,37.26,16.74,4.17,316.1,98.12,0.0
2020100314,540.25,560.34,183.15,36.91,16.7,4.37,316.9,98.06,0.0
2020100315,340.92,426.91,149.49,35.84,17.84,4.4,316.3,98.05,0.0
2020100316,138.38,224.5,84.54,33.66,23.25,3.3,316.1,98.08,0.0
2020100317,9.23,1.33,11.89,29.04,37.74,2.67,317.3,98.13,0.0
2020100318,0.0,0.0,0.0,27.06,40.82,2.74,319.7,98.2,0.0
2020100319,0.0,0.0,0.0,26.4,41.6,2.46,321.3,98.27,0.0
2020100320,0.0,0.0,0.0,26.15,40.68,2.14,318.8,98.32,0.0
2020100321,0.0,0.0,0.0,26.01,39.03,1.89,310.7,98.35,0.0
2020100322,0.0,0.0,0.0,25.57,38.2,1.84,301.2,98.35,0.0
2020100323,0.0,0.0,0.0,24.77,39.96,1.95,297.1,98.34,0.0
2020100400,0.0,0.0,0.0,23.73,42.73,2.18,298.2,98.32,0.0
2020100401,0.0,0.0,0.0,22.54,45.97,2.45,302.7,98.31,0.0
2020100402,0.0,0.0,0.0,21.56,48.37,2.59,307.0,98.3,0.0
2020100403,0.0,0.0,0.0,20.83,50.34,2.59,310.9,98.31,0.0
2020100404,0.0,0.0,0.0,20.25,51.99,2.49,314.0,98.34,0.0
2020100405,0.0,0.0,0.0,19.84,53.22,2.33,314.8,98.38,0.0
2020100406,92.85,179.51,61.64,20.72,53.82,1.93,312.1,98.44,0.0
2020100407,287.58,426.96,124.92,24.04,40.76,2.24,304.8,98.51,0.0
2020100408,496.4,579.48,162.4,27.27,34.67,1.74,296.3,98.55,0.0
2020100409,670.38,677.44,172.64,32.22,24.58,1.94,315.8,98.54,0.0
2020100410,787.92,727.22,185.3,34.28,20.96,2.49,316.3,98.5,0.0
2020100411,825.8,712.22,201.48,35.54,18.64,3.11,314.2,98.42,0.0
2020100412,801.9,702.08,208.36,36.3,17.13,3.61,314.1,98.32,0.0
2020100413,705.17,666.92,197.07,36.57,16.02,3.96,314.8,98.21,0.0
2020100414,547.88,594.24,173.93,36.26,15.74,4.25,315.7,98.14,0.0
2020100415,347.08,468.01,136.11,35.24,16.64,4.44,316.9,98.1,0.0
2020100416,140.2,249.33,80.59,33.12,21.5,3.52,318.1,98.11,0.0
2020100417,8.93,1.78,10.78,28.26,36.0,2.85,320.3,98.13,0.0
2020100418,0.0,0.0,0.0,26.1,39.81,3.03,324.5,98.17,0.0
2020100419,0.0,0.0,0.0,25.21,41.9,2.88,329.1,98.23,0.0
2020100420,0.0,0.0,0.0,24.64,43.01,2.66,330.3,98.27,0.0
2020100421,0.0,0.0,0.0,24.31,43.06,2.44,325.9,98.3,0.0
2020100422,0.0,0.0,0.0,23.92,43.34,2.32,318.0,98.3,0.0
2020100423,0.0,0.0,0.0,23.26,44.49,2.36,309.2,98.29,0.0
2020100500,0.0,0.0,0.0,22.3,46.68,2.53,302.7,98.27,0.0
2020100501,0.0,0.0,0.0,21.34,49.12,2.76,300.2,98.24,0.0
2020100502,0.0,0.0,0.0,20.6,51.27,2.9,301.2,98.23,0.0
2020100503,0.0,0.0,0.0,20.0,53.48,2.92,304.7,98.23,0.0
2020100504,0.0,0.0,0.0,19.47,55.42,2.88,309.9,98.25,0.0
2020100505,0.0,0.0,0.0,19.01,57.34,2.8,314.4,98.3,0.0
2020100506,95.28,200.9,57.42,20.23,55.95,2.43,316.2,98.35,0.0
2020100507,297.52,475.15,115.71,23.66,44.93,3.07,313.9,98.41,0.0
2020100508,510.27,639.86,147.04,27.15,38.71,2.57,309.3,98.45,0.0
2020100509,686.42,740.77,152.41,32.71,26.35,3.7,327.3,98.43,0.0
2020100510,803.05,786.2,162.29,35.06,21.8,4.04,325.0,98.38,0.0
2020100511,840.42,769.01,178.39,36.39,19.08,4.34,320.3,98.29,0.0
2020100512,815.15,759.62,180.64,37.26,17.22,4.76,317.2,98.18,0.0
2020100513,718.28,725.24,168.29,37.61,16.11,5.16,315.3,98.07,0.0
2020100514,558.67,646.98,158.39,37.4,15.65,5.31,315.1,98.0,0.0
2020100515,354.15,510.55,128.35,36.48,16.14,5.24,317.0,97.99,0.0
2020100516,141.7,275.85,78.78,34.21,21.08,3.75,318.5,98.01,0.0
2020100517,8.45,2.05,10.5,29.09,34.16,3.08,320.3,98.06,0.0
2020100518,0.0,0.0,0.0,26.98,37.3,3.21,325.4,98.12,0.0
2020100519,0.0,0.0,0.0,26.15,38.79,3.02,332.4,98.2,0.0
2020100520,0.0,0.0,0.0,25.56,39.56,2.79,338.6,98.25,0.0
2020100521,0.0,0.0,0.0,25.18,39.55,2.56,341.1,98.27,0.0
2020100522,0.0,0.0,0.0,24.68,39.88,2.41,340.6,98.25,0.0
2020100523,0.0,0.0,0.0,23.87,40.75,2.38,339.4,98.24,0.0
2020100600,0.0,0.0,0.0,22.76,43.46,2.45,338.2,98.22,0.0
2020100601,0.0,0.0,0.0,21.44,47.15,2.57,336.6,98.21,0.0
2020100602,0.0,0.0,0.0,20.28,50.38,2.72,334.9,98.2,0.0
2020100603,0.0,0.0,0.0,19.46,52.67,2.81,333.2,98.22,0.0
2020100604,0.0,0.0,0.0,18.87,54.23,2.86,329.5,98.26,0.0
2020100605,0.0,0.0,0.0,18.43,55.41,2.87,325.1,98.31,0.0
2020100606,93.07,184.73,60.9,19.53,53.56,2.59,320.3,98.38,0.0
2020100607,298.77,496.25,116.68,23.3,41.06,3.52,315.9,98.44,0.0
2020100608,512.3,667.3,141.2,26.53,35.19,2.64,308.4,98.49,0.0
2020100609,689.72,767.64,142.23,31.63,24.69,3.01,311.4,98.49,0.0
2020100610,810.95,823.53,147.32,35.03,17.7,4.19,319.0,98.45,0.0
2020100611,827.78,730.37,197.59,36.34,16.51,4.49,318.7,98.37,0.0
2020100612,800.62,720.6,196.42,37.13,15.77,4.75,318.4,98.28,0.0
2020100613,702.8,682.84,183.58,37.38,15.47,4.97,318.7,98.17,0.0
2020100614,541.15,597.88,171.59,37.19,15.5,5.15,320.3,98.11,0.0
2020100615,338.6,458.28,138.18,36.35,16.25,5.18,323.5,98.09,0.0
2020100616,129.93,206.76,80.99,33.98,22.14,3.59,328.1,98.11,0.0
2020100617,7.5,1.11,9.53,29.01,34.86,3.1,336.4,98.15,0.0
2020100618,0.0,0.0,0.0,27.04,37.99,3.15,345.7,98.21,0.0
2020100619,0.0,0.0,0.0,26.4,39.02,2.88,354.2,98.28,0.0
2020100620,0.0,0.0,0.0,26.36,37.9,2.46,359.3,98.32,0.0
2020100621,0.0,0.0,0.0,26.57,35.73,1.98,359.1,98.34,0.0
2020100622,0.0,0.0,0.0,26.39,33.8,1.64,352.7,98.36,0.0
2020100623,0.0,0.0,0.0,25.53,35.56,1.61,343.0,98.37,0.0
2020100700,0.0,0.0,0.0,24.02,40.08,1.86,337.2,98.38,0.0
2020100701,0.0,0.0,0.0,22.26,45.74,2.19,337.8,98.37,0.0
2020100702,0.0,0.0,0.0,20.88,49.9,2.38,342.4,98.37,0.0
2020100703,0.0,0.0,0.0,20.08,52.36,2.36,348.5,98.37,0.0
2020100704,0.0,0.0,0.0,19.69,53.38,2.2,355.0,98.4,0.0
2020100705,0.0,0.0,0.0,19.62,53.22,1.91,1.2,98.44,0.0
2020100706,87.75,159.94,62.29,20.44,54.02,1.41,6.1,98.51,0.0
2020100707,289.12,472.28,116.87,23.42,43.65,0.99,2.9,98.58,0.0
2020100708,501.12,623.12,152.37,26.54,36.99,0.55,313.5,98.65,0.0
2020100709,678.9,747.47,146.16,31.86,23.68,1.12,313.2,98.65,0.0
2020100710,792.65,792.02,159.19,35.31,15.84,2.39,322.7,98.63,0.0
2020100711,816.6,714.6,205.67,36.57,14.31,3.15,318.7,98.58,0.0
2020100712,793.17,713.42,197.14,37.28,13.66,3.79,318.5,98.5,0.0
2020100713,696.22,683.76,179.9,37.48,13.55,4.3,320.3,98.41,0.0
2020100714,539.08,615.05,157.24,37.12,14.08,4.81,322.8,98.34,0.0
2020100715,338.65,480.24,134.91,36.11,15.58,5.07,324.8,98.32,0.0
2020100716,131.65,248.15,78.68,33.67,21.82,3.67,326.6,98.31,0.0
2020100717,6.9,1.09,10.38,28.78,35.04,3.05,329.9,98.34,0.0
2020100718,0.0,0.0,0.0,26.78,38.91,3.14,334.7,98.38,0.0
2020100719,0.0,0.0,0.0,25.97,40.79,2.9,339.0,98.43,0.0
2020100720,0.0,0.0,0.0,25.63,40.97,2.51,341.4,98.49,0.0
2020100721,0.0,0.0,0.0,25.6,39.58,2.13,341.9,98.51,0.0
2020100722,0.0,0.0,0.0,25.28,38.44,1.9,341.3,98.52,0.0
2020100723,0.0,0.0,0.0,24.6,39.28,1.82,342.1,98.53,0.0
2020100800,0.0,0.0,0.0,23.78,41.37,1.79,345.7,98.54,0.0
2020100801,0.0,0.0,0.0,22.95,43.65,1.77,351.2,98.53,0.0
2020100802,0.0,0.0,0.0,22.1,45.96,1.85,354.4,98.51,0.0
2020100803,0.0,0.0,0.0,21.28,47.88,1.98,353.9,98.49,0.0
2020100804,0.0,0.0,0.0,20.6,49.48,2.07,351.7,98.51,0.0
2020100805,0.0,0.0,0.0,20.06,50.71,2.08,349.4,98.55,0.0
2020100806,83.88,154.75,54.05,20.4,52.7,1.92,347.3,98.6,0.0
2020100807,282.02,458.83,106.39,23.7,40.87,2.18,343.7,98.68,0.0
2020100808,489.48,623.92,140.46,26.64,35.55,1.6,334.4,98.74,0.0
2020100809,664.12,714.7,157.7,32.58,21.19,2.59,333.9,98.75,0.0
2020100810,784.65,769.89,164.01,34.9,17.71,3.25,335.8,98.74,0.0
2020100811,786.95,630.56,233.72,35.95,16.6,3.61,334.7,98.67,0.0
2020100812,762.22,631.4,224.68,36.59,15.99,3.98,334.5,98.57,0.0
2020100813,667.7,595.23,210.37,36.78,15.91,4.24,335.2,98.47,0.0
2020100814,510.17,524.81,184.0,36.42,16.34,4.46,336.3,98.39,0.0
2020100815,315.48,390.97,144.14,35.53,17.26,4.54,337.2,98.34,0.0
2020100816,119.03,178.54,78.93,33.17,23.65,3.16,336.7,98.32,0.0
2020100817,5.82,0.0,8.57,28.37,36.69,2.93,336.1,98.34,0.0
2020100818,0.0,0.0,0.0,26.35,39.91,3.11,338.1,98.39,0.0
2020100819,0.0,0.0,0.0,25.37,41.79,2.99,341.9,98.45,0.0
2020100820,0.0,0.0,0.0,24.74,42.75,2.73,344.5,98.49,0.0
2020100821,0.0,0.0,0.0,24.65,41.88,2.35,345.4,98.51,0.0
2020100822,0.0,0.0,0.0,24.76,40.15,1.95,343.0,98.52,0.0
2020100823,0.0,0.0,0.0,24.61,39.25,1.68,334.2,98.52,0.0
2020100900,0.0,0.0,0.0,24.04,40.56,1.59,320.1,98.53,0.0
2020100901,0.0,0.0,0.0,23.08,43.37,1.75,306.4,98.54,0.0
2020100902,0.0,0.0,0.0,22.02,46.2,1.96,299.7,98.53,0.0
2020100903,0.0,0.0,0.0,21.16,48.38,2.05,298.8,98.54,0.0
2020100904,0.0,0.0,0.0,20.63,49.61,2.01,300.8,98.57,0.0
2020100905,0.0,0.0,0.0,20.35,49.97,1.85,306.0,98.6,0.0
2020100906,74.97,76.44,59.75,20.79,51.15,1.53,315.0,98.66,0.0
2020100907,262.4,340.0,134.91,23.58,40.92,1.34,329.4,98.72,0.0
2020100908,465.4,495.9,186.3,26.46,35.53,0.55,354.8,98.78,0.0
2020100909,635.67,592.19,207.98,31.64,24.62,0.46,7.4,98.81,0.0
2020100910,750.15,652.53,225.18,34.61,19.69,1.21,10.9,98.77,0.0
2020100911,768.8,585.9,260.49,35.76,18.57,1.66,7.3,98.68,0.0
2020100912,738.2,557.98,268.67,36.43,18.06,2.08,3.3,98.57,0.0
2020100913,646.45,559.11,217.92,36.64,18.09,2.38,0.5,98.46,0.0
2020100914,490.38,479.91,186.79,36.36,18.46,2.62,353.4,98.37,0.0
2020100915,298.52,345.46,150.0,35.56,19.17,2.81,345.6,98.33,0.0
2020100916,109.12,143.0,73.99,33.46,27.45,2.0,338.3,98.33,0.0
2020100917,5.03,0.0,7.46,29.29,39.28,2.35,330.2,98.35,0.0
2020100918,0.0,0.0,0.0,27.3,41.45,2.74,328.0,98.39,0.0
2020100919,0.0,0.0,0.0,26.14,43.75,2.93,329.2,98.45,0.0
2020100920,0.0,0.0,0.0,25.23,45.47,3.02,333.0,98.49,0.0
2020100921,0.0,0.0,0.0,24.5,46.68,3.03,337.1,98.49,0.0
2020100922,0.0,0.0,0.0,23.9,47.59,2.99,340.2,98.47,0.0
2020100923,0.0,0.0,0.0,23.39,48.3,2.9,342.6,98.46,0.0
2020101000,0.0,0.0,0.0,22.92,49.02,2.8,344.5,98.44,0.0
2020101001,0.0,0.0,0.0,22.44,49.88,2.72,344.9,98.42,0.0
2020101002,0.0,0.0,0.0,22.01,50.84,2.58,343.1,98.42,0.0
2020101003,0.0,0.0,0.0,21.64,51.77,2.44,338.1,98.43,0.0
2020101004,0.0,0.0,0.0,21.21,53.11,2.36,331.7,98.46,0.0
2020101005,0.0,0.0,0.0,20.75,54.65,2.33,324.6,98.5,0.0
2020101006,74.9,110.6,51.56,21.28,55.09,2.18,319.1,98.55,0.0
2020101007,253.62,328.97,127.75,24.76,43.55,2.94,316.5,98.6,0.0
2020101008,453.33,492.24,173.24,27.79,37.94,2.48,312.7,98.63,0.0
2020101009,622.38,595.72,193.6,32.55,27.86,3.22,326.0,98.63,0.0
2020101010,735.78,641.07,209.1,34.57,23.67,3.71,330.9,98.58,0.0
2020101011,753.72,577.95,250.87,35.5,22.04,3.84,329.5,98.51,0.0
2020101012,727.75,573.17,236.84,36.09,21.07,3.98,327.4,98.41,0.0
2020101013,630.42,526.63,221.92,36.25,20.48,4.08,325.4,98.3,0.0
2020101014,480.12,459.37,198.7,35.89,20.63,4.27,324.0,98.22,0.0
2020101015,290.23,332.24,151.2,34.92,21.95,4.44,323.3,98.18,0.0
2020101016,105.93,142.66,70.41,32.97,26.8,3.48,322.1,98.17,0.0
2020101017,4.47,0.0,6.61,28.68,40.98,2.63,320.6,98.19,0.0
2020101018,0.0,0.0,0.0,26.94,44.86,2.7,320.1,98.25,0.0
2020101019,0.0,0.0,0.0,26.15,46.71,2.52,320.3,98.32,0.0
2020101020,0.0,0.0,0.0,25.55,47.61,2.38,319.9,98.36,0.0
2020101021,0.0,0.0,0.0,25.07,48.0,2.27,317.0,98.36,0.0
2020101022,0.0,0.0,0.0,24.57,48.59,2.21,312.1,98.34,0.0
2020101023,0.0,0.0,0.0,23.8,50.29,2.26,306.9,98.31,0.0
2020101100,0.0,0.0,0.0,22.77,52.94,2.46,305.2,98.29,0.0
2020101101,0.0,0.0,0.0,21.84,55.22,2.68,306.1,98.25,0.0
2020101102,0.0,0.0,0.0,21.14,56.94,2.76,307.8,98.22,0.0
2020101103,0.0,0.0,0.0,20.49,58.69,2.72,311.4,98.24,0.0
2020101104,0.0,0.0,0.0,19.93,60.3,2.68,316.4,98.25,0.0
2020101105,0.0,0.0,0.0,19.45,61.95,2.64,321.9,98.3,0.0
2020101106,73.38,101.54,52.06,20.27,60.43,2.47,327.4,98.36,0.0
2020101107,256.98,359.95,128.07,23.4,50.87,3.26,332.4,98.43,0.0
2020101108,459.23,508.94,174.57,26.82,43.24,2.33,331.6,98.46,0.0
2020101109,634.38,576.83,222.71,32.1,27.63,3.21,340.3,98.44,0.0
2020101110,750.12,669.13,213.06,34.24,21.97,3.17,337.4,98.39,0.0
2020101111,716.7,472.64,304.78,35.51,19.3,3.37,332.8,98.31,0.0
2020101112,673.55,427.61,364.13,36.38,17.5,3.65,331.3,98.2,0.0
2020101113,583.65,352.27,309.02,36.79,16.54,3.78,331.2,98.09,0.0
2020101114,443.8,294.47,249.6,36.51,16.5,3.83,331.8,98.01,0.0
2020101115,264.75,197.16,176.55,35.56,17.62,3.74,332.1,97.98,0.0
2020101116,92.72,58.09,76.48,33.11,26.88,2.31,330.7,97.98,0.0
2020101117,3.92,0.0,6.09,29.01,38.27,2.45,326.0,98.02,0.0
2020101118,0.0,0.0,0.0,27.48,39.56,2.51,322.9,98.07,0.0
2020101119,0.0,0.0,0.0,26.76,40.27,2.4,319.6,98.13,0.0
2020101120,0.0,0.0,0.0,26.13,40.71,2.35,320.4,98.17,0.0
2020101121,0.0,0.0,0.0,25.53,41.04,2.35,324.9,98.18,0.0
2020101122,0.0,0.0,0.0,24.92,41.26,2.35,331.0,98.16,0.0
2020101123,0.0,0.0,0.0,24.16,42.19,2.42,338.4,98.14,0.0
2020101200,0.0,0.0,0.0,23.13,44.55,2.58,346.6,98.13,0.0
2020101201,0.0,0.0,0.0,22.09,47.03,2.77,353.0,98.11,0.0
2020101202,0.0,0.0,0.0,21.35,49.63,2.74,354.8,98.08,0.0
2020101203,0.0,0.0,0.0,20.9,51.52,2.5,351.3,98.09,0.0
2020101204,0.0,0.0,0.0,20.7,52.5,2.22,343.0,98.12,0.0
2020101205,0.0,0.0,0.0,20.59,52.82,1.99,332.5,98.17,0.0
2020101206,70.28,89.53,50.68,21.11,53.68,1.75,322.0,98.22,0.0
2020101207,244.77,296.99,131.18,24.31,42.18,1.86,311.7,98.28,0.0
2020101208,444.12,464.61,180.21,27.22,36.2,1.31,299.7,98.32,0.0
2020101209,615.0,576.12,192.21,32.31,25.05,0.98,334.0,98.32,0.0
2020101210,732.65,621.41,226.52,34.55,20.86,1.49,359.6,98.27,0.0
2020101211,719.25,486.75,281.28,35.34,19.73,1.57,359.3,98.18,0.0
2020101212,695.2,482.98,269.82,35.89,19.07,1.53,354.0,98.07,0.0
2020101213,596.47,434.79,253.52,36.09,18.71,1.47,346.2,97.97,0.0
2020101214,447.1,367.95,203.61,35.94,18.64,1.6,337.9,97.89,0.0
2020101215,260.2,232.56,156.43,35.28,19.21,1.81,332.7,97.87,0.0
2020101216,99.88,134.86,70.37,33.39,26.95,1.52,329.2,97.88,0.0
2020101217,3.35,0.0,4.99,29.95,36.66,1.95,327.1,97.92,0.0
2020101218,0.0,0.0,0.0,28.35,36.72,2.26,330.0,97.98,0.0
2020101219,0.0,0.0,0.0,27.23,38.59,2.43,334.9,98.05,0.0
2020101220,0.0,0.0,0.0,26.34,39.86,2.49,338.8,98.1,0.0
2020101221,0.0,0.0,0.0,25.6,40.85,2.49,342.0,98.12,0.0
2020101222,0.0,0.0,0.0,24.87,42.56,2.53,344.9,98.12,0.0
2020101223,0.0,0.0,0.0,24.12,44.51,2.59,348.2,98.11,0.0
2020101300,0.0,0.0,0.0,23.41,46.56,2.67,351.8,98.1,0.0
2020101301,0.0,0.0,0.0,22.72,48.99,2.73,355.8,98.1,0.0
2020101302,0.0,0.0,0.0,22.19,51.58,2.64,1.1,98.09,0.0
2020101303,0.0,0.0,0.0,21.88,53.87,2.42,8.8,98.09,0.0
2020101304,0.0,0.0,0.0,21.91,54.92,2.07,19.5,98.13,0.0
2020101305,0.0,0.0,0.0,22.29,54.16,1.58,38.3,98.19,0.0
2020101306,58.0,25.5,53.65,22.92,54.41,1.18,70.2,98.28,0.0
2020101307,206.32,160.58,140.77,25.17,47.73,1.31,106.4,98.38,0.0
2020101308,370.08,246.39,203.27,27.86,40.84,1.26,125.3,98.43,0.0
2020101309,536.75,350.61,266.31,33.13,25.21,1.79,154.2,98.44,0.0
2020101310,637.72,372.44,308.0,34.9,21.94,2.24,161.2,98.4,0.0
2020101311,609.85,284.37,342.05,35.25,21.42,2.24,162.1,98.32,0.0
2020101312,506.17,89.81,340.89,35.6,20.99,1.92,160.2,98.22,0.0
2020101313,473.1,207.75,261.91,35.67,20.97,1.53,156.5,98.13,0.0
2020101314,352.27,175.52,226.62,35.26,21.57,1.14,152.8,98.07,0.0
2020101315,200.82,100.18,153.16,34.5,22.92,0.64,155.0,98.05,0.0
2020101316,64.1,16.16,59.83,33.14,30.26,0.08,262.9,98.05,0.0
2020101317,2.47,0.0,3.72,31.26,32.33,0.73,326.1,98.09,0.0
2020101318,0.0,0.0,0.0,29.69,34.98,1.37,336.4,98.14,0.0
2020101319,0.0,0.0,0.0,28.31,38.55,1.77,345.6,98.2,0.0
2020101320,0.0,0.0,0.0,27.12,41.48,2.08,349.2,98.25,0.0
2020101321,0.0,0.0,0.0,26.18,42.74,2.33,349.4,98.26,0.0
2020101322,0.0,0.0,0.0,25.42,43.98,2.51,351.1,98.25,0.0
2020101323,0.0,0.0,0.0,24.77,45.61,2.66,353.5,98.24,0.0
2020101400,0.0,0.0,0.0,24.22,46.72,2.77,355.9,98.22,0.0
2020101401,0.0,0.0,0.0,23.72,47.49,2.82,356.8,98.19,0.0
2020101402,0.0,0.0,0.0,23.28,48.6,2.77,358.1,98.19,0.0
2020101403,0.0,0.0,0.0,22.82,50.55,2.65,359.4,98.21,0.0
2020101404,0.0,0.0,0.0,22.42,52.74,2.5,359.1,98.26,0.0
2020101405,0.0,0.0,0.0,22.13,54.65,2.28,359.0,98.33,0.0
2020101406,44.72,8.29,42.27,22.52,55.88,1.89,359.7,98.41,0.0
2020101407,168.25,93.15,124.13,24.99,46.32,1.98,1.4,98.49,0.0
2020101408,316.83,176.4,198.93,27.08,42.14,1.53,4.1,98.54,0.0
2020101409,481.3,281.25,246.6,31.47,31.42,0.76,37.0,98.54,0.0
2020101410,596.97,333.81,294.42,34.03,27.83,0.45,105.6,98.48,0.0
2020101411,631.42,343.03,304.32,35.08,27.15,0.04,63.4,98.39,0.0
2020101412,581.6,289.91,302.53,35.74,26.39,0.61,312.3,98.28,0.0
2020101413,486.88,274.99,249.49,35.95,25.93,1.26,314.4,98.18,0.0
2020101414,367.95,224.29,215.73,35.76,25.78,1.71,319.5,98.12,0.0
2020101415,208.43,132.18,145.18,35.06,26.24,1.93,322.8,98.11,0.0
2020101416,70.6,30.95,60.19,33.27,34.39,1.52,324.6,98.13,0.0
2020101417,0.0,0.0,0.0,29.83,44.15,2.16,328.2,98.17,0.0
2020101418,0.0,0.0,0.0,28.2,45.29,2.61,334.3,98.22,0.0
2020101419,0.0,0.0,0.0,27.26,46.11,2.82,340.5,98.28,0.0
2020101420,0.0,0.0,0.0,26.45,47.15,2.9,345.4,98.31,0.0
2020101421,0.0,0.0,0.0,25.8,48.21,2.91,348.9,98.33,0.0
2020101422,0.0,0.0,0.0,25.25,49.02,2.95,352.0,98.3,0.0
2020101423,0.0,0.0,0.0,24.79,49.47,3.01,355.6,98.28,0.0
2020101500,0.0,0.0,0.0,24.38,49.46,3.07,359.8,98.26,0.0
2020101501,0.0,0.0,0.0,23.93,49.44,3.08,3.9,98.25,0.0
2020101502,0.0,0.0,0.0,23.4,49.75,2.95,5.8,98.26,0.0
2020101503,0.0,0.0,0.0,22.79,50.62,2.72,6.3,98.29,0.0
2020101504,0.0,0.0,0.0,22.22,51.85,2.49,7.6,98.33,0.0
2020101505,0.0,0.0,0.0,21.72,53.3,2.3,9.7,98.39,0.0
2020101506,49.22,17.52,44.58,22.17,52.78,1.96,12.4,98.47,0.0
2020101507,191.98,120.37,141.3,24.35,43.06,2.3,15.4,98.54,0.0
2020101508,334.4,185.23,212.22,26.91,37.94,1.5,20.2,98.59,0.0
2020101509,524.5,345.56,256.27,32.24,25.64,1.55,28.9,98.59,0.0
2020101510,648.83,466.93,250.74,34.42,22.74,0.79,4.3,98.54,0.0
2020101511,635.38,357.7,299.39,35.48,21.59,1.09,313.5,98.45,0.0
2020101512,618.15,365.61,290.15,36.13,20.81,1.95,306.0,98.35,0.0
2020101513,523.3,331.3,254.35,36.35,20.28,2.83,305.9,98.25,0.0
2020101514,387.45,273.16,211.81,36.04,20.19,3.58,308.8,98.19,0.0
2020101515,252.2,252.79,143.44,35.16,20.78,4.02,312.2,98.17,0.0
2020101516,70.82,30.9,60.79,32.96,25.98,3.01,315.9,98.19,0.0
2020101517,0.0,0.0,0.0,29.02,35.41,2.88,322.1,98.23,0.0
2020101518,0.0,0.0,0.0,27.44,36.62,3.06,328.7,98.28,0.0
2020101519,0.0,0.0,0.0,26.56,37.41,3.06,335.3,98.32,0.0
2020101520,0.0,0.0,0.0,25.8,38.67,3.0,340.4,98.34,0.0
2020101521,0.0,0.0,0.0,25.12,39.82,2.94,342.8,98.34,0.0
2020101522,0.0,0.0,0.0,24.43,40.82,2.93,343.4,98.32,0.0
2020101523,0.0,0.0,0.0,23.68,41.78,3.0,343.1,98.3,0.0
2020101600,0.0,0.0,0.0,22.88,42.89,3.05,343.6,98.28,0.0
2020101601,0.0,0.0,0.0,22.11,43.99,3.08,344.7,98.25,0.0
2020101602,0.0,0.0,0.0,21.44,45.27,3.02,346.4,98.24,0.0
2020101603,0.0,0.0,0.0,20.97,46.34,2.93,348.6,98.24,0.0
2020101604,0.0,0.0,0.0,20.73,47.24,2.82,350.8,98.27,0.0
2020101605,0.0,0.0,0.0,20.49,48.49,2.7,351.9,98.32,0.0
2020101606,52.47,31.04,44.0,21.03,48.7,2.36,351.7,98.4,0.0
2020101607,201.82,158.56,134.85,24.46,36.31,2.68,351.4,98.46,0.0
2020101608,379.3,291.36,206.22,27.22,31.03,1.78,352.9,98.53,0.0
2020101609,541.92,392.63,241.07,31.51,21.68,1.45,332.6,98.55,0.0
2020101610,653.85,458.26,260.6,34.1,15.75,2.32,296.1,98.54,0.0
2020101611,688.92,439.61,300.75,35.08,15.43,2.96,290.4,98.48,0.0
2020101612,664.45,451.63,269.57,35.61,15.87,3.31,294.1,98.38,0.0
2020101613,565.7,406.96,248.48,35.66,16.48,3.5,299.8,98.28,0.0
2020101614,412.25,323.16,211.17,35.15,17.32,3.61,306.1,98.22,0.0
2020101615,250.77,240.09,148.94,34.17,18.58,3.7,314.7,98.2,0.0
2020101616,86.72,95.5,67.07,31.81,25.13,2.69,326.8,98.2,0.0
2020101617,0.0,0.0,0.0,27.59,35.14,2.83,341.2,98.23,0.0
2020101618,0.0,0.0,0.0,25.99,36.07,3.04,350.9,98.28,0.0
2020101619,0.0,0.0,0.0,25.09,36.49,3.03,358.9,98.33,0.0
2020101620,0.0,0.0,0.0,24.26,37.23,3.02,1.3,98.37,0.0
2020101621,0.0,0.0,0.0,23.59,37.79,2.96,358.8,98.38,0.0
2020101622,0.0,0.0,0.0,23.02,38.16,2.9,354.9,98.37,0.0
2020101623,0.0,0.0,0.0,22.46,38.38,2.87,350.6,98.35,0.0
2020101700,0.0,0.0,0.0,21.97,38.41,2.86,347.1,98.34,0.0
2020101701,0.0,0.0,0.0,21.55,38.37,2.85,344.6,98.33,0.0
2020101702,0.0,0.0,0.0,21.21,38.43,2.78,345.4,98.34,0.0
2020101703,0.0,0.0,0.0,20.86,38.89,2.65,350.0,98.35,0.0
2020101704,0.0,0.0,0.0,20.61,39.31,2.48,356.1,98.38,0.0
2020101705,0.0,0.0,0.0,20.57,39.36,2.22,3.4,98.43,0.0
2020101706,49.62,23.28,43.99,21.22,40.15,1.84,10.0,98.5,0.0
2020101707,199.9,180.09,131.55,24.26,26.25,1.77,16.4,98.56,0.0
2020101708,382.42,321.9,197.92,26.73,21.79,1.32,19.9,98.61,0.0
2020101709,542.45,411.0,238.74,31.02,18.47,1.02,356.1,98.62,0.0
2020101710,647.42,460.01,261.83,33.95,18.64,1.7,301.1,98.58,0.0
2020101711,662.8,426.91,276.66,34.92,19.11,2.51,296.8,98.51,0.0
2020101712,635.15,413.4,280.1,35.5,19.12,3.16,300.4,98.43,0.0
2020101713,536.65,372.22,234.34,35.65,19.24,3.69,304.6,98.35,0.0
2020101714,392.12,299.15,207.9,35.13,19.93,4.08,307.7,98.3,0.0
2020101715,237.32,227.14,144.85,34.1,21.12,4.39,312.0,98.28,0.0
2020101716,78.68,80.11,63.07,31.9,26.09,3.33,319.8,98.29,0.0
2020101717,0.0,0.0,0.0,28.08,35.91,2.87,332.4,98.33,0.0
2020101718,0.0,0.0,0.0,26.56,38.2,2.92,342.1,98.37,0.0
2020101719,0.0,0.0,0.0,25.65,39.94,2.75,351.0,98.41,0.0
2020101720,0.0,0.0,0.0,24.93,41.44,2.63,355.9,98.42,0.0
2020101721,0.0,0.0,0.0,24.4,42.21,2.47,355.1,98.42,0.0
2020101722,0.0,0.0,0.0,23.95,42.47,2.37,351.0,98.41,0.0
2020101723,0.0,0.0,0.0,23.37,43.1,2.39,344.7,98.4,0.0
2020101800,0.0,0.0,0.0,22.6,44.41,2.52,338.3,98.39,0.0
2020101801,0.0,0.0,0.0,21.76,45.72,2.68,334.1,98.37,0.0
2020101802,0.0,0.0,0.0,21.0,46.7,2.76,332.9,98.37,0.0
2020101803,0.0,0.0,0.0,20.35,47.43,2.75,333.2,98.38,0.0
2020101804,0.0,0.0,0.0,19.79,48.03,2.69,333.5,98.41,0.0
2020101805,0.0,0.0,0.0,19.28,48.55,2.64,334.4,98.45,0.0
2020101806,48.1,22.73,40.91,19.64,47.22,2.45,335.1,98.51,0.0
2020101807,206.82,186.74,127.79,22.58,35.95,3.35,334.9,98.57,0.0
2020101808,383.8,323.97,199.1,25.45,30.61,2.5,333.8,98.61,0.0
2020101809,546.6,420.56,236.8,30.18,21.57,2.85,325.4,98.61,0.0
2020101810,665.6,485.74,263.45,33.35,14.99,4.13,306.0,98.58,0.0
2020101811,622.92,317.12,313.38,34.46,13.99,5.16,297.4,98.51,0.0
2020101812,595.5,311.45,303.94,35.06,13.63,6.07,297.4,98.42,0.0
2020101813,502.38,287.15,254.32,35.16,12.94,6.6,301.3,98.32,0.0
2020101814,359.02,217.51,213.03,34.69,12.33,6.63,305.2,98.28,0.0
2020101815,205.52,120.31,150.46,33.76,12.6,6.2,308.3,98.26,0.0
2020101816,62.15,18.95,54.69,31.15,17.74,3.91,312.2,98.26,0.0
2020101817,0.0,0.0,0.0,26.22,29.05,3.3,316.2,98.28,0.0
2020101818,0.0,0.0,0.0,24.65,32.46,3.3,317.9,98.31,0.0
2020101819,0.0,0.0,0.0,23.94,34.72,3.18,318.7,98.34,0.0
2020101820,0.0,0.0,0.0,23.2,36.65,3.19,318.4,98.36,0.0
2020101821,0.0,0.0,0.0,22.37,37.78,3.29,318.6,98.36,0.0
2020101822,0.0,0.0,0.0,21.65,38.44,3.31,319.8,98.35,0.0
2020101823,0.0,0.0,0.0,21.23,39.07,3.23,321.0,98.35,0.0
2020101900,0.0,0.0,0.0,20.63,40.41,3.14,321.2,98.33,0.0
2020101901,0.0,0.0,0.0,20.04,41.9,3.07,319.6,98.31,0.0
2020101902,0.0,0.0,0.0,19.48,43.58,3.0,316.9,98.31,0.0
2020101903,0.0,0.0,0.0,18.93,45.33,2.95,314.0,98.33,0.0
2020101904,0.0,0.0,0.0,18.54,46.69,2.91,314.9,98.37,0.0
2020101905,0.0,0.0,0.0,18.19,48.19,2.82,319.5,98.41,0.0
2020101906,48.7,13.29,47.67,18.62,47.96,2.75,322.4,98.46,0.0
2020101907,202.2,155.53,142.43,21.3,40.4,3.68,322.3,98.53,0.0
2020101908,388.25,320.94,199.67,23.96,36.35,2.44,316.8,98.58,0.0
2020101909,558.25,469.97,219.73,27.91,29.82,2.64,314.4,98.59,0.0
2020101910,676.2,531.58,242.21,31.47,21.06,4.34,323.2,98.57,0.0
2020101911,707.15,524.43,257.55,33.0,17.46,4.55,318.3,98.5,0.0
2020101912,686.65,536.92,246.67,34.52,14.73,4.92,314.5,98.39,0.0
2020101913,591.7,507.2,211.38,35.12,13.15,5.33,313.6,98.28,0.0
2020101914,445.7,446.27,189.69,34.87,12.59,5.74,313.3,98.2,0.0
2020101915,260.62,321.04,136.21,33.9,12.75,5.9,314.0,98.17,0.0
2020101916,88.95,141.81,63.85,31.04,17.28,4.0,314.6,98.17,0.0
2020101917,0.0,0.0,0.0,25.74,27.07,3.49,315.0,98.2,0.0
2020101918,0.0,0.0,0.0,23.82,29.37,3.59,315.5,98.27,0.0
2020101919,0.0,0.0,0.0,22.76,30.71,3.5,315.6,98.33,0.0
2020101920,0.0,0.0,0.0,21.86,31.79,3.48,314.8,98.34,0.0
2020101921,0.0,0.0,0.0,21.05,32.9,3.51,314.4,98.34,0.0
2020101922,0.0,0.0,0.0,20.25,34.49,3.51,315.0,98.32,0.0
2020101923,0.0,0.0,0.0,19.51,36.38,3.48,316.4,98.3,0.0
2020102000,0.0,0.0,0.0,18.83,38.31,3.43,318.1,98.28,0.0
2020102001,0.0,0.0,0.0,18.21,40.12,3.39,319.8,98.27,0.0
2020102002,0.0,0.0,0.0,17.64,41.74,3.34,321.7,98.27,0.0
2020102003,0.0,0.0,0.0,17.1,43.19,3.29,324.3,98.27,0.0
2020102004,0.0,0.0,0.0,16.65,44.37,3.24,326.2,98.3,0.0
2020102005,0.0,0.0,0.0,16.28,45.36,3.16,327.4,98.34,0.0
2020102006,62.22,85.8,51.33,16.75,45.12,2.92,328.2,98.39,0.0
2020102007,257.02,392.44,127.22,21.27,33.85,3.14,328.1,98.43,0.0
2020102008,467.55,589.11,162.95,24.41,27.85,2.86,328.1,98.47,0.0
2020102009,642.92,693.58,171.77,29.09,21.38,2.8,330.7,98.5,0.0
2020102010,759.2,750.1,181.99,33.55,11.38,4.87,332.9,98.48,0.0
2020102011,768.33,654.41,228.83,34.7,9.81,5.06,329.3,98.42,0.0
2020102012,734.97,625.36,238.79,35.18,9.35,5.06,326.3,98.34,0.0
2020102013,632.15,591.16,212.96,35.17,9.32,5.04,323.1,98.27,0.0
2020102014,467.4,493.99,189.7,34.68,9.66,4.96,320.2,98.23,0.0
2020102015,266.23,333.87,133.88,33.65,10.47,4.74,317.7,98.22,0.0
2020102016,85.93,122.08,61.73,30.42,18.5,2.89,317.4,98.26,0.0
2020102017,0.0,0.0,0.0,25.47,27.68,3.09,319.6,98.31,0.0
2020102018,0.0,0.0,0.0,24.02,29.11,3.03,322.6,98.38,0.0
2020102019,0.0,0.0,0.0,23.47,29.29,2.83,326.3,98.45,0.0
2020102020,0.0,0.0,0.0,23.28,28.55,2.56,325.8,98.5,0.0
2020102021,0.0,0.0,0.0,23.14,27.63,2.33,322.1,98.51,0.0
2020102022,0.0,0.0,0.0,22.87,26.95,2.16,319.9,98.51,0.0
2020102023,0.0,0.0,0.0,22.45,26.08,2.06,320.1,98.51,0.0
2020102100,0.0,0.0,0.0,21.86,27.21,2.02,322.4,98.5,0.0
2020102101,0.0,0.0,0.0,21.23,27.28,1.99,325.4,98.49,0.0
2020102102,0.0,0.0,0.0,20.61,28.08,1.93,332.5,98.48,0.0
2020102103,0.0,0.0,0.0,19.96,29.3,1.85,342.7,98.49,0.0
2020102104,0.0,0.0,0.0,19.36,30.07,1.74,350.4,98.52,0.0
2020102105,0.0,0.0,0.0,19.0,30.77,1.54,356.3,98.57,0.0
2020102106,54.92,68.27,42.24,18.78,32.6,1.17,2.0,98.62,0.0
2020102107,228.45,310.92,117.9,21.19,28.97,0.84,7.5,98.69,0.0
2020102108,424.98,472.62,170.11,23.8,23.72,0.4,2.9,98.73,0.0
2020102109,589.1,561.35,203.49,28.69,17.65,0.46,319.4,98.73,0.0
2020102110,699.83,624.82,208.01,33.42,11.88,2.26,328.0,98.67,0.0
2020102111,726.03,594.56,232.69,34.74,11.57,3.33,330.1,98.57,0.0
2020102112,691.5,573.03,229.46,35.39,11.53,4.03,330.8,98.46,0.0
2020102113,583.45,503.98,215.68,35.53,11.57,4.54,331.6,98.35,0.0
2020102114,425.77,411.41,191.88,35.2,11.85,4.76,332.4,98.28,0.0
2020102115,235.98,254.08,133.83,34.27,12.68,4.58,334.3,98.26,0.0
2020102116,68.15,49.69,55.71,31.14,20.77,2.76,338.5,98.26,0.0
2020102117,0.0,0.0,0.0,26.47,28.99,2.97,345.0,98.29,0.0
2020102118,0.0,0.0,0.0,25.19,29.82,2.89,352.2,98.34,0.0
2020102119,0.0,0.0,0.0,24.86,29.23,2.6,2.0,98.38,0.0
2020102120,0.0,0.0,0.0,24.95,27.58,2.28,13.2,98.39,0.0
2020102121,0.0,0.0,0.0,24.93,26.17,2.08,25.0,98.38,0.0
2020102122,0.0,0.0,0.0,24.54,26.23,2.06,33.5,98.37,0.0
2020102123,0.0,0.0,0.0,24.06,26.67,2.02,35.7,98.35,0.0
2020102200,0.0,0.0,0.0,24.17,26.13,1.7,26.6,98.34,0.0
2020102201,0.0,0.0,0.0,24.09,27.88,1.41,356.8,98.34,0.0
2020102202,0.0,0.0,0.0,23.4,31.19,1.6,329.6,98.36,0.0
2020102203,0.0,0.0,0.0,22.6,34.47,1.89,319.3,98.39,0.0
2020102204,0.0,0.0,0.0,21.87,37.85,2.31,315.2,98.45,0.0
2020102205,0.0,0.0,0.0,21.77,38.77,2.61,318.7,98.52,0.0
2020102206,36.17,9.14,34.5,22.23,44.0,3.1,327.1,98.6,0.0
2020102207,166.25,109.53,121.66,23.07,49.52,3.62,332.5,98.67,0.0
2020102208,310.52,224.06,186.76,24.06,51.23,2.2,340.7,98.71,0.0
2020102209,444.88,281.14,238.08,27.32,40.0,0.38,0.0,98.67,0.0
2020102210,564.22,425.55,228.8,30.68,27.86,0.78,155.7,98.56,0.0
2020102211,641.28,397.59,291.21,32.74,22.1,0.7,159.0,98.44,0.0
2020102212,594.15,373.62,264.19,34.11,18.43,0.35,28.7,98.31,0.0
2020102213,512.75,370.79,232.35,34.94,15.67,1.21,14.8,98.18,0.0
2020102214,352.0,221.6,215.65,34.91,14.49,1.61,15.8,98.11,0.0
2020102215,197.7,133.28,145.73,34.07,14.94,1.59,7.2,98.09,0.0
2020102216,57.7,20.62,54.1,31.79,25.57,1.08,352.0,98.1,0.0
2020102217,0.0,0.0,0.0,29.17,26.17,1.27,337.3,98.16,0.0
2020102218,0.0,0.0,0.0,27.83,26.63,1.61,336.1,98.24,0.0
2020102219,0.0,0.0,0.0,26.36,29.92,1.9,346.3,98.33,0.0
2020102220,0.0,0.0,0.0,24.61,34.58,2.34,1.2,98.37,0.0
2020102221,0.0,0.0,0.0,22.93,39.28,2.8,11.1,98.39,0.0
2020102222,0.0,0.0,0.0,21.94,42.07,3.06,15.9,98.38,0.0
2020102223,0.0,0.0,0.0,21.3,43.98,3.17,18.9,98.35,0.0
2020102300,0.0,0.0,0.0,20.83,45.44,3.21,20.0,98.31,0.0
2020102301,0.0,0.0,0.0,20.43,46.49,3.24,18.2,98.26,0.0
2020102302,0.0,0.0,0.0,19.97,47.34,3.2,14.3,98.23,0.0
2020102303,0.0,0.0,0.0,19.47,48.21,3.14,10.3,98.22,0.0
2020102304,0.0,0.0,0.0,19.04,48.46,3.11,7.4,98.24,0.0
2020102305,0.0,0.0,0.0,18.62,48.54,3.05,6.0,98.3,0.0
2020102306,46.6,35.92,37.48,18.84,47.34,2.83,6.9,98.38,0.0
2020102307,204.12,236.97,116.12,22.3,37.69,3.61,10.1,98.47,0.0
2020102308,390.92,393.03,176.79,25.2,32.07,2.82,13.9,98.52,0.0
2020102309,529.3,416.04,227.51,30.05,22.94,2.29,3.7,98.53,0.0
2020102310,658.7,534.35,240.13,33.12,17.47,2.04,329.0,98.5,0.0
2020102311,644.78,397.72,288.35,34.27,16.22,2.34,305.6,98.41,0.0
2020102312,629.47,436.61,271.37,34.91,15.58,2.94,296.9,98.31,0.0
2020102313,531.78,391.29,240.59,35.05,15.44,3.44,295.7,98.2,0.0
2020102314,377.67,293.2,202.64,34.75,15.72,3.68,297.2,98.14,0.0
2020102315,232.75,259.57,129.93,33.77,16.66,3.62,300.2,98.12,0.0
2020102316,64.25,50.99,50.17,31.04,24.37,2.33,308.2,98.15,0.0
2020102317,0.0,0.0,0.0,26.74,32.29,2.72,324.4,98.19,0.0
2020102318,0.0,0.0,0.0,25.26,33.62,2.86,338.3,98.26,0.0
2020102319,0.0,0.0,0.0,24.4,34.34,2.84,351.9,98.33,0.0
2020102320,0.0,0.0,0.0,23.74,34.67,2.72,3.4,98.37,0.0
2020102321,0.0,0.0,0.0,23.18,34.66,2.61,11.5,98.39,0.0
2020102322,0.0,0.0,0.0,22.6,34.87,2.57,16.5,98.39,0.0
2020102323,0.0,0.0,0.0,21.91,35.58,2.57,18.6,98.37,0.0
2020102400,0.0,0.0,0.0,21.15,36.52,2.62,19.2,98.35,0.0
2020102401,0.0,0.0,0.0,20.41,37.62,2.62,18.5,98.32,0.0
2020102402,0.0,0.0,0.0,19.86,38.3,2.51,15.3,98.3,0.0
2020102403,0.0,0.0,0.0,19.6,38.1,2.3,9.0,98.3,0.0
2020102404,0.0,0.0,0.0,19.54,37.84,2.03,358.9,98.33,0.0
2020102405,0.0,0.0,0.0,19.53,37.6,1.79,343.1,98.38,0.0
2020102406,40.5,10.84,35.01,19.54,38.09,1.7,323.1,98.43,0.0
2020102407,173.4,118.79,125.75,21.97,35.25,1.82,306.5,98.49,0.0
2020102408,347.0,251.01,198.07,24.83,27.87,2.1,300.0,98.54,0.0
2020102409,513.4,372.15,240.28,29.11,21.41,2.44,299.0,98.54,0.0
2020102410,631.8,454.64,265.73,32.54,14.07,3.74,299.3,98.51,0.0
2020102411,682.97,504.02,268.81,33.51,12.31,3.88,298.5,98.45,0.0
2020102412,652.7,492.15,252.73,34.02,11.37,3.99,298.1,98.36,0.0
2020102413,554.6,441.94,225.89,34.09,10.93,4.09,298.3,98.29,0.0
2020102414,399.77,346.78,202.59,33.3,11.24,4.15,300.4,98.26,0.0
2020102415,218.77,207.07,136.6,32.11,12.38,3.92,304.2,98.27,0.0
2020102416,64.62,51.11,50.82,28.31,22.09,2.59,311.2,98.31,0.0
2020102417,0.0,0.0,0.0,24.58,27.18,3.01,319.0,98.37,0.0
2020102418,0.0,0.0,0.0,23.26,28.67,3.0,326.8,98.43,0.0
2020102419,0.0,0.0,0.0,22.47,29.63,2.88,335.1,98.49,0.0
2020102420,0.0,0.0,0.0,21.79,30.3,2.78,343.1,98.53,0.0
2020102421,0.0,0.0,0.0,21.14,30.97,2.75,351.0,98.57,0.0
2020102422,0.0,0.0,0.0,20.47,31.76,2.75,357.7,98.59,0.0
2020102423,0.0,0.0,0.0,19.76,32.92,2.77,2.7,98.6,0.0
2020102500,0.0,0.0,0.0,19.04,34.28,2.81,6.1,98.6,0.0
2020102501,0.0,0.0,0.0,18.38,35.65,2.82,8.6,98.59,0.0
2020102502,0.0,0.0,0.0,17.96,36.6,2.68,12.1,98.58,0.0
2020102503,0.0,0.0,0.0,17.94,36.49,2.37,17.2,98.57,0.0
2020102504,0.0,0.0,0.0,18.25,35.49,1.95,23.3,98.58,0.0
2020102505,0.0,0.0,0.0,18.63,34.29,1.41,27.5,98.61,0.0
2020102506,39.85,8.04,40.71,19.25,33.5,0.82,26.9,98.65,0.0
2020102507,190.23,140.99,142.77,20.8,32.63,0.18,347.5,98.71,0.0
2020102508,358.42,273.62,207.38,22.76,27.09,0.5,225.8,98.77,0.0
2020102509,518.85,370.57,248.77,26.65,21.53,0.79,220.9,98.81,0.0
2020102510,631.55,426.22,283.58,32.0,12.79,1.52,295.4,98.81,0.0
2020102511,620.75,345.1,301.29,33.46,11.13,2.58,301.8,98.75,0.0
2020102512,603.3,357.31,283.26,34.11,10.55,3.26,303.1,98.66,0.0
2020102513,511.98,322.46,273.13,34.23,10.35,3.86,307.1,98.58,0.0
2020102514,361.38,242.41,212.67,33.83,10.52,4.1,312.9,98.53,0.0
2020102515,196.1,125.32,140.63,32.79,11.53,3.77,320.3,98.52,0.0
2020102516,50.9,10.76,44.59,28.91,21.38,2.49,332.0,98.53,0.0
2020102517,0.0,0.0,0.0,25.29,25.23,2.81,344.9,98.57,0.0
2020102518,0.0,0.0,0.0,24.27,25.74,2.75,357.9,98.65,0.0
2020102519,0.0,0.0,0.0,23.8,25.69,2.62,10.8,98.72,0.0
2020102520,0.0,0.0,0.0,23.36,25.41,2.53,17.2,98.76,0.0
2020102521,0.0,0.0,0.0,22.97,25.4,2.45,17.1,98.77,0.0
2020102522,0.0,0.0,0.0,22.75,25.17,2.3,15.9,98.77,0.0
2020102523,0.0,0.0,0.0,22.44,25.12,2.16,12.3,98.75,0.0
2020102600,0.0,0.0,0.0,21.81,25.67,2.14,6.2,98.74,0.0
2020102601,0.0,0.0,0.0,20.69,27.5,2.3,357.8,98.73,0.0
2020102602,0.0,0.0,0.0,19.46,30.58,2.43,352.9,98.73,0.0
2020102603,0.0,0.0,0.0,18.44,33.19,2.42,351.9,98.74,0.0
2020102604,0.0,0.0,0.0,17.73,36.03,2.3,350.3,98.75,0.0
2020102605,0.0,0.0,0.0,17.51,36.71,2.07,346.6,98.79,0.0
2020102606,34.8,4.97,33.9,17.98,36.65,1.72,338.5,98.84,0.0
2020102607,164.32,104.17,129.03,20.33,33.33,1.4,322.2,98.91,0.0
2020102608,312.62,234.47,183.45,22.66,27.48,1.43,301.2,98.97,0.0
2020102609,486.9,314.9,253.02,26.47,22.11,1.45,290.2,98.99,0.0
2020102610,617.65,424.33,267.58,31.58,12.91,2.0,287.8,98.96,0.0
2020102611,640.4,413.61,284.76,32.92,11.77,2.8,279.9,98.88,0.0
2020102612,617.42,409.84,280.42,33.48,11.73,3.52,285.3,98.78,0.0
2020102613,525.1,375.95,256.34,33.52,12.15,4.14,294.0,98.68,0.0
2020102614,375.58,308.89,188.16,33.13,12.94,4.43,302.0,98.62,0.0
2020102615,204.02,182.31,127.56,32.21,14.21,4.39,309.6,98.6,0.0
2020102616,58.6,39.3,47.29,28.95,21.35,2.83,317.3,98.61,0.0
2020102617,0.0,0.0,0.0,25.03,27.38,3.21,324.8,98.65,0.0
2020102618,0.0,0.0,0.0,23.74,29.28,3.31,329.3,98.73,0.0
2020102619,0.0,0.0,0.0,22.9,31.04,3.3,331.6,98.78,0.0
2020102620,0.0,0.0,0.0,22.11,32.69,3.31,331.7,98.8,0.0
2020102621,0.0,0.0,0.0,21.29,34.43,3.34,331.0,98.79,0.0
2020102622,0.0,0.0,0.0,20.47,36.14,3.34,330.8,98.76,0.0
2020102623,0.0,0.0,0.0,19.65,37.94,3.32,332.2,98.72,0.0
2020102700,0.0,0.0,0.0,18.85,39.87,3.34,334.7,98.7,0.0
2020102701,0.0,0.0,0.0,18.12,41.72,3.39,337.7,98.67,0.0
2020102702,0.0,0.0,0.0,17.51,43.35,3.33,338.7,98.66,0.0
2020102703,0.0,0.0,0.0,17.06,44.6,3.28,337.2,98.66,0.0
2020102704,0.0,0.0,0.0,16.62,46.04,3.16,334.7,98.68,0.0
2020102705,0.0,0.0,0.0,16.19,47.43,3.04,330.9,98.72,0.0
2020102706,39.03,4.27,37.97,16.28,47.36,2.88,326.0,98.78,0.0
2020102707,188.5,123.27,139.04,19.57,38.6,3.69,320.1,98.86,0.0
2020102708,358.0,252.52,223.76,22.27,33.12,3.37,316.2,98.92,0.0
2020102709,520.92,348.9,251.93,26.55,25.46,3.18,315.0,98.93,0.0
2020102710,630.12,372.98,315.98,30.96,16.19,3.71,310.7,98.91,0.0
2020102711,597.1,224.62,371.36,31.91,14.53,3.68,305.4,98.83,0.0
2020102712,564.33,235.06,321.85,32.33,13.72,3.76,304.5,98.75,0.0
2020102713,474.17,215.39,287.33,32.33,13.45,3.85,305.6,98.67,0.0
2020102714,330.95,150.52,220.52,31.97,13.45,3.91,307.0,98.62,0.0
2020102715,179.8,60.41,145.76,30.99,13.97,3.84,309.6,98.62,0.0
2020102716,46.35,2.31,43.11,27.74,21.13,2.52,315.5,98.64,0.0
2020102717,0.0,0.0,0.0,23.71,26.64,2.97,323.5,98.71,0.0
2020102718,0.0,0.0,0.0,22.31,27.84,3.05,331.4,98.78,0.0
2020102719,0.0,0.0,0.0,21.4,28.65,2.99,338.8,98.85,0.0
2020102720,0.0,0.0,0.0,20.57,29.37,2.94,343.2,98.88,0.0
2020102721,0.0,0.0,0.0,19.77,30.25,2.9,344.2,98.88,0.0
2020102722,0.0,0.0,0.0,19.02,31.11,2.84,343.0,98.85,0.0
2020102723,0.0,0.0,0.0,18.3,32.16,2.77,339.5,98.82,0.0
2020102800,0.0,0.0,0.0,17.62,33.08,2.67,334.3,98.78,0.0
2020102801,0.0,0.0,0.0,16.9,34.29,2.62,327.6,98.76,0.0
2020102802,0.0,0.0,0.0,16.38,34.93,2.51,321.9,98.75,0.0
2020102803,0.0,0.0,0.0,16.02,35.05,2.38,317.4,98.75,0.0
2020102804,0.0,0.0,0.0,15.69,35.36,2.27,314.5,98.79,0.0
2020102805,0.0,0.0,0.0,15.45,35.49,2.14,312.5,98.86,0.0
2020102806,37.4,2.91,38.08,15.56,35.0,1.95,310.6,98.94,0.0
2020102807,180.52,85.62,147.05,18.44,30.82,1.78,306.1,99.02,0.0
2020102808,327.48,159.82,241.28,21.32,24.42,1.61,302.8,99.08,0.0
2020102809,465.5,165.9,301.99,26.0,17.95,1.33,303.7,99.08,0.0
2020102810,635.28,379.83,330.92,29.95,12.38,1.47,305.3,99.03,0.0
2020102811,608.42,289.97,321.7,31.11,11.23,1.53,306.5,98.94,0.0
2020102812,584.28,276.82,316.26,31.81,10.58,1.57,310.1,98.83,0.0
2020102813,487.42,237.11,286.55,32.07,10.25,1.65,313.8,98.75,0.0
2020102814,328.38,147.26,224.24,31.57,10.4,1.69,314.8,98.69,0.0
2020102815,176.2,60.58,141.87,30.62,11.51,1.72,316.2,98.68,0.0
2020102816,44.28,1.77,41.22,27.57,20.03,1.6,319.3,98.7,0.0
2020102817,0.0,0.0,0.0,24.84,21.19,2.07,325.2,98.76,0.0
2020102818,0.0,0.0,0.0,23.29,22.88,2.32,333.1,98.83,0.0
2020102819,0.0,0.0,0.0,22.19,24.3,2.42,340.7,98.89,0.0
2020102820,0.0,0.0,0.0,21.38,25.54,2.44,345.7,98.92,0.0
2020102821,0.0,0.0,0.0,20.73,26.64,2.43,348.8,98.92,0.0
2020102822,0.0,0.0,0.0,20.13,27.57,2.43,349.8,98.9,0.0
2020102823,0.0,0.0,0.0,19.49,28.75,2.44,349.4,98.88,0.0
2020102900,0.0,0.0,0.0,18.78,30.12,2.47,350.5,98.85,0.0
2020102901,0.0,0.0,0.0,18.05,31.68,2.5,352.9,98.83,0.0
2020102902,0.0,0.0,0.0,17.39,33.02,2.47,356.5,98.82,0.0
2020102903,0.0,0.0,0.0,16.77,34.76,2.42,1.4,98.83,0.0
2020102904,0.0,0.0,0.0,16.21,36.47,2.34,5.6,98.87,0.0
2020102905,0.0,0.0,0.0,15.77,37.97,2.24,10.0,98.94,0.0
2020102906,33.2,1.24,29.98,15.7,38.89,2.07,14.6,99.02,0.0
2020102907,172.9,94.22,131.34,18.05,35.52,1.78,19.4,99.1,0.0
2020102908,297.92,128.01,209.32,20.73,29.24,1.75,22.5,99.18,0.0
2020102909,463.1,248.05,262.61,24.54,23.21,1.11,29.1,99.19,0.0
2020102910,574.03,313.59,304.54,29.44,14.31,0.35,115.1,99.15,0.0
2020102911,580.05,250.66,322.32,30.88,12.42,0.47,191.1,99.07,0.0
2020102912,531.25,172.51,344.31,31.57,11.62,0.47,225.9,98.96,0.0
2020102913,447.8,173.54,271.48,31.8,11.23,0.51,257.6,98.88,0.0
2020102914,314.52,119.06,222.59,31.65,11.18,0.82,287.1,98.82,0.0
2020102915,172.77,56.95,143.3,30.89,11.95,1.39,300.3,98.8,0.0
2020102916,43.7,2.24,42.03,27.6,20.45,1.77,307.9,98.81,0.0
2020102917,0.0,0.0,0.0,23.96,23.04,2.65,313.8,98.84,0.0
2020102918,0.0,0.0,0.0,22.14,24.84,3.13,319.1,98.89,0.0
2020102919,0.0,0.0,0.0,21.03,26.48,3.39,323.2,98.94,0.0
2020102920,0.0,0.0,0.0,20.13,28.33,3.46,326.5,98.96,0.0
2020102921,0.0,0.0,0.0,19.32,30.22,3.48,329.6,98.96,0.0
2020102922,0.0,0.0,0.0,18.58,31.87,3.47,332.7,98.96,0.0
2020102923,0.0,0.0,0.0,17.86,33.41,3.43,335.9,98.94,0.0
2020103000,0.0,0.0,0.0,17.13,34.9,3.35,338.6,98.93,0.0
2020103001,0.0,0.0,0.0,16.41,36.52,3.24,340.6,98.9,0.0
2020103002,0.0,0.0,0.0,15.78,38.2,3.13,341.7,98.89,0.0
2020103003,0.0,0.0,0.0,15.32,39.52,2.98,341.4,98.89,0.0
2020103004,0.0,0.0,0.0,15.01,40.51,2.8,338.0,98.9,0.0
2020103005,0.0,0.0,0.0,14.8,41.27,2.67,331.6,98.96,0.0
2020103006,33.4,2.14,33.14,14.89,41.24,2.58,323.8,99.02,0.0
2020103007,169.77,92.5,125.44,18.43,33.7,2.66,316.5,99.08,0.0
2020103008,335.33,222.02,200.25,21.45,27.59,2.86,309.3,99.12,0.0
2020103009,488.02,306.04,260.21,25.61,21.75,2.51,300.7,99.11,0.0
2020103010,599.35,371.18,287.01,29.98,14.76,2.85,307.4,99.05,0.0
2020103011,648.53,412.69,290.35,31.39,13.15,2.97,310.0,98.96,0.0
2020103012,616.67,397.99,292.13,32.2,12.48,3.25,311.9,98.85,0.0
2020103013,510.9,331.52,268.66,32.5,12.36,3.59,313.9,98.76,0.0
2020103014,401.02,342.46,207.3,32.31,12.58,3.93,316.4,98.7,0.0
2020103015,218.45,209.62,137.32,31.41,13.48,4.09,318.2,98.69,0.0
2020103016,52.6,23.12,44.79,28.16,19.56,2.75,317.5,98.72,0.0
2020103017,0.0,0.0,0.0,23.74,26.18,3.28,316.2,98.77,0.0
2020103018,0.0,0.0,0.0,22.43,28.59,3.48,317.1,98.84,0.0
2020103019,0.0,0.0,0.0,21.59,30.6,3.51,318.5,98.9,0.0
2020103020,0.0,0.0,0.0,20.78,32.36,3.5,318.7,98.93,0.0
2020103021,0.0,0.0,0.0,19.93,34.18,3.45,318.2,98.94,0.0
2020103022,0.0,0.0,0.0,19.1,36.06,3.39,318.7,98.93,0.0
2020103023,0.0,0.0,0.0,18.23,38.29,3.31,320.0,98.92,0.0
2020103100,0.0,0.0,0.0,17.33,40.77,3.18,321.3,98.91,0.0
2020103101,0.0,0.0,0.0,16.46,43.25,3.04,321.3,98.9,0.0
2020103102,0.0,0.0,0.0,15.77,45.1,2.98,318.8,98.89,0.0
2020103103,0.0,0.0,0.0,15.33,45.93,3.01,314.6,98.88,0.0
2020103104,0.0,0.0,0.0,15.02,46.3,3.09,309.9,98.89,0.0
2020103105,0.0,0.0,0.0,14.79,46.35,3.19,306.3,98.91,0.0
2020103106,34.35,3.53,31.27,15.03,45.1,3.31,303.3,98.96,0.0
2020103107,199.95,214.54,123.18,18.2,36.66,4.85,301.2,99.01,0.0
2020103108,381.75,345.89,199.97,21.05,31.11,4.08,296.2,99.06,0.0
2020103109,495.35,327.35,256.57,25.6,23.64,4.28,300.6,99.07,0.0
2020103110,604.58,386.95,280.38,29.72,17.44,6.36,317.4,99.03,0.0
2020103111,589.45,290.47,314.11,30.67,16.39,6.25,319.2,98.95,0.0
2020103112,566.8,290.27,305.25,31.25,15.71,6.14,318.6,98.87,0.0
2020103113,482.88,269.59,275.1,31.4,15.32,6.1,317.1,98.78,0.0
2020103114,372.27,256.69,221.52,31.04,15.28,5.92,316.0,98.73,0.0
2020103115,200.85,144.3,138.68,30.26,15.64,5.53,315.1,98.7,0.0
2020103116,48.47,12.91,42.56,27.29,19.84,3.44,312.6,98.71,0.0
2020103117,0.0,0.0,0.0,23.27,25.37,3.42,310.0,98.73,0.0
2020103118,0.0,0.0,0.0,22.0,26.58,3.51,308.9,98.78,0.0
2020103119,0.0,0.0,0.0,21.11,27.14,3.52,307.5,98.84,0.0
2020103120,0.0,0.0,0.0,20.33,26.96,3.55,305.6,98.87,0.0
2020103121,0.0,0.0,0.0,19.63,26.5,3.63,304.6,98.9,0.0
2020103122,0.0,0.0,0.0,18.96,26.34,3.71,304.8,98.9,0.0
2020103123,0.0,0.0,0.0,18.28,26.65,3.8,306.5,98.91,0.0
2020110100,0.0,0.0,0.0,17.56,27.73,3.79,308.9,98.9,0.0
2020110101,0.0,0.0,0.0,16.87,29.38,3.73,311.2,98.89,0.0
2020110102,0.0,0.0,0.0,16.24,31.26,3.63,313.3,98.88,0.0
2020110103,0.0,0.0,0.0,15.65,33.26,3.51,314.9,98.89,0.0
2020110104,0.0,0.0,0.0,15.11,35.18,3.4,315.4,98.91,0.0
2020110105,0.0,0.0,0.0,14.62,36.8,3.31,314.8,98.95,0.0
2020110106,34.17,3.08,35.0,14.56,37.26,3.26,312.5,99.01,0.0
2020110107,182.43,130.58,133.79,17.47,30.8,4.55,309.3,99.08,0.0
2020110108,357.7,285.2,204.24,20.19,26.07,4.13,303.7,99.14,0.0
2020110109,521.08,371.29,264.41,24.47,19.58,3.63,296.0,99.17,0.0
2020110110,633.7,451.51,278.64,28.23,12.16,4.9,299.6,99.15,0.0
2020110111,617.25,309.43,336.11,29.3,10.53,4.79,296.8,99.08,0.0
2020110112,615.22,372.33,306.71,29.98,9.7,4.8,296.7,98.97,0.0
2020110113,524.5,344.89,289.81,30.21,9.42,4.87,298.3,98.88,0.0
2020110114,375.15,274.43,223.82,29.81,9.67,4.75,300.3,98.82,0.0
2020110115,204.38,144.26,141.63,28.9,10.58,4.39,302.1,98.79,0.0
2020110116,51.08,22.52,43.37,25.28,16.77,2.75,301.0,98.81,0.0
2020110117,0.0,0.0,0.0,21.58,21.59,3.0,299.3,98.84,0.0
2020110118,0.0,0.0,0.0,20.67,22.9,2.89,298.1,98.89,0.0
2020110119,0.0,0.0,0.0,20.22,23.63,2.71,294.9,98.94,0.0
2020110120,0.0,0.0,0.0,19.51,24.7,2.71,290.0,98.97,0.0
2020110121,0.0,0.0,0.0,18.47,26.36,2.88,286.4,98.98,0.0
2020110122,0.0,0.0,0.0,17.48,27.97,3.09,285.6,98.97,0.0
2020110123,0.0,0.0,0.0,16.66,29.45,3.25,287.9,98.94,0.0
2020110200,0.0,0.0,0.0,15.98,30.66,3.32,291.8,98.92,0.0
2020110201,0.0,0.0,0.0,15.35,31.92,3.31,296.7,98.9,0.0
2020110202,0.0,0.0,0.0,14.73,33.13,3.24,300.0,98.9,0.0
2020110203,0.0,0.0,0.0,14.13,34.34,3.15,300.7,98.91,0.0
2020110204,0.0,0.0,0.0,13.63,35.28,3.06,300.0,98.94,0.0
2020110205,0.0,0.0,0.0,13.24,36.0,3.0,297.4,98.99,0.0
2020110206,36.92,14.65,36.6,13.25,35.9,2.88,292.7,99.06,0.0
2020110207,205.57,246.03,126.92,16.58,29.08,3.12,286.0,99.15,0.0
2020110208,402.2,445.5,179.22,19.6,23.93,3.41,280.7,99.23,0.0
2020110209,577.78,541.95,222.46,23.78,19.02,2.96,277.4,99.27,0.0
2020110210,698.55,642.65,229.46,28.8,14.1,4.64,296.3,99.26,0.0
2020110211,643.92,397.44,309.39,30.29,13.27,5.19,303.7,99.19,0.0
2020110212,620.83,410.96,280.81,30.97,12.75,5.47,305.8,99.08,0.0
2020110213,524.25,361.24,269.66,31.13,12.62,5.65,306.6,99.0,0.0
2020110214,366.98,279.19,207.95,30.74,12.9,5.6,307.7,98.93,0.0
2020110215,198.23,151.41,134.64,29.76,13.75,5.14,308.5,98.89,0.0
2020110216,47.45,21.61,41.9,26.17,19.14,3.02,310.3,98.89,0.0
2020110217,0.0,0.0,0.0,22.17,24.69,3.22,314.0,98.93,0.0
2020110218,0.0,0.0,0.0,20.91,26.49,3.25,319.2,98.98,0.0
2020110219,0.0,0.0,0.0,20.01,27.88,3.21,323.7,99.02,0.0
2020110220,0.0,0.0,0.0,19.2,29.12,3.18,325.1,99.05,0.0
2020110221,0.0,0.0,0.0,18.47,30.18,3.12,323.5,99.06,0.0
2020110222,0.0,0.0,0.0,17.81,31.22,3.0,320.4,99.05,0.0
2020110223,0.0,0.0,0.0,17.25,32.1,2.83,314.7,99.02,0.0
2020110300,0.0,0.0,0.0,16.75,32.87,2.68,306.1,99.0,0.0
2020110301,0.0,0.0,0.0,16.14,33.82,2.65,295.2,98.97,0.0
2020110302,0.0,0.0,0.0,15.62,34.69,2.59,285.7,98.95,0.0
2020110303,0.0,0.0,0.0,15.18,35.4,2.5,279.0,98.94,0.0
2020110304,0.0,0.0,0.0,14.73,36.17,2.44,275.9,98.96,0.0
2020110305,0.0,0.0,0.0,14.43,36.61,2.33,275.4,99.01,0.0
2020110306,34.92,12.84,35.87,14.45,36.39,2.15,274.8,99.07,0.0
2020110307,197.62,210.46,133.53,17.36,30.87,1.95,272.3,99.13,0.0
2020110308,380.05,388.19,190.67,20.33,25.05,1.71,268.3,99.18,0.0
2020110309,544.7,499.54,224.96,25.68,17.21,1.72,261.6,99.19,0.0
2020110310,657.17,573.55,235.93,29.59,12.31,2.47,266.3,99.14,0.0
2020110311,659.22,463.94,299.59,30.48,11.29,2.65,269.8,99.05,0.0
2020110312,649.83,530.99,240.44,31.08,10.68,2.81,273.3,98.93,0.0
2020110313,566.35,520.79,219.32,31.23,10.41,3.01,279.4,98.84,0.0
2020110314,410.55,441.85,185.02,30.87,10.51,3.37,286.9,98.79,0.0
2020110315,220.52,273.73,127.2,29.9,11.19,3.69,294.3,98.77,0.0
2020110316,48.95,34.74,41.73,26.29,16.67,2.62,304.9,98.77,0.0
2020110317,0.0,0.0,0.0,22.13,21.46,3.12,317.7,98.81,0.0
2020110318,0.0,0.0,0.0,20.8,23.1,3.2,327.9,98.87,0.0
2020110319,0.0,0.0,0.0,19.95,24.29,3.07,335.9,98.92,0.0
2020110320,0.0,0.0,0.0,19.41,24.71,2.86,339.5,98.95,0.0
2020110321,0.0,0.0,0.0,19.14,24.63,2.64,337.5,98.96,0.0
2020110322,0.0,0.0,0.0,18.84,24.58,2.48,332.4,98.95,0.0
2020110323,0.0,0.0,0.0,18.35,24.89,2.41,325.3,98.93,0.0
2020110400,0.0,0.0,0.0,17.83,25.32,2.36,318.6,98.9,0.0
2020110401,0.0,0.0,0.0,17.31,25.84,2.33,311.3,98.87,0.0
2020110402,0.0,0.0,0.0,16.91,26.33,2.25,303.4,98.84,0.0
2020110403,0.0,0.0,0.0,16.43,27.14,2.24,294.3,98.82,0.0
2020110404,0.0,0.0,0.0,15.75,28.35,2.35,286.8,98.84,0.0
2020110405,0.0,0.0,0.0,15.03,29.89,2.51,282.2,98.87,0.0
2020110406,31.98,6.2,35.26,14.69,30.85,2.6,280.2,98.91,0.0
2020110407,170.7,106.1,141.44,17.66,26.32,2.56,280.3,98.96,0.0
2020110408,324.35,194.74,229.62,20.44,21.94,3.06,283.4,99.01,0.0
2020110409,456.17,249.14,276.72,24.09,18.0,2.79,286.9,99.03,0.0
2020110410,644.0,451.78,313.93,28.78,16.28,3.83,298.7,98.99,0.0
2020110411,563.83,241.12,319.08,29.83,17.76,4.1,302.3,98.9,0.0
2020110412,533.08,216.02,309.12,30.43,17.97,4.44,302.1,98.8,0.0
2020110413,436.25,140.35,307.51,30.57,17.99,4.77,301.5,98.71,0.0
2020110414,304.3,130.2,222.21,30.08,18.27,4.8,301.7,98.66,0.0
2020110415,163.1,68.23,128.3,28.86,19.8,3.66,303.2,98.63,0.0
2020110416,35.85,2.21,35.85,25.03,26.14,2.62,306.0,98.64,0.0
2020110417,0.0,0.0,0.0,22.36,29.77,2.81,308.8,98.68,0.0
2020110418,0.0,0.0,0.0,21.51,31.07,2.63,310.1,98.75,0.0
2020110419,0.0,0.0,0.0,21.06,31.64,2.39,308.0,98.81,0.0
2020110420,0.0,0.0,0.0,20.53,32.25,2.27,302.4,98.84,0.0
2020110421,0.0,0.0,0.0,19.81,32.96,2.33,296.8,98.85,0.0
2020110422,0.0,0.0,0.0,18.93,34.02,2.44,293.9,98.83,0.0
2020110423,0.0,0.0,0.0,18.03,34.92,2.56,295.0,98.81,0.0
2020110500,0.0,0.0,0.0,17.13,35.91,2.66,299.3,98.8,0.0
2020110501,0.0,0.0,0.0,16.29,36.68,2.74,304.7,98.79,0.0
2020110502,0.0,0.0,0.0,15.63,37.1,2.71,307.5,98.78,0.0
2020110503,0.0,0.0,0.0,15.14,37.18,2.58,305.5,98.78,0.0
2020110504,0.0,0.0,0.0,14.72,37.27,2.48,297.9,98.8,0.0
2020110505,0.0,0.0,0.0,14.19,37.61,2.48,286.2,98.86,0.0
2020110506,21.0,0.41,23.01,13.7,37.95,2.58,274.9,98.93,0.0
2020110507,137.05,52.99,118.74,16.3,31.69,2.59,268.2,99.01,0.0
2020110508,279.73,149.48,195.91,19.27,25.59,3.41,265.8,99.08,0.0
2020110509,447.9,273.83,252.27,22.94,20.55,2.85,263.9,99.13,0.0
2020110510,559.78,333.34,285.66,28.32,13.86,3.1,273.7,99.12,0.0
2020110511,501.15,183.8,328.49,30.3,11.88,3.26,291.4,99.06,0.0
2020110512,479.62,180.17,286.37,31.25,10.97,3.61,299.3,98.97,0.0
2020110513,389.6,138.97,252.62,31.59,10.58,3.97,303.7,98.89,0.0
2020110514,263.62,85.75,201.54,31.28,10.66,4.09,307.9,98.86,0.0
2020110515,136.52,32.06,114.92,30.21,11.55,3.64,312.9,98.86,0.0
2020110516,29.83,0.51,29.58,25.82,17.92,2.56,322.8,98.88,0.0
2020110517,0.0,0.0,0.0,22.5,21.24,2.87,333.1,98.95,0.0
2020110518,0.0,0.0,0.0,21.48,22.56,2.79,343.3,99.03,0.0
2020110519,0.0,0.0,0.0,20.95,23.2,2.59,353.1,99.11,0.0
2020110520,0.0,0.0,0.0,20.53,23.56,2.44,358.8,99.15,0.0
2020110521,0.0,0.0,0.0,20.09,24.01,2.37,359.3,99.17,0.0
2020110522,0.0,0.0,0.0,19.58,24.64,2.34,356.6,99.17,0.0
2020110523,0.0,0.0,0.0,18.84,25.65,2.41,351.2,99.15,0.0
2020110600,0.0,0.0,0.0,17.9,27.28,2.55,345.3,99.13,0.0
2020110601,0.0,0.0,0.0,16.79,29.51,2.76,340.1,99.11,0.0
2020110602,0.0,0.0,0.0,15.91,31.64,2.79,335.9,99.09,0.0
2020110603,0.0,0.0,0.0,15.28,33.59,2.67,331.1,99.09,0.0
2020110604,0.0,0.0,0.0,14.8,35.3,2.51,323.3,99.1,0.0
2020110605,0.0,0.0,0.0,14.43,36.94,2.34,310.8,99.14,0.0
2020110606,18.83,0.36,20.83,14.08,38.41,2.26,293.2,99.2,0.0
2020110607,127.25,39.44,111.4,16.6,33.36,2.39,273.8,99.28,0.0
2020110608,274.95,161.04,175.92,19.49,27.84,2.97,261.7,99.35,0.0
2020110609,429.05,241.78,242.77,23.41,22.02,2.55,255.3,99.39,0.0
2020110610,547.28,329.18,258.99,29.01,13.59,2.98,283.0,99.38,0.0
2020110611,534.8,254.45,311.62,30.96,12.15,3.55,296.1,99.32,0.0
2020110612,501.12,236.97,288.03,31.77,11.76,3.92,304.0,99.25,0.0
2020110613,431.85,209.88,262.01,31.95,11.77,4.13,310.8,99.18,0.0
2020110614,291.6,129.27,199.54,31.48,12.18,4.23,316.0,99.14,0.0
2020110615,143.35,49.78,115.59,30.38,13.19,3.93,320.3,99.13,0.0
2020110616,30.3,1.13,28.62,26.17,19.09,2.64,326.1,99.14,0.0
2020110617,0.0,0.0,0.0,22.7,23.16,2.93,331.0,99.18,0.0
2020110618,0.0,0.0,0.0,21.67,24.56,2.81,334.1,99.25,0.0
2020110619,0.0,0.0,0.0,21.11,25.24,2.61,334.3,99.32,0.0
2020110620,0.0,0.0,0.0,20.62,25.9,2.47,330.1,99.37,0.0
2020110621,0.0,0.0,0.0,19.96,26.98,2.45,323.8,99.37,0.0
2020110622,0.0,0.0,0.0,19.02,28.67,2.57,320.1,99.36,0.0
2020110623,0.0,0.0,0.0,17.85,31.0,2.77,319.5,99.33,0.0
2020110700,0.0,0.0,0.0,16.68,33.71,2.94,321.8,99.3,0.0
2020110701,0.0,0.0,0.0,15.72,36.27,3.06,324.2,99.28,0.0
2020110702,0.0,0.0,0.0,14.98,38.59,3.03,326.3,99.27,0.0
2020110703,0.0,0.0,0.0,14.41,40.52,2.9,326.0,99.27,0.0
2020110704,0.0,0.0,0.0,14.02,41.96,2.74,322.3,99.28,0.0
2020110705,0.0,0.0,0.0,13.77,43.07,2.6,315.6,99.32,0.0
2020110706,23.0,0.77,24.67,13.72,43.53,2.5,307.5,99.37,0.0
2020110707,144.43,65.16,117.44,16.48,36.98,2.35,299.1,99.44,0.0
2020110708,315.55,202.53,205.67,19.36,31.01,2.84,291.7,99.49,0.0
2020110709,463.05,318.27,242.81,22.72,25.57,2.29,283.9,99.5,0.0
2020110710,564.67,377.64,265.0,27.92,17.75,3.54,302.7,99.47,0.0
2020110711,504.77,224.34,298.06,29.97,15.19,4.55,307.9,99.4,0.0
2020110712,469.55,203.54,280.91,30.73,14.49,5.02,308.4,99.3,0.0
2020110713,408.3,205.65,252.81,30.95,14.34,5.25,309.4,99.22,0.0
2020110714,309.75,183.81,197.72,30.61,14.76,5.21,309.9,99.17,0.0
2020110715,155.98,84.97,117.57,29.63,15.83,4.64,310.6,99.15,0.0
2020110716,32.35,3.48,29.27,25.66,21.56,2.8,314.7,99.17,0.0
2020110717,0.0,0.0,0.0,22.29,26.29,2.86,322.0,99.21,0.0
2020110718,0.0,0.0,0.0,21.84,27.16,2.5,331.6,99.28,0.0
2020110719,0.0,0.0,0.0,21.84,27.24,2.07,342.3,99.34,0.0
2020110720,0.0,0.0,0.0,21.76,27.38,1.69,347.0,99.37,0.0
2020110721,0.0,0.0,0.0,21.42,28.02,1.41,339.6,99.37,0.0
2020110722,0.0,0.0,0.0,20.61,29.51,1.29,323.2,99.35,0.0
2020110723,0.0,0.0,0.0,19.93,30.91,1.44,309.1,99.34,0.0
2020110800,0.0,0.0,0.0,19.01,32.94,1.7,302.3,99.34,0.0
2020110801,0.0,0.0,0.0,17.82,35.73,1.93,302.3,99.34,0.0
2020110802,0.0,0.0,0.0,16.76,38.29,2.07,305.2,99.34,0.0
2020110803,0.0,0.0,0.0,15.97,40.27,2.07,308.5,99.34,0.0
2020110804,0.0,0.0,0.0,15.5,41.41,1.95,310.2,99.35,0.0
2020110805,0.0,0.0,0.0,15.29,41.72,1.74,307.1,99.39,0.0
2020110806,21.15,0.4,21.79,15.19,41.55,1.54,295.4,99.45,0.0
2020110807,135.32,49.9,122.79,16.39,38.33,1.34,278.6,99.51,0.0
2020110808,301.95,181.63,211.24,18.95,32.49,1.74,267.0,99.56,0.0
2020110809,411.23,231.82,222.42,21.98,27.07,1.31,261.7,99.58,0.0
2020110810,464.6,174.95,294.19,27.26,18.59,1.98,279.9,99.54,0.0
2020110811,356.45,49.16,256.37,29.07,16.45,2.55,302.5,99.47,0.0
2020110812,376.62,103.45,242.96,29.99,15.43,3.02,312.3,99.37,0.0
2020110813,326.77,97.25,220.33,30.36,15.02,3.48,317.7,99.28,0.0
2020110814,239.9,66.58,186.12,29.97,15.28,3.75,320.2,99.24,0.0
2020110815,119.43,23.14,104.19,28.63,17.03,3.03,324.5,99.22,0.0
2020110816,25.88,0.51,25.64,24.4,23.41,2.61,336.0,99.25,0.0
2020110817,0.0,0.0,0.0,21.49,27.5,2.93,345.6,99.29,0.0
2020110818,0.0,0.0,0.0,20.42,29.66,2.85,354.8,99.35,0.0
2020110819,0.0,0.0,0.0,19.73,31.04,2.65,4.8,99.41,0.0
2020110820,0.0,0.0,0.0,19.29,31.91,2.46,11.7,99.43,0.0
2020110821,0.0,0.0,0.0,19.03,32.35,2.27,12.4,99.43,0.0
2020110822,0.0,0.0,0.0,18.71,33.0,2.13,9.5,99.4,0.0
2020110823,0.0,0.0,0.0,18.27,33.98,2.04,5.3,99.36,0.0
2020110900,0.0,0.0,0.0,17.86,34.94,1.91,0.0,99.32,0.0
2020110901,0.0,0.0,0.0,17.47,35.95,1.75,348.1,99.29,0.0
2020110902,0.0,0.0,0.0,16.9,37.43,1.64,332.8,99.26,0.0
2020110903,0.0,0.0,0.0,16.01,39.95,1.69,317.2,99.23,0.0
2020110904,0.0,0.0,0.0,14.85,43.32,1.92,306.5,99.23,0.0
2020110905,0.0,0.0,0.0,13.73,46.99,2.12,304.1,99.26,0.0
2020110906,17.9,0.46,20.75,12.94,49.94,2.23,307.5,99.32,0.0
2020110907,126.8,59.98,104.52,14.71,45.01,2.08,314.2,99.39,0.0
2020110908,298.75,196.02,203.13,17.08,38.95,2.45,320.8,99.44,0.0
2020110909,412.83,241.92,237.76,20.21,32.09,1.88,326.7,99.45,0.0
2020110910,530.45,337.31,262.51,24.83,22.3,2.31,336.0,99.41,0.0
2020110911,544.4,279.66,297.92,27.61,18.09,2.71,334.7,99.33,0.0
2020110912,516.7,273.11,283.25,28.84,16.78,3.0,330.9,99.21,0.0
2020110913,447.5,265.75,255.98,29.33,16.34,3.23,329.1,99.11,0.0
2020110914,299.6,158.01,200.18,29.08,16.56,3.43,328.3,99.05,0.0
2020110915,145.77,64.93,119.48,28.13,17.74,3.28,327.3,99.01,0.0
2020110916,29.48,2.29,30.69,24.13,24.0,2.55,325.1,99.01,0.0
2020110917,0.0,0.0,0.0,20.96,29.17,3.03,324.5,99.04,0.0
2020110918,0.0,0.0,0.0,19.79,32.33,3.12,326.1,99.08,0.0
2020110919,0.0,0.0,0.0,18.88,35.25,3.11,329.5,99.12,0.0
2020110920,0.0,0.0,0.0,18.11,37.76,3.06,334.7,99.16,0.0
2020110921,0.0,0.0,0.0,17.43,39.97,3.02,341.4,99.16,0.0
2020110922,0.0,0.0,0.0,16.74,42.17,2.99,347.4,99.14,0.0
2020110923,0.0,0.0,0.0,16.06,44.37,2.99,351.9,99.11,0.0
2020111000,0.0,0.0,0.0,15.87,45.08,2.89,355.6,99.08,0.0
2020111001,0.0,0.0,0.0,15.71,45.7,2.74,359.2,99.06,0.0
2020111002,0.0,0.0,0.0,15.57,46.11,2.54,3.4,99.04,0.0
2020111003,0.0,0.0,0.0,15.39,46.54,2.31,5.2,99.02,0.0
2020111004,0.0,0.0,0.0,15.14,47.21,2.04,2.2,99.03,0.0
2020111005,0.0,0.0,0.0,15.21,46.84,1.7,358.3,99.09,0.0
2020111006,17.1,1.0,18.52,15.25,46.57,1.33,354.4,99.16,0.0
2020111007,130.23,61.58,111.28,16.68,42.54,0.96,345.0,99.23,0.0
2020111008,273.5,170.97,186.68,18.97,36.77,0.86,337.3,99.29,0.0
2020111009,421.42,290.98,227.73,23.11,27.4,0.29,54.7,99.31,0.0
2020111010,547.75,402.34,255.19,28.02,17.53,2.49,129.3,99.27,0.0
2020111011,534.75,342.26,257.18,29.54,15.5,3.1,130.9,99.18,0.0
2020111012,512.62,330.94,250.09,30.34,14.38,3.15,129.2,99.08,0.0
2020111013,442.38,324.23,218.0,30.65,13.76,3.04,126.0,98.99,0.0
2020111014,313.88,242.38,182.25,30.44,13.63,2.7,124.3,98.94,0.0
2020111015,154.62,117.69,109.83,29.62,14.28,1.99,124.6,98.92,0.0
2020111016,31.8,9.57,29.52,27.24,18.33,1.0,135.8,98.94,0.0
2020111017,0.0,0.0,0.0,26.28,18.29,0.48,172.9,98.99,0.0
2020111018,0.0,0.0,0.0,25.47,18.96,0.46,262.6,99.05,0.0
2020111019,0.0,0.0,0.0,24.48,19.87,0.82,298.4,99.12,0.0
2020111020,0.0,0.0,0.0,23.2,21.24,1.03,317.4,99.17,0.0
2020111021,0.0,0.0,0.0,21.89,23.01,1.18,334.3,99.2,0.0
2020111022,0.0,0.0,0.0,21.15,24.14,1.37,348.6,99.21,0.0
2020111023,0.0,0.0,0.0,20.23,25.68,1.6,0.0,99.21,0.0
2020111100,0.0,0.0,0.0,19.07,27.89,1.83,11.0,99.2,0.0
2020111101,0.0,0.0,0.0,17.95,30.38,2.05,22.1,99.19,0.0
2020111102,0.0,0.0,0.0,16.96,32.99,2.22,32.5,99.2,0.0
2020111103,0.0,0.0,0.0,16.06,35.98,2.36,42.3,99.19,0.0
2020111104,0.0,0.0,0.0,15.26,39.26,2.47,50.3,99.22,0.0
2020111105,0.0,0.0,0.0,14.6,42.7,2.55,59.3,99.27,0.0
2020111106,21.88,4.99,21.24,14.18,45.87,2.58,68.9,99.33,0.0
2020111107,153.6,178.86,98.17,16.97,40.19,2.48,78.8,99.4,0.0
2020111108,303.15,284.44,168.9,19.93,34.77,2.6,83.8,99.46,0.0
2020111109,450.55,385.23,211.11,24.7,27.04,2.59,88.9,99.49,0.0
2020111110,547.47,435.41,224.91,27.73,23.71,2.91,96.9,99.46,0.0
2020111111,559.6,394.08,242.19,28.86,23.26,2.69,99.6,99.39,0.0
2020111112,534.75,390.61,234.5,29.53,23.47,2.44,102.0,99.29,0.0
2020111113,445.23,346.62,207.28,29.77,23.92,2.2,101.0,99.21,0.0
2020111114,311.8,269.96,166.02,29.63,24.25,2.07,97.5,99.15,0.0
2020111115,169.68,178.29,109.14,28.91,25.08,1.84,96.2,99.12,0.0
2020111116,30.4,8.63,27.73,26.79,28.65,1.16,95.5,99.13,0.0
2020111117,0.0,0.0,0.0,24.99,31.59,0.9,93.2,99.17,0.0
2020111118,0.0,0.0,0.0,24.51,32.58,0.73,85.3,99.24,0.0
2020111119,0.0,0.0,0.0,23.92,33.78,0.49,60.8,99.33,0.0
2020111120,0.0,0.0,0.0,23.12,35.42,0.5,0.0,99.39,0.0
2020111121,0.0,0.0,0.0,21.86,38.06,0.93,340.6,99.41,0.0
2020111122,0.0,0.0,0.0,20.39,41.33,1.4,346.4,99.42,0.0
2020111123,0.0,0.0,0.0,19.01,44.6,1.83,358.1,99.43,0.0
2020111200,0.0,0.0,0.0,17.74,47.9,2.13,10.0,99.42,0.0
2020111201,0.0,0.0,0.0,16.7,50.82,2.32,17.3,99.4,0.0
2020111202,0.0,0.0,0.0,15.99,52.82,2.37,22.9,99.4,0.0
2020111203,0.0,0.0,0.0,15.55,54.06,2.34,26.3,99.4,0.0
2020111204,0.0,0.0,0.0,15.26,54.82,2.26,28.6,99.43,0.0
2020111205,0.0,0.0,0.0,15.12,55.16,2.14,32.2,99.49,0.0
2020111206,21.73,6.78,20.95,15.21,54.61,1.94,33.9,99.56,0.0
2020111207,155.52,190.13,95.89,17.48,47.21,1.65,32.3,99.63,0.0
2020111208,314.27,320.37,165.51,20.12,39.9,1.47,22.0,99.67,0.0
2020111209,466.25,437.42,195.4,24.49,31.1,1.07,17.9,99.68,0.0
2020111210,566.38,488.85,213.69,27.63,26.85,0.77,28.9,99.63,0.0
2020111211,567.38,415.41,252.24,28.88,25.18,0.72,24.4,99.52,0.0
2020111212,530.58,372.56,254.7,29.63,23.78,0.71,6.4,99.38,0.0
2020111213,451.58,366.53,204.05,29.95,22.8,0.97,344.4,99.28,0.0
2020111214,311.12,276.69,163.96,29.78,22.44,1.3,338.4,99.22,0.0
2020111215,175.32,216.92,103.47,29.12,22.79,1.58,330.8,99.2,0.0
2020111216,31.02,15.43,27.51,26.59,26.69,1.58,320.7,99.21,0.0
2020111217,0.0,0.0,0.0,23.31,31.65,2.36,316.0,99.25,0.0
2020111218,0.0,0.0,0.0,21.69,34.88,2.79,319.5,99.31,0.0
2020111219,0.0,0.0,0.0,20.54,37.51,3.01,324.2,99.36,0.0
2020111220,0.0,0.0,0.0,19.58,39.96,3.09,328.6,99.39,0.0
2020111221,0.0,0.0,0.0,18.72,42.09,3.09,332.9,99.39,0.0
2020111222,0.0,0.0,0.0,17.94,43.89,3.04,338.2,99.38,0.0
2020111223,0.0,0.0,0.0,17.22,45.44,2.97,345.4,99.36,0.0
2020111300,0.0,0.0,0.0,16.54,46.93,2.87,353.0,99.35,0.0
2020111301,0.0,0.0,0.0,15.92,48.47,2.78,359.6,99.34,0.0
2020111302,0.0,0.0,0.0,15.41,49.8,2.67,3.9,99.34,0.0
2020111303,0.0,0.0,0.0,15.06,50.75,2.56,5.4,99.32,0.0
2020111304,0.0,0.0,0.0,14.83,51.31,2.44,4.0,99.32,0.0
2020111305,0.0,0.0,0.0,14.74,51.25,2.3,359.5,99.36,0.0
2020111306,19.62,4.4,20.38,14.86,50.61,2.13,350.8,99.42,0.0
2020111307,146.05,165.48,93.38,17.37,42.9,1.99,337.8,99.49,0.0
2020111308,291.48,264.11,167.76,20.07,36.12,2.14,321.8,99.54,0.0
2020111309,437.25,366.87,205.06,24.0,28.96,1.85,300.9,99.55,0.0
2020111310,535.8,415.77,227.95,27.98,24.22,2.2,271.0,99.5,0.0
2020111311,586.58,471.32,231.38,29.02,22.77,2.4,264.5,99.39,0.0
2020111312,554.78,441.98,234.27,29.62,21.51,2.48,267.9,99.26,0.0
2020111313,453.35,371.15,206.67,29.78,20.84,2.56,273.6,99.15,0.0
2020111314,315.5,289.69,164.29,29.45,20.92,2.52,278.9,99.09,0.0
2020111315,169.52,189.8,104.49,28.54,21.8,2.47,284.8,99.06,0.0
2020111316,30.58,14.54,27.12,25.49,26.46,1.91,295.5,99.06,0.0
2020111317,0.0,0.0,0.0,22.77,30.93,2.2,310.2,99.09,0.0
2020111318,0.0,0.0,0.0,21.48,33.61,2.36,324.0,99.15,0.0
2020111319,0.0,0.0,0.0,20.34,36.13,2.52,335.9,99.21,0.0
2020111320,0.0,0.0,0.0,19.31,38.46,2.72,342.2,99.24,0.0
2020111321,0.0,0.0,0.0,18.53,40.08,2.86,344.2,99.23,0.0
2020111322,0.0,0.0,0.0,17.9,41.3,2.88,346.7,99.21,0.0
2020111323,0.0,0.0,0.0,17.37,42.14,2.82,350.4,99.19,0.0
2020111400,0.0,0.0,0.0,16.9,42.82,2.72,353.9,99.15,0.0
2020111401,0.0,0.0,0.0,16.46,43.51,2.6,355.6,99.13,0.0
2020111402,0.0,0.0,0.0,16.0,44.45,2.53,357.7,99.1,0.0
2020111403,0.0,0.0,0.0,15.64,45.12,2.39,0.0,99.09,0.0
2020111404,0.0,0.0,0.0,15.5,45.35,2.17,0.8,99.1,0.0
2020111405,0.0,0.0,0.0,15.5,45.29,1.88,358.5,99.15,0.0
2020111406,17.62,1.45,19.66,15.62,44.88,1.59,352.8,99.22,0.0
2020111407,116.47,62.18,93.15,17.16,40.71,1.28,342.3,99.28,0.0
2020111408,252.27,127.99,177.32,19.55,34.93,1.2,327.6,99.34,0.0
2020111409,339.85,136.78,244.58,22.89,28.51,0.73,300.4,99.35,0.0
2020111410,451.88,231.06,280.53,27.44,22.17,1.6,245.2,99.29,0.0
2020111411,497.0,260.18,268.28,28.75,20.55,1.95,246.7,99.17,0.0
2020111412,430.23,164.86,290.01,29.45,19.33,1.88,253.3,99.03,0.0
2020111413,395.3,246.41,230.4,29.75,18.52,1.8,261.1,98.93,0.0
2020111414,301.52,237.91,180.91,29.5,18.43,1.68,266.9,98.86,0.0
2020111415,157.23,152.48,102.17,28.61,19.24,1.39,275.0,98.83,0.0
2020111416,26.67,6.87,24.35,26.28,22.93,1.1,297.0,98.82,0.0
2020111417,0.0,0.0,0.0,24.35,24.53,1.13,321.8,98.85,0.0
2020111418,0.0,0.0,0.0,23.43,25.72,1.1,346.8,98.89,0.0
2020111419,0.0,0.0,0.0,22.89,26.36,1.14,13.7,98.94,0.0
2020111420,0.0,0.0,0.0,21.97,27.64,1.41,38.7,98.98,0.0
2020111421,0.0,0.0,0.0,20.76,29.58,1.88,54.5,98.99,0.0
2020111422,0.0,0.0,0.0,19.51,31.68,2.35,62.7,99.0,0.0
2020111423,0.0,0.0,0.0,18.56,33.4,2.74,66.8,98.99,0.0
2020111500,0.0,0.0,0.0,18.08,34.19,2.96,70.3,98.99,0.0
2020111501,0.0,0.0,0.0,17.58,35.28,3.04,75.1,99.0,0.0
2020111502,0.0,0.0,0.0,17.1,36.45,3.03,81.5,98.99,0.0
2020111503,0.0,0.0,0.0,16.71,37.53,3.01,89.4,99.0,0.0
2020111504,0.0,0.0,0.0,16.39,38.48,3.0,98.0,99.02,0.0
2020111505,0.0,0.0,0.0,16.14,39.47,3.0,106.7,99.07,0.0
2020111506,16.92,4.75,17.08,16.04,40.09,2.95,115.7,99.13,0.0
2020111507,126.88,109.92,87.35,18.54,34.77,3.46,124.2,99.2,0.0
2020111508,273.67,229.23,159.66,21.01,30.73,3.82,129.3,99.24,0.0
2020111509,407.38,296.91,213.73,24.51,26.87,3.62,137.5,99.24,0.0
2020111510,504.9,341.64,254.68,28.54,28.56,5.19,155.3,99.2,0.0
2020111511,485.52,256.88,257.87,29.83,29.33,4.63,160.8,99.09,0.01
2020111512,449.05,226.05,253.93,30.46,28.98,4.1,162.3,98.96,0.03
2020111513,359.4,192.14,221.08,30.54,29.07,3.79,164.9,98.86,0.07
2020111514,235.4,117.93,165.7,30.07,29.95,3.64,169.7,98.8,0.11
2020111515,120.05,44.82,100.96,29.13,32.08,3.47,175.7,98.77,0.09
2020111516,21.7,2.22,23.16,26.38,38.68,2.22,179.7,98.8,0.04
2020111517,0.0,0.0,0.0,24.09,45.5,2.27,177.2,98.85,0.14
2020111518,0.0,0.0,0.0,23.5,48.53,2.09,163.0,98.91,0.76
2020111519,0.0,0.0,0.0,22.89,51.66,2.08,137.3,98.94,2.46
2020111520,0.0,0.0,0.0,21.82,55.67,2.47,110.3,98.93,1.76
2020111521,0.0,0.0,0.0,21.66,58.65,1.87,112.0,98.93,4.74
2020111522,0.0,0.0,0.0,19.64,73.77,1.81,206.6,99.21,9.8
2020111523,0.0,0.0,0.0,18.57,84.23,0.88,110.7,99.2,25.72
2020111600,0.0,0.0,0.0,18.28,86.65,4.12,77.4,99.09,53.6
2020111601,0.0,0.0,0.0,17.68,87.73,4.85,80.8,99.09,18.41
2020111602,0.0,0.0,0.0,16.99,87.83,4.71,83.7,99.09,3.45
2020111603,0.0,0.0,0.0,16.53,86.49,4.33,85.0,99.07,0.04
2020111604,0.0,0.0,0.0,16.2,85.32,4.0,86.6,99.05,0.01
2020111605,0.0,0.0,0.0,15.87,85.24,3.6,91.9,99.08,0.0
2020111606,12.9,3.98,14.4,15.61,85.65,3.25,100.7,99.12,0.0
2020111607,96.95,82.41,76.42,16.5,80.46,3.56,111.7,99.18,0.0
2020111608,202.18,180.02,121.43,18.65,69.49,3.18,119.5,99.25,0.0
2020111609,329.52,226.35,184.48,22.18,55.74,3.7,127.1,99.31,0.0
2020111610,450.95,337.33,215.79,24.46,51.86,2.59,133.1,99.31,0.0
2020111611,467.92,255.55,248.65,25.92,48.5,1.37,127.3,99.25,0.0
2020111612,436.6,237.18,233.82,26.63,45.21,0.52,83.4,99.18,0.0
2020111613,320.77,128.96,217.29,26.83,42.69,0.74,6.2,99.11,0.0
2020111614,233.25,81.91,188.93,26.44,41.75,1.24,350.7,99.07,0.0
2020111615,109.2,37.01,97.07,25.69,42.45,1.43,350.3,99.06,0.0
2020111616,19.73,2.12,21.19,24.12,50.34,1.15,352.0,99.07,0.0
2020111617,0.0,0.0,0.0,22.0,55.95,1.58,353.5,99.12,0.0
2020111618,0.0,0.0,0.0,20.86,57.67,1.92,357.9,99.19,0.0
2020111619,0.0,0.0,0.0,19.89,59.63,2.16,2.7,99.25,0.0
2020111620,0.0,0.0,0.0,19.06,61.31,2.4,4.5,99.28,0.0
2020111621,0.0,0.0,0.0,18.35,63.28,2.63,5.2,99.29,0.0
2020111622,0.0,0.0,0.0,17.78,65.42,2.85,6.1,99.28,0.0
2020111623,0.0,0.0,0.0,17.24,67.6,3.18,6.9,99.25,0.0
2020111700,0.0,0.0,0.0,16.62,70.2,3.44,7.2,99.22,0.0
2020111701,0.0,0.0,0.0,15.93,73.08,3.41,5.4,99.19,0.0
2020111702,0.0,0.0,0.0,15.19,76.06,2.91,0.8,99.16,0.0
2020111703,0.0,0.0,0.0,14.57,78.29,2.52,353.4,99.14,0.0
2020111704,0.0,0.0,0.0,14.11,79.67,2.37,344.3,99.13,0.0
2020111705,0.0,0.0,0.0,13.72,80.32,2.31,336.0,99.16,0.0
2020111706,13.77,2.62,15.1,13.53,79.84,2.33,329.2,99.21,0.0
2020111707,111.97,74.54,86.97,15.27,69.83,3.47,324.2,99.26,0.0
2020111708,260.9,189.51,170.82,17.7,59.37,2.84,318.3,99.3,0.0
2020111709,388.98,265.81,209.68,21.85,48.73,3.41,317.1,99.3,0.0
2020111710,492.45,340.1,236.23,24.11,44.06,3.39,309.8,99.26,0.0
2020111711,546.8,375.6,254.55,25.72,39.5,3.39,305.3,99.15,0.0
2020111712,530.12,413.58,226.98,26.69,35.91,3.53,301.2,99.02,0.0
2020111713,439.67,347.17,218.65,27.06,33.38,3.77,300.1,98.91,0.0
2020111714,311.0,278.3,175.43,26.78,32.29,3.89,302.5,98.83,0.0
2020111715,150.55,145.22,98.77,25.92,32.74,3.88,305.8,98.79,0.0
2020111716,27.02,16.29,24.64,23.32,41.31,2.55,308.0,98.78,0.0
2020111717,0.0,0.0,0.0,19.94,49.33,2.9,310.0,98.8,0.0
2020111718,0.0,0.0,0.0,18.91,50.67,3.02,313.0,98.84,0.0
2020111719,0.0,0.0,0.0,18.06,52.1,3.05,316.7,98.9,0.0
2020111720,0.0,0.0,0.0,17.3,53.64,3.07,318.0,98.93,0.0
2020111721,0.0,0.0,0.0,16.65,55.07,3.08,318.7,98.94,0.0
2020111722,0.0,0.0,0.0,16.07,56.36,3.1,321.5,98.93,0.0
2020111723,0.0,0.0,0.0,15.53,57.44,3.12,325.9,98.91,0.0
2020111800,0.0,0.0,0.0,14.97,58.23,3.1,330.5,98.88,0.0
2020111801,0.0,0.0,0.0,14.4,58.67,3.02,335.0,98.86,0.0
2020111802,0.0,0.0,0.0,13.84,58.74,2.92,339.1,98.85,0.0
2020111803,0.0,0.0,0.0,13.32,58.59,2.76,342.9,98.84,0.0
2020111804,0.0,0.0,0.0,12.86,58.59,2.62,345.9,98.87,0.0
2020111805,0.0,0.0,0.0,12.5,58.7,2.52,347.6,98.9,0.0
2020111806,16.23,6.94,16.8,12.39,58.28,2.36,348.3,98.96,0.0
2020111807,142.43,196.05,87.49,15.05,49.7,2.5,348.0,99.03,0.0
2020111808,297.92,321.23,156.2,17.52,42.57,2.33,350.1,99.1,0.0
2020111809,449.77,432.36,195.3,21.37,35.19,2.1,348.5,99.14,0.0
2020111810,550.58,481.96,216.99,24.13,32.28,2.04,326.6,99.1,0.0
2020111811,518.12,349.32,242.22,25.25,31.39,2.04,308.0,99.01,0.0
2020111812,486.2,323.23,244.56,25.88,30.73,2.17,297.4,98.91,0.0
2020111813,393.95,267.44,214.43,26.05,30.58,2.35,293.1,98.83,0.0
2020111814,289.92,230.68,177.47,25.67,31.12,2.53,291.6,98.77,0.0
2020111815,138.82,116.71,93.12,24.78,32.5,2.63,291.7,98.75,0.0
2020111816,22.48,5.55,20.17,22.22,42.4,1.89,298.5,98.76,0.0
2020111817,0.0,0.0,0.0,19.47,46.27,2.37,311.1,98.81,0.0
2020111818,0.0,0.0,0.0,18.43,46.59,2.54,322.0,98.89,0.0
2020111819,0.0,0.0,0.0,17.57,46.23,2.62,332.5,98.97,0.0
2020111820,0.0,0.0,0.0,16.76,46.04,2.7,342.8,99.03,0.0
2020111821,0.0,0.0,0.0,16.04,44.83,2.85,352.6,99.04,0.0
2020111822,0.0,0.0,0.0,15.48,42.86,3.02,0.6,99.02,0.0
2020111823,0.0,0.0,0.0,15.03,41.23,3.25,7.4,98.98,0.0
2020111900,0.0,0.0,0.0,14.57,40.74,3.43,13.8,98.95,0.0
2020111901,0.0,0.0,0.0,14.0,41.66,3.43,20.0,98.92,0.0
2020111902,0.0,0.0,0.0,13.4,43.82,3.21,23.9,98.89,0.0
2020111903,0.0,0.0,0.0,12.86,46.45,2.84,24.3,98.86,0.0
2020111904,0.0,0.0,0.0,12.45,48.81,2.54,21.2,98.87,0.0
2020111905,0.0,0.0,0.0,12.25,50.26,2.32,12.7,98.92,0.0
2020111906,13.55,2.09,13.62,12.33,50.15,2.06,356.9,98.99,0.0
2020111907,117.5,101.71,80.26,14.46,44.06,2.12,337.2,99.07,0.0
2020111908,251.65,191.04,156.54,16.55,36.79,2.35,326.1,99.13,0.0
2020111909,386.67,275.41,210.38,19.97,30.3,2.16,315.4,99.15,0.0
2020111910,481.98,324.82,243.89,23.14,28.36,2.38,295.1,99.12,0.0
2020111911,482.75,277.26,262.35,24.53,27.91,2.5,290.4,99.03,0.0
2020111912,453.85,264.27,242.99,25.33,27.11,2.68,291.7,98.92,0.0
2020111913,371.95,224.47,214.94,25.64,26.4,2.96,295.6,98.82,0.0
2020111914,249.38,155.37,170.22,25.47,26.07,3.27,299.5,98.77,0.0
2020111915,126.88,83.13,95.49,24.75,26.4,3.52,303.3,98.76,0.0
2020111916,21.88,3.86,19.73,21.74,34.35,2.59,308.4,98.79,0.0
2020111917,0.0,0.0,0.0,18.59,37.71,3.22,315.6,98.84,0.0
2020111918,0.0,0.0,0.0,17.6,36.0,3.43,322.2,98.93,0.0
2020111919,0.0,0.0,0.0,16.68,34.86,3.54,328.1,99.02,0.0
2020111920,0.0,0.0,0.0,15.77,34.84,3.56,332.4,99.08,0.0
2020111921,0.0,0.0,0.0,14.85,35.66,3.55,336.1,99.1,0.0
2020111922,0.0,0.0,0.0,14.0,36.79,3.55,339.6,99.11,0.0
2020111923,0.0,0.0,0.0,13.18,38.38,3.54,342.7,99.1,0.0
2020112000,0.0,0.0,0.0,12.41,40.36,3.49,345.9,99.09,0.0
2020112001,0.0,0.0,0.0,11.67,43.08,3.41,348.3,99.09,0.0
2020112002,0.0,0.0,0.0,11.03,46.14,3.29,348.4,99.08,0.0
2020112003,0.0,0.0,0.0,10.54,49.04,3.16,345.0,99.07,0.0
2020112004,0.0,0.0,0.0,10.2,51.32,3.1,338.0,99.08,0.0
2020112005,0.0,0.0,0.0,9.94,53.27,3.09,328.8,99.1,0.0
2020112006,13.48,1.25,13.8,9.87,54.33,3.12,318.6,99.15,0.0
2020112007,124.78,124.08,85.66,13.13,44.64,4.06,310.4,99.21,0.0
2020112008,290.17,278.34,162.31,16.04,37.71,4.31,305.3,99.26,0.0
2020112009,403.95,313.5,212.78,20.18,29.27,4.29,306.7,99.28,0.0
2020112010,505.25,367.26,241.61,24.09,20.95,5.46,319.3,99.25,0.0
2020112011,612.5,553.42,213.82,25.61,18.68,5.57,320.4,99.17,0.0
2020112012,586.03,538.75,215.35,26.32,17.85,5.65,319.1,99.07,0.0
2020112013,487.55,476.92,197.7,26.41,17.51,5.83,317.6,99.0,0.0
2020112014,346.77,395.32,165.75,26.09,17.51,5.94,317.0,98.95,0.0
2020112015,185.2,282.78,101.48,25.2,18.5,5.81,315.4,98.93,0.0
2020112016,30.8,28.56,26.57,21.9,25.16,3.81,312.8,98.93,0.0
2020112017,0.0,0.0,0.0,18.4,32.0,3.88,312.1,98.95,0.0
2020112018,0.0,0.0,0.0,17.62,33.23,4.25,313.4,99.0,0.0
2020112019,0.0,0.0,0.0,16.96,34.51,4.55,315.2,99.07,0.0
2020112020,0.0,0.0,0.0,16.26,36.01,4.82,315.5,99.11,0.0
2020112021,0.0,0.0,0.0,15.44,38.22,4.88,314.5,99.12,0.0
2020112022,0.0,0.0,0.0,14.67,40.92,4.89,314.5,99.1,0.0
2020112023,0.0,0.0,0.0,13.69,44.4,4.63,312.9,99.07,0.0
2020112100,0.0,0.0,0.0,12.95,47.22,4.72,310.1,99.05,0.0
2020112101,0.0,0.0,0.0,12.32,49.43,4.9,307.7,99.03,0.0
2020112102,0.0,0.0,0.0,11.61,51.32,4.71,306.3,99.02,0.0
2020112103,0.0,0.0,0.0,10.89,52.98,4.41,305.0,99.01,0.0
2020112104,0.0,0.0,0.0,10.28,54.3,4.24,304.0,99.02,0.0
2020112105,0.0,0.0,0.0,9.76,55.47,4.12,302.7,99.06,0.0
2020112106,17.1,15.53,17.22,9.45,56.27,4.13,300.9,99.12,0.0
2020112107,164.07,332.02,83.33,11.3,49.65,5.26,297.7,99.21,0.0
2020112108,352.45,531.12,131.98,14.07,41.92,4.44,291.1,99.28,0.0
2020112109,515.62,654.75,153.56,18.58,32.05,4.49,294.7,99.32,0.0
2020112110,625.38,711.15,165.45,23.25,22.94,7.43,315.4,99.31,0.0
2020112111,648.92,674.01,182.56,24.75,20.33,7.48,312.6,99.24,0.0
2020112112,621.05,651.57,186.2,25.45,18.85,7.57,309.5,99.14,0.0
2020112113,526.65,605.38,175.12,25.61,17.89,7.83,307.8,99.05,0.0
2020112114,374.3,502.78,149.49,25.29,17.68,7.65,307.9,99.0,0.0
2020112115,196.35,351.15,96.0,24.33,18.35,6.96,308.6,98.97,0.0
2020112116,32.0,44.54,26.55,21.32,23.34,4.43,307.6,98.98,0.0
2020112117,0.0,0.0,0.0,17.37,31.3,3.78,306.7,99.03,0.0
2020112118,0.0,0.0,0.0,16.34,33.52,3.84,307.4,99.1,0.0
2020112119,0.0,0.0,0.0,15.37,35.78,3.73,308.8,99.16,0.0
2020112120,0.0,0.0,0.0,14.43,37.92,3.64,311.2,99.18,0.0
2020112121,0.0,0.0,0.0,13.6,39.61,3.59,313.1,99.18,0.0
2020112122,0.0,0.0,0.0,12.79,41.01,3.53,314.4,99.15,0.0
2020112123,0.0,0.0,0.0,12.03,42.08,3.49,314.5,99.13,0.0
2020112200,0.0,0.0,0.0,11.34,42.97,3.46,313.2,99.1,0.0
2020112201,0.0,0.0,0.0,10.64,43.65,3.37,310.5,99.08,0.0
2020112202,0.0,0.0,0.0,10.71,42.58,3.3,307.1,99.08,0.0
2020112203,0.0,0.0,0.0,10.97,41.12,3.11,304.5,99.07,0.0
2020112204,0.0,0.0,0.0,10.18,42.33,3.04,303.1,99.08,0.0
2020112205,0.0,0.0,0.0,9.19,43.9,3.13,301.8,99.13,0.0
2020112206,16.5,22.41,15.95,8.74,44.15,3.12,302.2,99.19,0.0
2020112207,164.0,340.44,84.66,11.77,36.08,3.72,303.5,99.26,0.0
2020112208,347.3,509.01,135.03,14.69,29.74,3.56,303.1,99.33,0.0
2020112209,498.83,595.29,174.11,18.89,22.5,3.21,306.5,99.38,0.0
2020112210,608.6,653.24,188.91,23.01,15.08,5.14,316.0,99.38,0.0
2020112211,608.0,544.48,229.34,24.37,13.26,5.09,314.2,99.31,0.0
2020112212,546.4,435.89,254.0,25.13,12.12,4.98,310.9,99.25,0.0
2020112213,457.08,341.59,245.11,25.38,11.59,4.81,308.0,99.17,0.0
2020112214,320.83,261.47,200.75,25.19,11.47,4.69,306.1,99.13,0.0
2020112215,167.23,108.63,137.32,24.25,12.18,4.34,306.2,99.12,0.0
2020112216,28.95,8.45,29.52,20.3,20.89,2.74,308.0,99.13,0.0
2020112217,0.0,0.0,0.0,16.87,25.82,2.99,310.1,99.17,0.0
2020112218,0.0,0.0,0.0,16.08,26.82,2.84,311.7,99.22,0.0
2020112219,0.0,0.0,0.0,15.52,27.27,2.69,313.8,99.25,0.0
2020112220,0.0,0.0,0.0,14.88,27.95,2.66,316.2,99.27,0.0
2020112221,0.0,0.0,0.0,14.15,28.71,2.71,317.8,99.25,0.0
2020112222,0.0,0.0,0.0,13.59,29.25,2.67,319.4,99.23,0.0
2020112223,0.0,0.0,0.0,13.01,29.95,2.66,318.7,99.19,0.0
2020112300,0.0,0.0,0.0,12.26,31.11,2.75,316.9,99.16,0.0
2020112301,0.0,0.0,0.0,11.43,32.63,2.92,317.1,99.15,0.0
2020112302,0.0,0.0,0.0,10.77,33.97,3.01,319.6,99.15,0.0
2020112303,0.0,0.0,0.0,10.26,35.02,2.94,322.0,99.16,0.0
2020112304,0.0,0.0,0.0,9.89,35.78,2.74,320.9,99.18,0.0
2020112305,0.0,0.0,0.0,9.96,35.37,2.38,315.3,99.23,0.0
2020112306,12.57,2.15,16.28,10.42,33.94,1.92,301.0,99.3,0.0
2020112307,122.05,134.83,87.13,12.43,32.49,1.6,273.6,99.37,0.0
2020112308,268.55,275.01,151.64,15.38,24.29,1.99,246.0,99.43,0.0
2020112309,409.17,364.31,196.9,19.26,19.22,2.01,225.4,99.47,0.0
2020112310,482.92,387.39,227.46,23.78,13.71,2.3,223.1,99.44,0.0
2020112311,540.72,357.9,278.44,25.34,12.43,2.02,223.4,99.36,0.0
2020112312,478.52,185.43,311.39,26.25,11.67,1.72,229.5,99.25,0.0
2020112313,399.75,322.39,205.64,26.64,11.25,1.36,243.8,99.15,0.0
2020112314,280.25,259.14,159.05,26.41,11.31,1.01,268.9,99.08,0.0
2020112315,145.43,147.96,101.35,25.47,13.02,0.83,300.3,99.06,0.0
2020112316,23.27,7.54,24.5,23.04,20.13,0.87,326.7,99.06,0.0
2020112317,0.0,0.0,0.0,21.46,17.83,1.09,340.1,99.09,0.0
2020112318,0.0,0.0,0.0,20.16,18.99,1.24,346.0,99.13,0.0
2020112319,0.0,0.0,0.0,19.13,19.54,1.4,348.9,99.18,0.0
2020112320,0.0,0.0,0.0,18.54,19.76,1.58,348.7,99.21,0.0
2020112321,0.0,0.0,0.0,17.59,20.97,1.71,346.9,99.22,0.0
2020112322,0.0,0.0,0.0,16.73,21.9,1.8,344.5,99.21,0.0
2020112323,0.0,0.0,0.0,15.91,22.8,1.88,344.6,99.18,0.0
2020112400,0.0,0.0,0.0,14.93,24.18,2.02,348.0,99.17,0.0
2020112401,0.0,0.0,0.0,13.84,26.25,2.21,356.1,99.16,0.0
2020112402,0.0,0.0,0.0,12.79,28.22,2.37,2.2,99.15,0.0
2020112403,0.0,0.0,0.0,12.06,29.83,2.42,6.9,99.14,0.0
2020112404,0.0,0.0,0.0,11.8,30.8,2.26,9.7,99.14,0.0
2020112405,0.0,0.0,0.0,12.01,30.96,1.96,9.4,99.18,0.0
2020112406,11.45,1.31,14.29,12.51,30.52,1.53,5.3,99.23,0.0
2020112407,113.82,101.83,89.82,13.99,29.91,0.96,347.4,99.29,0.0
2020112408,251.45,226.86,160.78,16.3,24.42,0.82,310.1,99.34,0.0
2020112409,380.83,278.19,204.36,19.1,20.55,0.69,277.5,99.37,0.0
2020112410,451.35,219.8,277.82,23.68,14.48,0.82,247.2,99.34,0.0
2020112411,451.12,95.84,341.75,25.51,12.68,0.48,242.9,99.26,0.0
2020112412,402.42,118.86,281.02,26.37,12.13,0.22,264.8,99.15,0.0
2020112413,308.7,72.54,234.82,26.42,12.17,0.18,317.3,99.06,0.0
2020112414,216.1,39.97,176.12,25.68,12.95,0.34,317.4,99.0,0.0
2020112415,110.45,16.63,91.8,24.46,20.17,0.62,327.6,98.99,0.0
2020112416,19.7,0.67,20.26,22.68,20.05,1.18,336.0,99.0,0.0
2020112417,0.0,0.0,0.0,20.85,21.78,1.77,347.9,99.03,0.0
2020112418,0.0,0.0,0.0,19.15,24.79,2.39,355.4,99.09,0.0
2020112419,0.0,0.0,0.0,16.96,26.75,2.91,0.6,99.17,0.0
2020112420,0.0,0.0,0.0,15.75,28.37,3.18,9.0,99.21,0.0
2020112421,0.0,0.0,0.0,15.55,28.65,3.27,16.7,99.22,0.0
2020112422,0.0,0.0,0.0,15.89,28.29,3.13,24.1,99.21,0.0
2020112423,0.0,0.0,0.0,15.61,29.25,3.07,29.2,99.19,0.0
2020112500,0.0,0.0,0.0,14.87,31.32,3.03,33.7,99.17,0.0
2020112501,0.0,0.0,0.0,14.11,33.68,3.01,37.4,99.14,0.0
2020112502,0.0,0.0,0.0,13.7,35.08,2.83,41.3,99.11,0.0
2020112503,0.0,0.0,0.0,13.34,36.01,2.58,45.5,99.09,0.0
2020112504,0.0,0.0,0.0,13.39,35.9,2.26,51.3,99.09,0.0
2020112505,0.0,0.0,0.0,13.55,35.53,1.95,60.1,99.12,0.0
2020112506,8.38,0.0,9.97,13.67,35.48,1.71,70.9,99.18,0.0
2020112507,85.07,6.14,74.21,14.92,34.52,1.4,86.3,99.25,0.0
2020112508,196.7,21.76,169.11,16.7,29.24,1.13,104.4,99.33,0.0
2020112509,293.17,71.47,226.33,18.37,26.56,0.46,121.6,99.4,0.0
2020112510,310.15,22.74,251.57,22.01,18.38,1.3,137.5,99.38,0.0
2020112511,306.3,21.93,253.05,24.27,15.91,1.49,137.4,99.3,0.0
2020112512,268.17,39.1,195.92,25.23,15.65,1.51,140.9,99.21,0.0
2020112513,175.85,11.48,146.38,25.27,16.0,1.4,145.7,99.14,0.0
2020112514,121.75,6.72,105.05,24.86,16.59,1.14,135.4,99.09,0.0
2020112515,64.45,3.03,55.73,24.01,17.82,1.14,119.5,99.08,0.0
2020112516,10.62,0.0,10.62,21.91,25.01,1.13,117.9,99.09,0.0
2020112517,0.0,0.0,0.0,20.48,24.22,1.31,116.4,99.14,0.0
2020112518,0.0,0.0,0.0,19.8,24.45,1.28,109.1,99.19,0.0
2020112519,0.0,0.0,0.0,19.27,24.57,1.15,95.5,99.26,0.0
2020112520,0.0,0.0,0.0,18.75,24.96,0.93,63.2,99.3,0.0
2020112521,0.0,0.0,0.0,17.93,26.51,1.36,18.8,99.31,0.0
2020112522,0.0,0.0,0.0,16.21,31.19,2.25,3.1,99.3,0.0
2020112523,0.0,0.0,0.0,15.0,35.57,2.94,357.9,99.28,0.0
2020112600,0.0,0.0,0.0,14.39,40.76,3.4,354.3,99.25,0.0
2020112601,0.0,0.0,0.0,12.99,50.15,4.01,349.1,99.24,0.01
2020112602,0.0,0.0,0.0,12.0,58.27,4.1,342.1,99.22,0.01
2020112603,0.0,0.0,0.0,11.83,62.24,4.03,335.5,99.23,0.01
2020112604,0.0,0.0,0.0,11.83,65.11,3.74,332.3,99.25,0.04
2020112605,0.0,0.0,0.0,11.77,67.94,3.34,333.1,99.32,0.25
2020112606,8.93,0.63,11.51,11.64,71.25,3.02,335.4,99.41,1.44
2020112607,97.05,69.95,81.79,12.83,68.4,4.04,337.6,99.5,3.34
2020112608,226.6,202.33,141.46,14.81,62.17,3.58,338.7,99.57,0.0
2020112609,370.45,330.42,180.72,18.8,46.08,4.19,349.1,99.63,0.0
2020112610,493.02,413.5,215.91,22.48,31.07,4.92,356.2,99.63,0.0
2020112611,447.83,277.3,240.96,24.34,25.35,4.12,356.2,99.58,0.0
2020112612,392.95,274.95,198.82,25.32,23.84,3.76,353.6,99.49,0.0
2020112613,339.7,232.24,189.27,25.62,24.61,3.82,348.8,99.42,0.0
2020112614,260.4,197.0,164.52,25.28,26.73,4.26,343.8,99.38,0.0
2020112615,127.5,112.35,92.87,24.21,30.85,4.71,338.8,99.37,0.0
2020112616,21.77,6.73,22.66,22.03,38.86,4.03,335.2,99.4,0.0
2020112617,0.0,0.0,0.0,19.03,51.32,3.43,333.1,99.45,0.0
2020112618,0.0,0.0,0.0,17.97,57.43,3.28,332.0,99.53,0.0
2020112619,0.0,0.0,0.0,16.97,61.53,2.94,330.0,99.58,0.0
2020112620,0.0,0.0,0.0,16.24,63.53,2.9,326.8,99.62,0.0
2020112621,0.0,0.0,0.0,15.7,63.37,3.07,323.9,99.63,0.0
2020112622,0.0,0.0,0.0,15.22,61.86,3.36,323.5,99.62,0.0
2020112623,0.0,0.0,0.0,14.72,60.26,3.84,325.2,99.58,0.0
2020112700,0.0,0.0,0.0,14.07,60.26,4.42,327.6,99.56,0.0
2020112701,0.0,0.0,0.0,13.18,62.9,4.64,327.5,99.53,0.0
2020112702,0.0,0.0,0.0,12.33,66.27,4.58,324.1,99.52,0.0
2020112703,0.0,0.0,0.0,11.64,69.7,4.52,319.2,99.52,0.0
2020112704,0.0,0.0,0.0,11.08,72.59,4.48,314.6,99.53,0.0
2020112705,0.0,0.0,0.0,10.57,75.38,4.41,311.4,99.57,0.0
2020112706,12.35,11.91,13.53,10.09,77.89,4.28,308.7,99.64,0.0
2020112707,148.43,313.87,80.12,11.33,71.51,5.03,307.1,99.69,0.0
2020112708,336.8,548.17,116.57,14.5,57.56,4.48,308.2,99.74,0.0
2020112709,503.45,688.17,137.78,19.61,39.83,4.75,316.3,99.76,0.0
2020112710,619.85,781.06,136.27,23.93,26.19,5.13,322.7,99.73,0.0
2020112711,657.4,773.76,148.83,26.15,20.48,4.62,320.0,99.65,0.0
2020112712,635.58,779.81,140.32,27.36,18.22,4.02,317.2,99.54,0.0
2020112713,545.83,746.64,131.84,27.78,17.34,3.62,314.1,99.46,0.0
2020112714,396.85,661.2,110.46,27.53,17.15,3.44,310.2,99.4,0.0
2020112715,210.25,495.83,77.34,26.56,17.84,3.45,305.8,99.4,0.0
2020112716,34.25,81.07,27.94,22.5,25.08,2.69,300.9,99.42,0.0
2020112717,0.0,0.0,0.0,18.7,30.31,3.42,300.2,99.46,0.0
2020112718,0.0,0.0,0.0,17.76,31.79,3.68,302.6,99.55,0.0
2020112719,0.0,0.0,0.0,16.97,33.94,3.89,306.8,99.61,0.0
2020112720,0.0,0.0,0.0,16.16,36.78,4.1,311.3,99.65,0.0
2020112721,0.0,0.0,0.0,15.35,39.93,4.28,315.1,99.66,0.0
2020112722,0.0,0.0,0.0,14.47,43.32,4.32,315.8,99.64,0.0
2020112723,0.0,0.0,0.0,13.59,46.88,4.22,313.7,99.62,0.0
2020112800,0.0,0.0,0.0,12.86,50.43,4.15,310.0,99.57,0.0
2020112801,0.0,0.0,0.0,12.29,54.23,4.28,306.1,99.53,0.0
2020112802,0.0,0.0,0.0,11.71,58.63,4.33,304.2,99.5,0.0
2020112803,0.0,0.0,0.0,11.04,63.7,4.17,303.8,99.48,0.0
2020112804,0.0,0.0,0.0,10.38,68.6,4.0,303.1,99.5,0.0
2020112805,0.0,0.0,0.0,9.74,72.69,3.68,302.0,99.55,0.0
2020112806,12.95,34.23,14.06,9.21,75.5,3.43,301.7,99.6,0.0
2020112807,157.68,419.55,69.63,10.94,66.79,4.78,300.4,99.66,0.0
2020112808,349.5,660.98,98.64,13.78,54.73,3.84,294.3,99.69,0.0
2020112809,514.92,774.58,112.93,18.59,37.59,3.79,293.0,99.71,0.0
2020112810,628.2,860.05,107.48,22.92,24.57,5.22,301.7,99.68,0.0
2020112811,643.2,748.85,151.55,24.69,21.51,5.03,302.2,99.6,0.0
2020112812,619.47,744.81,146.01,25.9,19.42,4.71,304.3,99.5,0.0
2020112813,528.45,696.72,140.27,26.56,18.11,4.38,306.3,99.4,0.0
2020112814,380.38,606.44,116.48,26.41,17.66,4.19,309.2,99.32,0.0
2020112815,200.38,448.72,76.91,25.51,18.08,3.86,312.6,99.27,0.0
2020112816,32.33,73.43,26.52,21.37,25.2,2.62,313.6,99.25,0.0
2020112817,0.0,0.0,0.0,17.88,29.91,3.07,312.6,99.26,0.0
2020112818,0.0,0.0,0.0,16.7,31.82,3.24,311.6,99.3,0.0
2020112819,0.0,0.0,0.0,15.7,33.75,3.28,310.5,99.32,0.0
2020112820,0.0,0.0,0.0,14.76,35.77,3.31,307.8,99.35,0.0
2020112821,0.0,0.0,0.0,13.87,37.89,3.36,306.3,99.36,0.0
2020112822,0.0,0.0,0.0,13.0,40.1,3.35,306.5,99.35,0.0
2020112823,0.0,0.0,0.0,12.13,42.45,3.27,306.7,99.32,0.0
2020112900,0.0,0.0,0.0,11.3,44.83,3.18,306.3,99.3,0.0
2020112901,0.0,0.0,0.0,10.6,46.97,3.11,306.2,99.29,0.0
2020112902,0.0,0.0,0.0,10.01,48.73,3.05,308.5,99.31,0.0
2020112903,0.0,0.0,0.0,9.48,50.64,3.01,311.6,99.32,0.0
2020112904,0.0,0.0,0.0,9.18,51.83,2.93,314.2,99.36,0.0
2020112905,0.0,0.0,0.0,8.85,53.45,2.82,316.6,99.42,0.0
2020112906,11.7,14.14,13.94,8.71,54.56,2.67,318.2,99.49,0.0
2020112907,149.4,375.44,70.18,11.43,46.21,2.66,318.5,99.56,0.0
2020112908,339.55,593.4,107.76,14.19,39.18,2.45,316.2,99.62,0.0
2020112909,503.95,736.06,120.02,18.23,30.44,1.79,308.2,99.63,0.0
2020112910,615.4,795.92,128.17,23.09,20.63,2.94,298.5,99.58,0.0
2020112911,626.9,696.69,165.81,24.71,17.62,2.79,300.8,99.48,0.0
2020112912,605.3,704.36,155.43,25.85,15.49,2.82,305.5,99.36,0.0
2020112913,515.53,658.24,148.66,26.51,13.92,3.06,308.9,99.27,0.0
2020112914,368.5,553.27,126.24,26.45,13.23,3.28,310.7,99.2,0.0
2020112915,188.02,378.27,86.38,25.41,13.96,3.06,313.1,99.16,0.0
2020112916,29.52,47.12,26.81,20.77,22.24,2.48,319.6,99.17,0.0
2020112917,0.0,0.0,0.0,17.65,25.61,2.92,326.3,99.2,0.0
2020112918,0.0,0.0,0.0,16.49,27.83,2.93,330.5,99.24,0.0
2020112919,0.0,0.0,0.0,15.63,30.22,2.82,332.3,99.27,0.0
2020112920,0.0,0.0,0.0,14.89,32.82,2.75,330.4,99.29,0.0
2020112921,0.0,0.0,0.0,14.04,36.36,2.82,325.7,99.29,0.0
2020112922,0.0,0.0,0.0,13.18,40.13,2.96,322.1,99.28,0.0
2020112923,0.0,0.0,0.0,12.45,43.07,3.06,320.2,99.25,0.0
2020113000,0.0,0.0,0.0,11.83,45.2,3.07,320.1,99.22,0.0
2020113001,0.0,0.0,0.0,11.29,46.95,3.0,321.6,99.2,0.0
2020113002,0.0,0.0,0.0,10.84,48.37,2.8,325.6,99.18,0.0
2020113003,0.0,0.0,0.0,10.56,49.4,2.51,331.2,99.17,0.0
2020113004,0.0,0.0,0.0,10.59,49.3,2.14,335.1,99.18,0.0
2020113005,0.0,0.0,0.0,10.7,48.96,1.77,334.9,99.22,0.0
2020113006,10.35,7.83,13.86,10.75,48.84,1.47,326.6,99.31,0.0
2020113007,135.6,295.09,75.09,12.16,44.52,1.28,311.5,99.38,0.0
2020113008,318.88,507.3,125.44,14.8,37.51,1.63,293.9,99.46,0.0
2020113009,482.98,658.17,139.39,18.77,29.02,1.68,282.4,99.51,0.0
2020113010,595.6,749.07,136.69,23.74,19.01,2.61,280.1,99.5,0.0
2020113011,595.62,616.83,182.99,25.38,16.14,3.02,282.4,99.43,0.0
2020113012,574.58,613.03,176.89,26.4,14.48,3.25,285.9,99.33,0.0
2020113013,489.38,571.3,161.86,26.95,13.43,3.38,290.4,99.23,0.0
2020113014,346.17,467.23,146.58,26.82,13.21,3.37,295.3,99.16,0.0
2020113015,174.2,286.18,98.35,25.73,14.27,2.83,301.1,99.12,0.0
2020113016,27.38,27.79,26.67,21.44,22.02,2.38,311.3,99.12,0.0
2020113017,0.0,0.0,0.0,18.8,24.47,2.85,318.3,99.15,0.0
2020113018,0.0,0.0,0.0,17.34,26.92,3.13,323.3,99.2,0.0
2020113019,0.0,0.0,0.0,16.24,29.57,3.26,327.9,99.24,0.0
2020113020,0.0,0.0,0.0,15.36,32.47,3.3,329.2,99.26,0.0
2020113021,0.0,0.0,0.0,14.57,35.99,3.32,328.6,99.27,0.0
2020113022,0.0,0.0,0.0,13.82,39.89,3.29,327.7,99.26,0.0
2020113023,0.0,0.0,0.0,13.11,43.55,3.23,327.4,99.22,0.0
2020120100,0.0,0.0,0.0,12.42,46.87,3.16,326.6,99.19,0.0
2020120101,0.0,0.0,0.0,11.76,50.09,3.05,325.4,99.16,0.0
2020120102,0.0,0.0,0.0,11.15,53.22,2.89,323.7,99.13,0.0
2020120103,0.0,0.0,0.0,10.66,55.97,2.72,321.1,99.13,0.0
2020120104,0.0,0.0,0.0,10.25,58.29,2.58,318.0,99.15,0.0
2020120105,0.0,0.0,0.0,9.93,60.5,2.46,315.0,99.22,0.0
2020120106,9.6,6.42,12.05,9.69,62.47,2.37,311.2,99.31,0.0
2020120107,132.75,290.41,72.82,11.91,54.62,2.23,305.3,99.42,0.0
2020120108,311.5,515.36,115.95,14.55,46.68,2.32,297.4,99.5,0.0
2020120109,469.67,633.98,137.61,18.05,37.52,1.67,288.5,99.55,0.0
2020120110,578.7,692.14,155.25,23.16,25.19,2.16,297.0,99.53,0.0
2020120111,557.7,519.15,197.13,24.93,21.57,2.26,303.6,99.46,0.0
2020120112,538.58,500.4,208.42,26.02,19.59,2.49,311.4,99.35,0.0
2020120113,451.77,439.07,200.64,26.63,18.51,2.88,316.8,99.25,0.0
2020120114,322.3,372.95,155.75,26.65,18.25,3.32,318.5,99.18,0.0
2020120115,162.6,225.31,93.53,25.59,19.76,2.97,317.5,99.14,0.0
2020120116,25.9,16.2,25.26,21.33,27.05,2.71,316.3,99.15,0.0
2020120117,0.0,0.0,0.0,18.64,30.86,3.2,316.9,99.18,0.0
2020120118,0.0,0.0,0.0,17.69,32.92,3.32,317.8,99.22,0.0
2020120119,0.0,0.0,0.0,16.88,35.25,3.35,319.0,99.26,0.0
2020120120,0.0,0.0,0.0,16.16,37.43,3.39,321.3,99.29,0.0
2020120121,0.0,0.0,0.0,15.5,39.5,3.42,324.3,99.29,0.0
2020120122,0.0,0.0,0.0,14.84,41.67,3.44,326.6,99.27,0.0
2020120123,0.0,0.0,0.0,14.17,44.18,3.4,327.9,99.22,0.0
2020120200,0.0,0.0,0.0,13.45,47.51,3.32,328.0,99.18,0.0
2020120201,0.0,0.0,0.0,12.73,51.29,3.21,326.8,99.15,0.0
2020120202,0.0,0.0,0.0,12.04,55.35,3.1,325.2,99.13,0.0
2020120203,0.0,0.0,0.0,11.45,58.96,2.99,322.3,99.12,0.0
2020120204,0.0,0.0,0.0,10.94,62.09,2.92,317.2,99.14,0.0
2020120205,0.0,0.0,0.0,10.52,64.63,2.88,310.2,99.19,0.0
2020120206,9.15,6.63,11.13,10.22,66.62,2.9,302.6,99.26,0.0
2020120207,133.07,316.2,68.0,12.75,56.7,3.47,296.3,99.32,0.0
2020120208,311.42,518.67,111.59,15.48,48.06,3.73,289.1,99.36,0.0
2020120209,472.92,670.14,127.31,19.23,38.49,3.23,283.0,99.38,0.0
2020120210,584.1,729.1,139.86,24.24,27.27,5.12,299.4,99.32,0.0
2020120211,575.08,582.27,185.86,26.08,23.9,5.29,301.2,99.21,0.0
2020120212,557.25,588.58,176.27,27.22,22.19,5.43,303.5,99.07,0.0
2020120213,470.75,535.69,168.57,27.78,21.4,5.65,304.9,98.94,0.0
2020120214,334.33,451.54,139.33,27.42,21.79,5.69,303.9,98.86,0.0
2020120215,178.52,341.93,83.87,26.25,23.61,4.76,301.0,98.81,0.0
2020120216,27.5,33.01,25.32,21.98,31.34,3.1,296.0,98.81,0.0
2020120217,0.0,0.0,0.0,19.12,37.62,3.45,293.0,98.84,0.0
2020120218,0.0,0.0,0.0,18.19,40.35,3.5,292.2,98.91,0.0
2020120219,0.0,0.0,0.0,17.36,42.78,3.49,293.3,98.96,0.0
2020120220,0.0,0.0,0.0,16.6,45.07,3.5,296.5,98.98,0.0
2020120221,0.0,0.0,0.0,15.92,47.06,3.49,300.8,98.97,0.0
2020120222,0.0,0.0,0.0,15.2,49.27,3.45,304.4,98.94,0.0
2020120223,0.0,0.0,0.0,14.47,51.72,3.38,306.9,98.9,0.0
2020120300,0.0,0.0,0.0,13.73,54.95,3.28,308.9,98.86,0.0
2020120301,0.0,0.0,0.0,13.04,58.84,3.19,310.3,98.85,0.0
2020120302,0.0,0.0,0.0,12.33,63.51,3.0,311.1,98.85,0.0
2020120303,0.0,0.0,0.0,11.61,68.57,2.8,311.1,98.86,0.0
2020120304,0.0,0.0,0.0,11.0,73.1,2.6,308.8,98.88,0.0
2020120305,0.0,0.0,0.0,10.53,76.85,2.41,303.5,98.95,0.0
2020120306,8.07,2.46,10.25,10.23,79.35,2.2,296.4,99.04,0.0
2020120307,113.43,179.74,75.77,12.1,70.49,1.99,288.8,99.12,0.0
2020120308,272.9,341.51,145.16,14.5,60.59,2.05,277.9,99.18,0.0
2020120309,418.98,414.91,194.64,17.72,49.35,1.48,264.9,99.22,0.0
2020120310,523.33,448.04,256.21,23.06,32.17,1.83,278.2,99.2,0.0
2020120311,514.17,345.43,281.48,25.68,25.32,2.09,283.8,99.13,0.0
2020120312,489.83,372.69,227.84,26.98,22.22,2.13,287.5,99.02,0.0
2020120313,436.67,382.94,208.52,27.64,20.46,2.18,289.0,98.92,0.0
2020120314,304.6,332.45,155.42,27.42,20.19,2.34,291.3,98.85,0.0
2020120315,153.1,187.94,102.62,26.12,22.82,1.92,295.9,98.82,0.0
2020120316,24.55,11.42,25.11,22.6,28.12,2.1,305.5,98.82,0.0
2020120317,0.0,0.0,0.0,20.62,30.77,2.33,314.1,98.86,0.0
2020120318,0.0,0.0,0.0,19.69,33.24,2.34,322.6,98.92,0.0
2020120319,0.0,0.0,0.0,18.91,35.56,2.33,331.2,98.97,0.0
2020120320,0.0,0.0,0.0,18.11,38.08,2.35,338.0,99.0,0.0
2020120321,0.0,0.0,0.0,17.38,40.51,2.34,341.8,99.0,0.0
2020120322,0.0,0.0,0.0,16.79,42.71,2.25,343.7,98.97,0.0
2020120323,0.0,0.0,0.0,16.27,44.72,2.13,343.9,98.93,0.0
2020120400,0.0,0.0,0.0,15.78,46.65,2.0,344.6,98.88,0.0
2020120401,0.0,0.0,0.0,15.32,48.48,1.85,346.3,98.84,0.0
2020120402,0.0,0.0,0.0,14.86,50.3,1.71,349.9,98.81,0.0
2020120403,0.0,0.0,0.0,14.6,51.52,1.42,357.6,98.8,0.0
2020120404,0.0,0.0,0.0,14.38,52.55,0.98,1.2,98.81,0.0
2020120405,0.0,0.0,0.0,14.54,52.13,0.51,340.5,98.85,0.0
2020120406,7.57,1.61,10.5,14.18,53.39,0.52,260.0,98.91,0.0
2020120407,112.32,182.5,74.71,14.29,52.94,1.0,234.4,98.96,0.0
2020120408,280.77,404.55,127.64,16.54,45.59,1.66,228.4,99.01,0.0
2020120409,433.27,534.78,152.97,19.47,37.51,1.56,222.2,99.03,0.0
2020120410,548.4,631.36,161.83,24.74,23.55,1.85,216.4,99.01,0.0
2020120411,533.12,483.92,204.26,26.71,19.31,1.45,231.2,98.93,0.0
2020120412,534.08,527.26,192.61,27.95,16.93,1.23,251.6,98.83,0.0
2020120413,451.0,470.49,184.63,28.53,15.67,1.17,272.4,98.74,0.0
2020120414,325.38,419.66,141.47,28.24,15.56,1.13,291.3,98.69,0.0
2020120415,168.3,286.99,85.45,26.92,20.0,0.64,323.3,98.65,0.0
2020120416,26.83,34.19,24.33,24.73,20.74,0.76,44.5,98.64,0.0
2020120417,0.0,0.0,0.0,23.0,21.84,1.36,80.3,98.66,0.0
2020120418,0.0,0.0,0.0,21.4,23.78,1.86,97.1,98.7,0.0
2020120419,0.0,0.0,0.0,19.83,26.07,2.27,109.8,98.76,0.0
2020120420,0.0,0.0,0.0,18.42,28.56,2.57,120.4,98.8,0.0
2020120421,0.0,0.0,0.0,17.19,31.03,2.72,128.7,98.82,0.0
2020120422,0.0,0.0,0.0,16.15,33.23,2.78,135.1,98.83,0.0
2020120423,0.0,0.0,0.0,15.32,35.14,2.73,140.1,98.83,0.0
2020120500,0.0,0.0,0.0,14.76,36.62,2.57,142.1,98.84,0.0
2020120501,0.0,0.0,0.0,14.29,38.14,2.43,139.3,98.85,0.0
2020120502,0.0,0.0,0.0,13.65,40.16,2.45,135.7,98.83,0.0
2020120503,0.0,0.0,0.0,12.94,42.48,2.59,136.3,98.81,0.0
2020120504,0.0,0.0,0.0,12.3,44.96,2.75,139.9,98.81,0.0
2020120505,0.0,0.0,0.0,11.82,47.45,2.8,145.2,98.84,0.0
2020120506,8.25,14.7,9.87,11.49,49.34,2.77,151.0,98.9,0.0
2020120507,128.55,344.56,62.4,13.91,42.63,2.35,156.7,98.97,0.0
2020120508,298.0,515.15,117.43,17.32,34.43,2.86,155.9,99.01,0.0
2020120509,446.52,582.48,167.16,20.86,27.56,2.28,149.4,99.06,0.0
2020120510,554.47,579.29,227.54,24.66,21.47,2.59,159.0,99.04,0.0
2020120511,556.92,472.1,258.74,27.84,16.52,2.4,188.1,98.97,0.0
2020120512,540.8,435.99,276.74,29.47,14.59,2.07,203.3,98.87,0.0
2020120513,429.58,467.67,192.0,29.84,14.23,1.89,195.4,98.79,0.0
2020120514,313.88,417.77,148.21,29.52,14.57,1.78,185.5,98.73,0.0
2020120515,168.88,271.37,97.93,28.05,19.06,1.2,166.5,98.71,0.0
2020120516,27.65,43.94,27.72,25.31,20.74,1.6,136.5,98.72,0.0
2020120517,0.0,0.0,0.0,22.77,22.51,2.21,128.2,98.76,0.0
2020120518,0.0,0.0,0.0,20.94,25.0,2.69,130.9,98.83,0.0
2020120519,0.0,0.0,0.0,19.74,26.88,2.9,138.2,98.91,0.0
2020120520,0.0,0.0,0.0,18.89,28.5,3.02,150.0,98.95,0.0
2020120521,0.0,0.0,0.0,17.7,31.18,3.26,162.0,98.96,0.0
2020120522,0.0,0.0,0.0,16.77,34.23,3.33,172.2,98.97,0.0
2020120523,0.0,0.0,0.0,15.95,37.82,3.19,183.4,98.98,0.0
2020120600,0.0,0.0,0.0,15.19,41.26,2.96,192.7,98.97,0.0
2020120601,0.0,0.0,0.0,14.53,44.48,2.69,194.0,98.96,0.0
2020120602,0.0,0.0,0.0,14.1,46.52,2.31,196.6,98.96,0.0
2020120603,0.0,0.0,0.0,14.13,46.93,1.78,200.1,98.97,0.0
2020120604,0.0,0.0,0.0,14.16,47.15,1.36,198.0,99.01,0.0
2020120605,0.0,0.0,0.0,14.02,47.81,1.2,185.3,99.07,0.0
2020120606,7.4,8.8,9.48,13.73,48.86,1.25,172.6,99.15,0.0
2020120607,123.88,301.09,66.96,14.9,45.32,1.33,165.6,99.22,0.0
2020120608,299.7,535.06,107.18,17.41,38.96,1.82,161.5,99.29,0.0
2020120609,455.7,653.34,125.09,20.73,32.14,1.81,164.0,99.35,0.0
2020120610,565.65,735.5,122.96,24.13,26.25,1.87,182.5,99.34,0.0
2020120611,544.0,530.76,190.47,27.48,20.29,2.01,231.9,99.25,0.0
2020120612,523.8,518.25,189.99,28.78,18.71,2.08,253.5,99.14,0.0
2020120613,435.25,452.09,178.23,29.09,18.52,2.2,265.8,99.04,0.0
2020120614,306.0,366.1,146.06,28.76,18.86,2.43,280.2,98.97,0.0
2020120615,158.12,240.02,87.99,27.28,21.47,1.99,296.8,98.94,0.0
2020120616,24.65,15.21,23.91,23.3,26.93,2.46,314.7,98.96,0.0
2020120617,0.0,0.0,0.0,20.83,29.84,2.89,323.3,98.99,0.0
2020120618,0.0,0.0,0.0,19.55,32.18,3.13,325.4,99.05,0.0
2020120619,0.0,0.0,0.0,18.49,34.4,3.35,324.2,99.11,0.0
2020120620,0.0,0.0,0.0,17.62,36.51,3.47,324.2,99.16,0.0
2020120621,0.0,0.0,0.0,16.85,38.76,3.49,327.0,99.18,0.0
2020120622,0.0,0.0,0.0,16.1,41.35,3.46,331.7,99.18,0.0
2020120623,0.0,0.0,0.0,15.34,44.22,3.4,335.7,99.17,0.0
2020120700,0.0,0.0,0.0,14.59,47.08,3.32,337.0,99.17,0.0
2020120701,0.0,0.0,0.0,13.95,49.66,3.25,336.2,99.17,0.0
2020120702,0.0,0.0,0.0,13.36,51.71,3.14,334.2,99.16,0.0
2020120703,0.0,0.0,0.0,12.84,53.38,3.04,331.1,99.15,0.0
2020120704,0.0,0.0,0.0,12.38,55.03,2.95,326.5,99.16,0.0
2020120705,0.0,0.0,0.0,11.98,56.41,2.88,319.5,99.2,0.0
2020120706,5.68,0.0,9.08,11.65,57.8,2.8,310.4,99.26,0.0
2020120707,83.75,35.25,77.55,13.69,50.58,2.74,297.9,99.31,0.0
2020120708,214.8,141.39,160.75,16.48,42.38,3.45,286.5,99.37,0.0
2020120709,336.67,227.57,213.52,19.83,34.41,2.84,276.1,99.41,0.0
2020120710,431.42,284.9,230.17,24.47,24.9,3.67,287.8,99.39,0.0
2020120711,473.3,273.5,265.58,27.43,18.41,4.62,294.1,99.33,0.0
2020120712,445.9,198.4,299.76,28.67,17.64,5.15,295.4,99.25,0.0
2020120713,382.15,247.07,226.24,28.99,18.14,5.49,296.8,99.18,0.0
2020120714,281.55,208.77,188.99,28.63,18.91,5.56,297.9,99.12,0.0
2020120715,139.7,118.95,104.62,27.38,20.6,4.7,299.6,99.11,0.0
2020120716,22.77,5.97,23.24,23.13,26.98,3.11,302.7,99.14,0.0
2020120717,0.0,0.0,0.0,20.34,31.81,3.41,306.8,99.19,0.0
2020120718,0.0,0.0,0.0,19.35,34.2,3.39,310.2,99.25,0.0
2020120719,0.0,0.0,0.0,18.48,36.5,3.36,313.2,99.29,0.0
2020120720,0.0,0.0,0.0,17.67,38.81,3.33,316.1,99.32,0.0
2020120721,0.0,0.0,0.0,16.94,40.89,3.32,319.4,99.32,0.0
2020120722,0.0,0.0,0.0,16.22,43.14,3.3,322.9,99.3,0.0
2020120723,0.0,0.0,0.0,15.5,45.52,3.24,327.3,99.27,0.0
2020120800,0.0,0.0,0.0,14.75,48.23,3.11,331.0,99.24,0.0
2020120801,0.0,0.0,0.0,14.05,51.14,2.89,331.9,99.22,0.0
2020120802,0.0,0.0,0.0,13.55,53.44,2.56,330.7,99.2,0.0
2020120803,0.0,0.0,0.0,13.37,54.79,2.2,326.3,99.2,0.0
2020120804,0.0,0.0,0.0,13.33,55.46,1.88,317.8,99.22,0.0
2020120805,0.0,0.0,0.0,13.25,56.1,1.63,306.5,99.28,0.0
2020120806,5.53,0.0,8.85,13.06,57.17,1.48,295.7,99.37,0.0
2020120807,92.22,91.86,71.5,14.05,53.85,1.3,289.8,99.47,0.0
2020120808,240.3,261.32,143.0,16.35,46.82,1.41,291.3,99.53,0.0
2020120809,384.77,407.44,167.02,19.42,38.96,0.91,298.3,99.57,0.0
2020120810,497.15,481.77,198.58,24.8,25.37,1.67,276.9,99.54,0.0
2020120811,505.5,400.71,225.28,26.8,21.07,2.22,283.0,99.43,0.0
2020120812,494.92,415.29,211.91,27.71,19.65,2.58,289.9,99.31,0.0
2020120813,410.75,355.51,202.65,28.09,19.11,2.92,295.8,99.21,0.0
2020120814,315.5,359.55,152.09,27.91,19.26,3.1,300.0,99.13,0.0
2020120815,165.35,259.84,87.02,26.76,21.0,2.49,305.4,99.09,0.0
2020120816,24.98,14.31,23.78,22.83,27.0,2.29,320.7,99.09,0.0
2020120817,0.0,0.0,0.0,20.66,29.93,2.54,334.1,99.12,0.0
2020120818,0.0,0.0,0.0,19.66,32.14,2.59,345.2,99.17,0.0
2020120819,0.0,0.0,0.0,18.98,33.9,2.49,354.9,99.21,0.0
2020120820,0.0,0.0,0.0,18.42,35.57,2.38,1.9,99.24,0.0
2020120821,0.0,0.0,0.0,17.91,37.27,2.26,6.3,99.25,0.0
2020120822,0.0,0.0,0.0,17.59,38.5,2.05,9.3,99.23,0.0
2020120823,0.0,0.0,0.0,17.37,39.51,1.77,8.1,99.22,0.0
2020120900,0.0,0.0,0.0,17.05,40.72,1.54,3.7,99.21,0.0
2020120901,0.0,0.0,0.0,16.61,42.2,1.42,359.2,99.19,0.0
2020120902,0.0,0.0,0.0,16.05,44.07,1.38,349.2,99.16,0.0
2020120903,0.0,0.0,0.0,15.22,46.75,1.57,332.0,99.14,0.0
2020120904,0.0,0.0,0.0,14.2,50.12,1.89,320.6,99.14,0.0
2020120905,0.0,0.0,0.0,13.22,53.65,2.19,313.0,99.17,0.0
2020120906,5.68,4.06,8.37,12.35,57.05,2.48,306.3,99.23,0.0
2020120907,108.88,231.28,67.05,14.26,50.39,2.54,301.6,99.28,0.0
2020120908,277.27,456.63,116.1,17.41,41.45,3.32,298.3,99.34,0.0
2020120909,437.67,619.43,131.62,20.93,33.43,2.49,293.2,99.37,0.0
2020120910,559.05,726.14,125.17,25.78,24.31,3.27,295.0,99.32,0.0
2020120911,547.6,549.7,181.96,27.88,21.88,3.54,291.9,99.22,0.0
2020120912,522.55,521.59,188.01,29.02,20.93,3.68,292.9,99.08,0.0
2020120913,461.88,536.77,163.5,29.53,20.56,3.79,296.0,98.96,0.0
2020120914,329.9,453.07,134.01,29.33,20.79,3.78,300.4,98.88,0.0
2020120915,173.07,326.35,81.99,28.11,22.51,2.99,306.8,98.84,0.0
2020120916,27.58,35.67,25.16,23.72,29.24,2.65,320.1,98.84,0.0
2020120917,0.0,0.0,0.0,21.07,33.98,3.04,329.4,98.87,0.0
2020120918,0.0,0.0,0.0,19.97,36.73,3.17,336.6,98.92,0.0
2020120919,0.0,0.0,0.0,19.05,39.4,3.22,341.7,98.96,0.0
2020120920,0.0,0.0,0.0,18.34,41.8,3.2,345.4,98.98,0.0
2020120921,0.0,0.0,0.0,17.69,44.41,3.14,348.8,98.99,0.0
2020120922,0.0,0.0,0.0,17.7,45.39,2.96,353.0,98.98,0.0
2020120923,0.0,0.0,0.0,17.5,46.99,2.83,357.2,98.96,0.0
2020121000,0.0,0.0,0.0,16.97,49.81,2.8,0.2,98.96,0.0
2020121001,0.0,0.0,0.0,15.7,55.35,2.95,3.1,98.98,0.0
2020121002,0.0,0.0,0.0,14.92,59.4,3.02,4.0,98.97,0.0
2020121003,0.0,0.0,0.0,14.3,62.89,2.96,2.9,98.97,0.0
2020121004,0.0,0.0,0.0,13.74,66.03,2.86,359.6,98.98,0.0
2020121005,0.0,0.0,0.0,13.29,68.85,2.72,353.9,99.01,0.0
2020121006,5.65,6.41,7.97,13.06,70.66,2.52,346.5,99.07,0.0
2020121007,114.8,298.42,58.09,15.21,62.05,2.01,336.0,99.12,0.0
2020121008,288.1,531.64,95.94,18.1,52.57,2.16,317.4,99.17,0.0
2020121009,429.45,594.66,136.62,21.15,44.53,1.7,284.7,99.23,0.0
2020121010,537.12,618.13,166.91,26.74,28.36,2.19,295.4,99.22,0.0
2020121011,512.6,416.67,227.14,28.65,24.06,2.54,291.2,99.15,0.0
2020121012,523.2,511.83,194.01,29.33,22.91,2.66,286.4,99.04,0.0
2020121013,444.75,481.43,172.97,29.43,22.76,2.65,283.5,98.95,0.0
2020121014,312.4,384.74,139.97,29.01,23.22,2.68,284.5,98.89,0.0
2020121015,161.55,253.24,86.96,28.05,24.5,2.48,289.1,98.84,0.0
2020121016,26.0,23.5,23.73,24.43,30.54,2.04,297.4,98.83,0.0
2020121017,0.0,0.0,0.0,21.93,35.36,2.52,306.6,98.87,0.0
2020121018,0.0,0.0,0.0,20.65,38.34,2.74,315.6,98.95,0.0
2020121019,0.0,0.0,0.0,19.58,41.13,2.86,324.1,99.01,0.0
2020121020,0.0,0.0,0.0,18.64,43.86,2.98,331.4,99.07,0.0
2020121021,0.0,0.0,0.0,17.83,46.47,3.08,337.5,99.1,0.0
2020121022,0.0,0.0,0.0,17.09,49.26,3.13,343.7,99.09,0.0
2020121023,0.0,0.0,0.0,16.4,52.3,3.11,349.8,99.07,0.0
2020121100,0.0,0.0,0.0,15.73,55.9,3.04,355.5,99.05,0.0
2020121101,0.0,0.0,0.0,15.1,59.85,2.95,359.6,99.03,0.0
2020121102,0.0,0.0,0.0,14.52,63.75,2.86,2.8,99.01,0.0
2020121103,0.0,0.0,0.0,14.01,67.17,2.79,4.3,99.01,0.0
2020121104,0.0,0.0,0.0,13.6,69.81,2.68,4.1,99.02,0.0
2020121105,0.0,0.0,0.0,13.36,71.26,2.46,2.3,99.09,0.0
2020121106,4.5,1.83,6.99,13.58,70.41,2.05,358.9,99.17,0.0
2020121107,80.78,115.08,60.63,15.53,61.93,1.48,359.6,99.23,0.0
2020121108,183.45,201.25,112.07,18.2,52.6,1.35,9.8,99.26,0.0
2020121109,266.08,153.2,190.97,21.39,43.53,0.81,30.4,99.27,0.0
2020121110,278.83,5.58,240.96,26.42,29.58,0.28,186.1,99.21,0.0
2020121111,271.8,11.97,221.9,28.29,25.54,1.04,223.1,99.09,0.0
2020121112,266.73,26.96,206.9,29.05,24.21,1.49,228.3,98.96,0.0
2020121113,315.05,216.43,175.41,29.26,23.89,1.9,224.1,98.85,0.0
2020121114,235.6,165.48,154.1,28.96,24.21,2.0,220.9,98.78,0.0
2020121115,117.7,86.77,90.3,28.11,25.46,1.77,218.1,98.74,0.0
2020121116,21.23,5.57,22.3,25.4,30.06,1.36,217.0,98.74,0.0
2020121117,0.0,0.0,0.0,23.66,33.21,1.57,210.2,98.79,0.0
2020121118,0.0,0.0,0.0,22.51,35.7,1.85,197.0,98.89,0.0
2020121119,0.0,0.0,0.0,21.34,38.43,2.12,185.4,98.95,0.0
2020121120,0.0,0.0,0.0,20.42,40.74,2.38,183.1,98.99,0.0
2020121121,0.0,0.0,0.0,19.79,42.5,2.64,188.5,98.98,0.0
2020121122,0.0,0.0,0.0,19.13,45.13,2.88,199.4,98.97,0.0
2020121123,0.0,0.0,0.0,18.37,50.45,3.44,211.0,98.95,0.0
2020121200,0.0,0.0,0.0,17.79,59.59,4.15,217.9,98.94,0.0
2020121201,0.0,0.0,0.0,17.36,69.32,4.74,224.3,98.92,0.02
2020121202,0.0,0.0,0.0,16.77,76.07,4.16,228.2,98.91,0.06
2020121203,0.0,0.0,0.0,15.98,82.06,3.08,229.1,98.89,1.5
2020121204,0.0,0.0,0.0,16.08,82.92,2.9,231.9,98.9,1.52
2020121205,0.0,0.0,0.0,16.01,84.02,2.63,237.9,98.94,0.88
2020121206,3.83,0.0,5.99,16.07,84.27,2.38,247.2,99.01,0.83
2020121207,66.85,19.37,58.89,16.92,80.16,3.03,258.9,99.1,0.38
2020121208,146.68,61.27,122.18,18.11,74.05,2.9,268.0,99.2,0.7
2020121209,243.27,89.06,188.2,20.11,62.93,2.59,276.2,99.27,7.88
2020121210,321.73,122.85,218.97,22.21,50.83,2.06,273.9,99.25,8.48
2020121211,292.35,17.25,229.6,23.82,42.93,1.61,257.8,99.18,9.07
2020121212,244.5,56.38,182.72,24.85,39.11,1.4,244.7,99.08,5.55
2020121213,245.8,90.91,172.46,24.98,37.97,1.25,236.4,98.99,3.85
2020121214,190.75,67.03,155.65,24.57,38.28,1.05,237.8,98.93,2.37
2020121215,95.85,33.34,80.53,24.01,39.11,0.9,253.8,98.93,0.7
2020121216,18.15,1.26,20.32,22.53,42.43,0.61,292.0,98.95,0.17
2020121217,0.0,0.0,0.0,21.22,44.55,0.9,336.6,98.99,0.05
2020121218,0.0,0.0,0.0,20.23,46.45,1.37,348.2,99.06,0.03
2020121219,0.0,0.0,0.0,18.97,49.26,1.83,346.7,99.13,0.02
2020121220,0.0,0.0,0.0,17.51,53.22,2.31,342.3,99.16,0.02
2020121221,0.0,0.0,0.0,16.19,57.78,2.76,337.9,99.16,0.0
2020121222,0.0,0.0,0.0,15.32,61.44,3.08,337.4,99.14,0.0
2020121223,0.0,0.0,0.0,14.7,64.96,3.27,338.7,99.11,0.0
2020121300,0.0,0.0,0.0,14.06,69.17,3.52,340.1,99.09,0.0
2020121301,0.0,0.0,0.0,13.4,73.12,3.75,339.5,99.08,0.0
2020121302,0.0,0.0,0.0,12.81,75.79,4.0,336.4,99.08,0.0
2020121303,0.0,0.0,0.0,12.28,76.37,4.09,332.8,99.07,0.0
2020121304,0.0,0.0,0.0,11.76,76.29,4.06,328.8,99.08,0.0
2020121305,0.0,0.0,0.0,11.33,76.4,4.13,325.7,99.12,0.0
2020121306,2.92,0.0,4.68,10.92,77.34,4.11,324.4,99.17,0.66
2020121307,62.47,49.08,53.21,11.98,72.13,4.92,324.0,99.22,0.48
2020121308,185.35,187.66,119.71,14.21,63.55,4.33,323.6,99.27,0.0
2020121309,299.55,312.91,148.92,18.36,47.66,5.09,323.5,99.3,0.0
2020121310,422.17,410.34,172.49,20.89,37.58,5.4,314.0,99.26,0.0
2020121311,468.33,416.34,189.89,22.06,33.03,5.63,305.6,99.16,0.0
2020121312,483.73,429.3,204.76,22.73,30.19,5.84,299.6,99.03,0.0
2020121313,435.8,424.92,193.5,22.88,28.69,5.93,296.3,98.91,0.0
2020121314,308.92,342.76,155.49,22.49,28.08,5.87,296.5,98.85,0.0
2020121315,174.73,281.2,92.32,21.45,28.38,5.64,299.0,98.85,0.0
2020121316,28.23,24.54,24.06,18.63,32.7,3.67,304.1,98.88,0.0
2020121317,0.0,0.0,0.0,15.06,38.91,3.15,313.1,98.93,0.0
2020121318,0.0,0.0,0.0,13.89,40.1,3.17,319.9,99.0,0.0
2020121319,0.0,0.0,0.0,12.82,42.39,3.14,325.2,99.07,0.0
2020121320,0.0,0.0,0.0,11.95,44.67,3.17,327.8,99.1,0.0
2020121321,0.0,0.0,0.0,11.27,46.73,3.24,328.1,99.11,0.0
2020121322,0.0,0.0,0.0,10.7,49.4,3.36,327.8,99.11,0.0
2020121323,0.0,0.0,0.0,10.21,52.44,3.57,328.0,99.1,0.0
2020121400,0.0,0.0,0.0,9.77,55.84,3.87,329.4,99.09,0.0
2020121401,0.0,0.0,0.0,9.28,59.74,4.12,330.9,99.09,0.0
2020121402,0.0,0.0,0.0,8.62,64.44,3.83,331.5,99.09,0.0
2020121403,0.0,0.0,0.0,7.96,69.02,3.43,330.1,99.08,0.0
2020121404,0.0,0.0,0.0,7.41,73.2,3.11,326.9,99.09,0.0
2020121405,0.0,0.0,0.0,6.92,77.33,2.92,322.4,99.13,0.0
2020121406,4.1,0.0,6.42,6.55,81.17,2.83,317.6,99.2,0.0
2020121407,85.97,63.24,74.36,8.86,71.05,3.62,312.2,99.26,0.0
2020121408,224.12,213.6,152.6,11.67,60.19,3.32,305.1,99.33,0.0
2020121409,375.85,388.45,186.7,16.02,43.13,3.69,307.5,99.39,0.0
2020121410,514.2,514.97,198.33,18.91,31.64,4.14,306.5,99.39,0.0
2020121411,529.92,444.34,222.86,20.73,25.0,4.39,301.4,99.32,0.0
2020121412,530.28,434.61,241.53,21.7,21.63,4.41,301.5,99.22,0.0
2020121413,457.88,458.35,195.93,21.99,19.92,4.36,304.7,99.14,0.0
2020121414,323.2,361.4,166.16,21.67,19.38,4.25,309.5,99.1,0.0
2020121415,166.95,221.54,101.84,20.67,20.15,4.04,313.9,99.09,0.0
2020121416,28.55,20.28,27.48,16.87,28.2,2.71,317.8,99.1,0.0
2020121417,0.0,0.0,0.0,13.62,33.96,3.07,321.7,99.15,0.0
2020121418,0.0,0.0,0.0,12.66,35.97,3.12,324.5,99.23,0.0
2020121419,0.0,0.0,0.0,11.79,38.45,3.11,326.2,99.28,0.0
2020121420,0.0,0.0,0.0,10.98,41.55,3.17,327.1,99.31,0.0
2020121421,0.0,0.0,0.0,10.23,44.96,3.24,328.6,99.31,0.0
2020121422,0.0,0.0,0.0,9.55,48.52,3.29,331.1,99.3,0.0
2020121423,0.0,0.0,0.0,8.94,52.08,3.31,333.3,99.29,0.0
2020121500,0.0,0.0,0.0,8.43,55.35,3.28,335.7,99.28,0.0
2020121501,0.0,0.0,0.0,7.98,58.11,3.26,337.7,99.29,0.0
2020121502,0.0,0.0,0.0,7.53,60.68,3.19,339.5,99.29,0.0
2020121503,0.0,0.0,0.0,7.05,63.18,3.07,340.0,99.28,0.0
2020121504,0.0,0.0,0.0,6.61,65.61,2.98,340.2,99.28,0.0
2020121505,0.0,0.0,0.0,6.24,67.84,2.91,339.7,99.33,0.0
2020121506,3.65,1.0,5.96,5.95,70.11,2.82,339.3,99.39,0.0
2020121507,84.57,95.87,67.9,8.5,59.62,2.88,338.4,99.45,0.0
2020121508,221.12,251.81,139.83,11.26,50.41,3.0,339.9,99.52,0.0
2020121509,357.4,360.33,195.12,14.84,39.44,2.87,336.8,99.57,0.0
2020121510,458.0,399.21,223.82,17.57,30.83,3.31,323.7,99.56,0.0
2020121511,459.42,289.9,244.85,18.85,28.43,3.57,318.0,99.5,0.0
2020121512,463.17,322.31,241.56,19.7,27.22,3.92,313.6,99.4,0.0
2020121513,442.45,418.37,201.43,20.1,26.8,4.26,309.5,99.32,0.0
2020121514,300.12,283.66,171.31,20.03,26.9,4.46,307.0,99.28,0.0
2020121515,161.68,207.51,97.38,19.31,27.99,4.4,306.2,99.28,0.0
2020121516,25.9,12.0,23.24,16.18,34.62,2.87,305.6,99.3,0.0
2020121517,0.0,0.0,0.0,13.21,40.49,3.16,306.1,99.34,0.0
2020121518,0.0,0.0,0.0,12.43,41.43,3.24,307.2,99.4,0.0
2020121519,0.0,0.0,0.0,11.78,42.0,3.29,309.2,99.45,0.0
2020121520,0.0,0.0,0.0,11.23,42.02,3.35,313.1,99.49,0.0
2020121521,0.0,0.0,0.0,10.76,42.13,3.45,318.9,99.5,0.0
2020121522,0.0,0.0,0.0,10.34,42.44,3.6,325.6,99.52,0.0
2020121523,0.0,0.0,0.0,9.88,43.37,3.78,332.8,99.51,0.0
2020121600,0.0,0.0,0.0,9.35,45.89,3.99,339.0,99.5,0.0
2020121601,0.0,0.0,0.0,8.8,49.45,4.23,342.5,99.49,0.0
2020121602,0.0,0.0,0.0,8.22,54.21,4.12,341.9,99.49,0.0
2020121603,0.0,0.0,0.0,7.75,58.69,3.88,337.9,99.48,0.0
2020121604,0.0,0.0,0.0,7.42,61.89,3.75,332.9,99.5,0.0
2020121605,0.0,0.0,0.0,7.16,63.82,3.71,327.9,99.56,0.0
2020121606,3.38,0.89,5.29,6.98,65.13,3.77,324.7,99.62,0.0
2020121607,84.28,100.13,67.15,8.72,58.31,5.05,323.9,99.68,0.0
2020121608,232.3,279.1,130.65,11.34,49.3,4.69,321.5,99.74,0.0
2020121609,384.85,436.32,166.37,15.48,37.38,5.18,322.4,99.78,0.0
2020121610,488.67,488.74,189.76,19.15,27.98,6.36,323.8,99.76,0.0
2020121611,521.17,438.1,219.66,20.81,25.55,6.14,318.7,99.68,0.0
2020121612,496.08,401.37,229.47,21.51,23.2,5.97,316.1,99.57,0.0
2020121613,423.4,403.6,191.58,21.61,20.83,5.9,314.3,99.5,0.0
2020121614,302.77,322.88,159.36,21.2,19.32,5.72,313.5,99.46,0.0
2020121615,157.8,186.38,99.17,20.17,19.17,5.31,313.2,99.45,0.0
2020121616,27.8,16.7,25.61,16.39,24.91,3.35,313.5,99.45,0.0
2020121617,0.0,0.0,0.0,13.0,30.27,3.6,314.9,99.5,0.0
2020121618,0.0,0.0,0.0,12.12,31.53,3.76,317.5,99.57,0.0
2020121619,0.0,0.0,0.0,11.26,33.27,3.85,320.8,99.62,0.0
2020121620,0.0,0.0,0.0,10.42,35.45,3.91,322.5,99.65,0.0
2020121621,0.0,0.0,0.0,9.68,37.65,4.02,321.9,99.65,0.0
2020121622,0.0,0.0,0.0,8.98,40.3,4.13,321.0,99.64,0.0
2020121623,0.0,0.0,0.0,8.27,43.15,4.21,319.5,99.61,0.0
2020121700,0.0,0.0,0.0,7.59,46.1,4.25,317.5,99.58,0.0
2020121701,0.0,0.0,0.0,6.94,48.67,4.24,314.7,99.57,0.0
2020121702,0.0,0.0,0.0,6.23,51.26,4.11,313.7,99.53,0.0
2020121703,0.0,0.0,0.0,5.46,54.23,3.92,313.1,99.51,0.0
2020121704,0.0,0.0,0.0,4.75,57.18,3.76,311.0,99.52,0.0
2020121705,0.0,0.0,0.0,4.14,60.29,3.67,308.1,99.57,0.0
2020121706,3.5,0.0,5.68,3.62,63.38,3.62,305.7,99.63,0.0
2020121707,84.5,65.15,70.3,5.34,56.75,4.83,303.3,99.68,0.0
2020121708,221.18,207.59,154.26,7.74,48.88,4.21,297.0,99.73,0.0
2020121709,357.15,332.7,198.76,11.79,36.45,4.34,299.6,99.77,0.0
2020121710,522.5,542.83,196.11,15.24,25.22,5.74,313.6,99.73,0.0
2020121711,596.8,651.63,181.66,16.65,21.34,5.6,311.9,99.63,0.0
2020121712,589.25,671.86,169.01,17.59,18.82,5.68,310.5,99.52,0.0
2020121713,508.33,635.19,158.83,18.0,17.39,5.77,309.5,99.42,0.0
2020121714,374.6,568.44,127.97,18.11,16.27,5.85,308.9,99.35,0.0
2020121715,204.73,421.95,87.71,17.67,16.32,5.69,308.2,99.32,0.0
2020121716,36.92,87.16,27.79,14.12,21.96,3.58,306.1,99.3,0.0
2020121717,0.0,0.0,0.0,10.9,27.26,3.72,304.0,99.31,0.0
2020121718,0.0,0.0,0.0,10.25,28.35,3.89,302.7,99.35,0.0
2020121719,0.0,0.0,0.0,9.68,29.47,4.06,301.6,99.39,0.0
2020121720,0.0,0.0,0.0,9.15,30.68,4.26,301.3,99.4,0.0
2020121721,0.0,0.0,0.0,8.54,32.11,4.39,301.1,99.39,0.0
2020121722,0.0,0.0,0.0,7.97,33.97,4.52,300.6,99.36,0.0
2020121723,0.0,0.0,0.0,7.43,36.0,4.61,299.8,99.32,0.0
2020121800,0.0,0.0,0.0,6.87,38.83,4.59,298.5,99.26,0.0
2020121801,0.0,0.0,0.0,6.38,42.13,4.61,296.3,99.22,0.0
2020121802,0.0,0.0,0.0,5.88,46.34,4.61,295.7,99.19,0.0
2020121803,0.0,0.0,0.0,5.3,51.27,4.51,296.6,99.17,0.0
2020121804,0.0,0.0,0.0,4.72,55.99,4.36,297.3,99.18,0.0
2020121805,0.0,0.0,0.0,4.25,59.81,4.33,297.0,99.23,0.0
2020121806,3.75,5.28,5.53,3.94,62.55,4.53,295.2,99.32,0.0
2020121807,110.7,308.61,58.54,5.18,57.75,5.17,293.2,99.38,0.0
2020121808,296.48,596.58,93.39,7.96,47.87,4.45,288.1,99.45,0.0
2020121809,464.65,715.1,117.67,12.7,33.7,4.68,293.3,99.51,0.0
2020121810,582.33,784.26,129.52,17.29,21.11,6.82,308.8,99.51,0.0
2020121811,617.53,749.84,146.52,19.25,17.09,6.68,307.9,99.44,0.0
2020121812,605.53,749.11,145.91,20.59,14.66,6.62,306.8,99.34,0.0
2020121813,525.62,718.56,136.35,21.24,13.44,6.63,306.6,99.27,0.0
2020121814,386.17,633.47,118.49,21.15,13.07,6.53,306.1,99.24,0.0
2020121815,212.2,486.45,80.44,20.34,13.6,5.58,305.4,99.23,0.0
2020121816,39.0,110.9,27.79,15.84,20.09,3.36,300.6,99.24,0.0
2020121817,0.0,0.0,0.0,12.58,24.39,3.71,295.4,99.29,0.0
2020121818,0.0,0.0,0.0,11.75,25.2,3.8,293.1,99.36,0.0
2020121819,0.0,0.0,0.0,10.99,26.03,3.84,292.4,99.41,0.0
2020121820,0.0,0.0,0.0,10.25,27.1,3.84,294.3,99.43,0.0
2020121821,0.0,0.0,0.0,9.58,28.21,3.87,299.4,99.44,0.0
2020121822,0.0,0.0,0.0,8.9,29.67,3.88,305.1,99.43,0.0
2020121823,0.0,0.0,0.0,8.23,31.78,3.87,309.9,99.41,0.0
2020121900,0.0,0.0,0.0,7.57,34.3,3.84,312.5,99.39,0.0
2020121901,0.0,0.0,0.0,6.98,37.31,3.81,312.7,99.38,0.0
2020121902,0.0,0.0,0.0,6.42,40.42,3.73,311.1,99.37,0.0
2020121903,0.0,0.0,0.0,5.92,43.2,3.68,307.9,99.34,0.0
2020121904,0.0,0.0,0.0,5.46,46.01,3.61,304.7,99.32,0.0
2020121905,0.0,0.0,0.0,5.03,48.51,3.57,302.2,99.34,0.0
2020121906,0.0,0.0,0.0,4.68,50.67,3.57,299.7,99.4,0.0
2020121907,119.1,314.45,58.66,6.81,44.7,4.81,296.7,99.45,0.0
2020121908,298.4,612.22,90.93,9.67,37.5,4.3,292.7,99.53,0.0
2020121909,466.67,754.2,105.53,13.82,29.02,3.47,288.6,99.58,0.0
2020121910,584.75,832.92,109.61,18.87,17.59,5.72,306.8,99.55,0.0
2020121911,616.62,752.09,147.23,21.54,12.61,6.37,309.5,99.46,0.0
2020121912,605.97,760.93,140.17,23.09,11.63,6.6,308.4,99.37,0.0
2020121913,526.4,734.29,128.83,23.78,11.8,6.7,307.0,99.3,0.0
2020121914,388.65,649.53,109.58,23.61,12.35,6.63,305.2,99.26,0.0
2020121915,212.95,489.02,80.29,22.6,13.59,5.74,303.8,99.26,0.0
2020121916,39.85,114.3,29.21,17.85,20.1,3.52,301.7,99.28,0.0
2020121917,0.0,0.0,0.0,14.47,24.86,3.84,301.9,99.33,0.0
2020121918,0.0,0.0,0.0,13.46,26.36,3.87,303.4,99.41,0.0
2020121919,0.0,0.0,0.0,12.47,27.81,3.86,304.6,99.47,0.0
2020121920,0.0,0.0,0.0,11.5,29.07,3.84,305.9,99.51,0.0
2020121921,0.0,0.0,0.0,10.54,30.11,3.77,306.8,99.51,0.0
2020121922,0.0,0.0,0.0,9.68,30.7,3.71,307.7,99.51,0.0
2020121923,0.0,0.0,0.0,9.02,30.7,3.73,309.0,99.49,0.0
2020122000,0.0,0.0,0.0,8.5,30.79,3.73,310.9,99.47,0.0
2020122001,0.0,0.0,0.0,7.95,31.36,3.65,312.0,99.47,0.0
2020122002,0.0,0.0,0.0,7.31,33.07,3.41,312.1,99.46,0.0
2020122003,0.0,0.0,0.0,6.69,35.15,3.24,309.9,99.44,0.0
2020122004,0.0,0.0,0.0,6.29,37.48,3.27,306.4,99.46,0.0
2020122005,0.0,0.0,0.0,6.02,39.91,3.32,304.5,99.5,0.0
2020122006,0.0,0.0,0.0,5.91,42.13,3.31,304.0,99.57,0.0
2020122007,104.5,176.62,76.92,8.1,37.6,4.33,303.3,99.63,0.0
2020122008,268.83,416.02,147.65,10.71,32.55,4.02,302.0,99.68,0.0
2020122009,430.15,554.16,193.63,14.47,25.83,3.3,301.9,99.71,0.0
2020122010,542.4,633.74,217.11,19.21,16.88,5.16,318.8,99.67,0.0
2020122011,553.08,468.82,244.42,21.38,13.49,5.6,319.9,99.56,0.0
2020122012,537.38,509.19,218.05,22.74,12.35,5.71,315.9,99.43,0.0
2020122013,485.23,568.23,186.38,23.42,12.72,5.8,308.9,99.35,0.0
2020122014,350.27,432.66,165.13,23.17,13.92,5.68,304.4,99.29,0.0
2020122015,187.2,270.66,117.15,22.02,15.94,4.55,300.3,99.26,0.0
2020122016,35.12,34.24,34.58,18.03,22.56,3.04,293.9,99.25,0.0
2020122017,0.0,0.0,0.0,15.62,26.21,3.43,291.6,99.29,0.0
2020122018,0.0,0.0,0.0,14.91,27.64,3.49,291.9,99.35,0.0
2020122019,0.0,0.0,0.0,13.93,29.96,3.42,294.0,99.38,0.0
2020122020,0.0,0.0,0.0,12.96,32.45,3.35,297.6,99.4,0.0
2020122021,0.0,0.0,0.0,12.22,34.86,3.44,300.4,99.42,0.0
2020122022,0.0,0.0,0.0,11.49,37.87,3.57,302.5,99.42,0.0
2020122023,0.0,0.0,0.0,10.95,40.94,3.69,304.9,99.38,0.0
2020122100,0.0,0.0,0.0,10.36,44.45,3.66,306.3,99.32,0.0
2020122101,0.0,0.0,0.0,9.64,48.49,3.55,307.1,99.28,0.0
2020122102,0.0,0.0,0.0,8.85,52.8,3.43,306.5,99.25,0.0
2020122103,0.0,0.0,0.0,8.4,55.43,3.35,304.3,99.23,0.0
2020122104,0.0,0.0,0.0,8.1,57.31,3.24,302.5,99.23,0.0
2020122105,0.0,0.0,0.0,7.41,60.71,3.16,300.9,99.27,0.0
2020122106,0.0,0.0,0.0,6.89,63.75,3.13,299.4,99.33,0.0
2020122107,89.68,72.94,78.14,8.84,56.42,4.17,298.5,99.4,0.0
2020122108,230.85,195.2,164.95,11.49,47.39,3.74,294.2,99.46,0.0
2020122109,377.3,284.41,243.54,15.6,35.46,3.13,297.0,99.47,0.0
2020122110,484.3,341.36,262.15,19.86,23.11,4.47,315.9,99.43,0.0
2020122111,497.73,290.23,300.56,21.07,19.59,4.71,317.1,99.35,0.0
2020122112,514.03,415.49,289.8,21.22,19.13,4.75,316.9,99.24,0.0
2020122113,457.27,494.4,183.57,20.99,19.58,4.74,315.3,99.17,0.0
2020122114,330.6,426.66,144.7,20.94,19.95,4.47,314.1,99.11,0.0
2020122115,179.18,249.18,108.31,20.18,21.84,3.06,312.5,99.07,0.0
2020122116,34.22,27.17,33.3,16.77,28.7,2.56,305.3,99.05,0.0
2020122117,0.0,0.0,0.0,14.24,32.59,2.99,296.8,99.06,0.0
2020122118,0.0,0.0,0.0,13.53,34.24,3.17,291.6,99.11,0.0
2020122119,0.0,0.0,0.0,13.09,35.46,3.3,291.5,99.13,0.0
2020122120,0.0,0.0,0.0,12.96,35.78,3.32,296.5,99.17,0.0
2020122121,0.0,0.0,0.0,12.99,35.82,3.17,305.5,99.19,0.0
2020122122,0.0,0.0,0.0,12.48,37.15,3.08,316.3,99.19,0.0
2020122123,0.0,0.0,0.0,11.75,39.32,3.03,325.9,99.18,0.0
2020122200,0.0,0.0,0.0,11.08,41.82,2.95,335.2,99.16,0.0
2020122201,0.0,0.0,0.0,10.42,44.82,2.9,341.5,99.14,0.0
2020122202,0.0,0.0,0.0,9.91,47.67,2.8,343.0,99.12,0.0
2020122203,0.0,0.0,0.0,9.61,50.09,2.68,342.6,99.1,0.0
2020122204,0.0,0.0,0.0,9.36,52.15,2.59,340.9,99.1,0.0
2020122205,0.0,0.0,0.0,9.09,54.23,2.48,337.7,99.14,0.0
2020122206,0.0,0.0,0.0,8.61,56.77,2.39,331.8,99.22,0.0
2020122207,89.72,112.58,72.53,10.46,50.8,2.42,323.2,99.3,0.0
2020122208,240.52,269.56,162.19,12.55,44.7,2.55,310.4,99.37,0.0
2020122209,400.67,419.67,216.41,15.76,36.67,2.02,295.8,99.42,0.0
2020122210,519.22,517.8,219.94,21.05,23.7,2.99,307.3,99.4,0.0
2020122211,521.0,444.23,218.45,23.13,18.95,3.05,303.9,99.3,0.0
2020122212,520.03,475.34,211.11,24.17,16.83,3.13,299.9,99.17,0.0
2020122213,444.12,433.45,194.67,24.61,15.55,3.22,298.4,99.06,0.0
2020122214,323.42,361.45,164.43,24.19,15.36,3.17,299.5,98.99,0.0
2020122215,169.02,200.14,108.71,22.78,17.58,2.33,301.6,98.96,0.0
2020122216,32.05,14.82,32.74,19.07,24.09,2.36,305.5,98.96,0.0
2020122217,0.0,0.0,0.0,16.81,26.29,2.72,311.1,98.98,0.0
2020122218,0.0,0.0,0.0,15.76,27.86,2.85,318.3,99.03,0.0
2020122219,0.0,0.0,0.0,14.93,29.39,2.92,326.3,99.06,0.0
2020122220,0.0,0.0,0.0,14.24,31.13,2.99,333.2,99.08,0.0
2020122221,0.0,0.0,0.0,13.65,33.05,3.0,338.9,99.07,0.0
2020122222,0.0,0.0,0.0,13.03,35.78,2.95,343.0,99.05,0.0
2020122223,0.0,0.0,0.0,12.36,39.27,2.86,344.2,99.05,0.0
2020122300,0.0,0.0,0.0,11.74,42.62,2.75,344.2,99.03,0.0
2020122301,0.0,0.0,0.0,11.14,45.78,2.71,343.7,99.01,0.0
2020122302,0.0,0.0,0.0,10.51,48.73,2.72,343.6,99.0,0.0
2020122303,0.0,0.0,0.0,9.94,51.01,2.77,343.4,99.01,0.0
2020122304,0.0,0.0,0.0,9.0,54.63,2.85,344.6,99.02,0.0
2020122305,0.0,0.0,0.0,8.06,58.54,2.92,346.3,99.06,0.0
2020122306,0.0,0.0,0.0,7.57,60.72,2.86,345.4,99.12,0.0
2020122307,85.9,117.52,61.59,9.74,52.59,2.49,340.0,99.2,0.0
2020122308,241.35,321.46,133.51,12.96,42.83,2.99,332.1,99.26,0.0
2020122309,397.2,463.79,163.95,16.34,34.87,2.17,320.6,99.31,0.0
2020122310,495.77,477.86,202.13,21.48,23.12,2.65,321.1,99.27,0.0
2020122311,494.48,366.65,239.52,23.47,18.71,2.62,316.1,99.18,0.0
2020122312,443.9,331.0,216.26,24.5,16.89,2.66,312.3,99.06,0.0
2020122313,408.42,337.55,206.69,24.94,15.99,2.84,308.8,98.96,0.0
2020122314,295.42,262.07,171.21,24.58,16.12,3.08,306.7,98.9,0.0
2020122315,148.23,133.11,105.0,23.08,18.14,2.71,305.1,98.88,0.0
2020122316,28.55,8.06,28.22,18.26,26.01,2.7,307.3,98.9,0.0
2020122317,0.0,0.0,0.0,15.35,29.75,3.2,313.2,98.93,0.0
2020122318,0.0,0.0,0.0,14.15,31.97,3.28,321.7,98.99,0.0
2020122319,0.0,0.0,0.0,13.07,34.32,3.25,331.2,99.04,0.0
2020122320,0.0,0.0,0.0,12.15,36.47,3.26,339.2,99.08,0.0
2020122321,0.0,0.0,0.0,11.41,38.42,3.27,344.4,99.1,0.0
2020122322,0.0,0.0,0.0,10.74,40.78,3.27,347.5,99.08,0.0
2020122323,0.0,0.0,0.0,10.13,43.48,3.26,349.0,99.06,0.0
2020122400,0.0,0.0,0.0,9.56,47.16,3.22,349.1,99.04,0.0
2020122401,0.0,0.0,0.0,9.01,51.56,3.18,348.2,99.02,0.0
2020122402,0.0,0.0,0.0,8.51,56.18,3.12,347.8,99.01,0.0
2020122403,0.0,0.0,0.0,8.06,60.56,3.06,347.7,98.99,0.0
2020122404,0.0,0.0,0.0,7.68,64.11,3.0,346.1,98.99,0.0
2020122405,0.0,0.0,0.0,7.35,66.69,2.92,340.2,99.04,0.0
2020122406,0.0,0.0,0.0,7.11,68.62,2.84,330.7,99.11,0.0
2020122407,77.55,73.72,62.11,9.25,59.92,2.58,321.1,99.19,0.0
2020122408,222.45,270.8,125.52,12.34,49.26,3.3,314.0,99.27,0.0
2020122409,371.05,392.78,167.96,15.37,41.02,2.3,304.4,99.31,0.0
2020122410,497.42,512.58,186.05,20.27,27.64,2.84,309.0,99.28,0.0
2020122411,485.42,367.73,232.37,22.58,21.95,2.96,301.9,99.2,0.0
2020122412,478.88,374.83,220.22,23.63,19.76,3.06,297.4,99.09,0.0
2020122413,443.4,414.46,203.23,23.91,18.99,3.3,294.7,99.0,0.0
2020122414,311.45,305.07,163.92,23.67,18.98,3.63,295.3,98.95,0.0
2020122415,168.3,204.74,101.99,22.46,20.48,3.13,299.3,98.95,0.0
2020122416,31.92,14.18,28.37,17.91,27.91,2.79,310.9,98.97,0.0
2020122417,0.0,0.0,0.0,15.19,31.83,3.3,321.2,99.03,0.0
2020122418,0.0,0.0,0.0,14.22,33.23,3.47,329.3,99.11,0.0
2020122419,0.0,0.0,0.0,13.38,34.2,3.54,336.7,99.19,0.0
2020122420,0.0,0.0,0.0,12.61,34.89,3.57,341.2,99.23,0.0
2020122421,0.0,0.0,0.0,11.9,35.88,3.61,344.1,99.24,0.0
2020122422,0.0,0.0,0.0,11.16,37.67,3.6,346.3,99.22,0.0
2020122423,0.0,0.0,0.0,10.41,40.34,3.57,347.2,99.19,0.0
2020122500,0.0,0.0,0.0,9.61,44.41,3.49,345.7,99.17,0.0
2020122501,0.0,0.0,0.0,8.87,49.47,3.42,341.6,99.15,0.0
2020122502,0.0,0.0,0.0,8.2,54.68,3.36,336.7,99.15,0.0
2020122503,0.0,0.0,0.0,7.56,59.56,3.29,331.5,99.15,0.0
2020122504,0.0,0.0,0.0,7.02,62.92,3.23,326.4,99.17,0.0
2020122505,0.0,0.0,0.0,6.55,65.19,3.2,321.3,99.22,0.0
2020122506,0.0,0.0,0.0,6.16,67.18,3.2,316.3,99.29,0.0
2020122507,86.78,124.03,59.03,8.66,56.66,3.45,310.8,99.36,0.0
2020122508,249.45,362.74,120.74,11.83,45.98,3.89,308.1,99.42,0.0
2020122509,376.65,397.66,172.19,15.49,36.42,3.07,305.5,99.45,0.0
2020122510,485.52,455.2,204.62,19.83,25.22,4.81,312.8,99.42,0.0
2020122511,557.62,525.68,212.36,21.59,20.08,4.95,307.7,99.33,0.0
2020122512,543.42,516.82,212.65,22.59,17.77,5.06,305.3,99.23,0.0
2020122513,469.02,481.13,185.38,22.98,16.72,5.11,306.3,99.14,0.0
2020122514,336.15,363.13,171.53,22.61,16.68,5.05,307.0,99.09,0.0
2020122515,178.1,217.17,111.31,21.49,17.86,4.27,307.4,99.07,0.0
2020122516,35.38,18.42,35.55,16.78,25.12,3.04,308.9,99.07,0.0
2020122517,0.0,0.0,0.0,13.86,30.11,3.44,311.9,99.11,0.0
2020122518,0.0,0.0,0.0,12.86,33.01,3.45,315.7,99.14,0.0
2020122519,0.0,0.0,0.0,11.93,36.47,3.39,319.5,99.18,0.0
2020122520,0.0,0.0,0.0,11.06,40.08,3.37,321.6,99.2,0.0
2020122521,0.0,0.0,0.0,10.3,43.43,3.37,321.6,99.2,0.0
2020122522,0.0,0.0,0.0,9.59,46.6,3.36,320.0,99.18,0.0
2020122523,0.0,0.0,0.0,9.35,48.29,3.3,317.3,99.15,0.0
2020122600,0.0,0.0,0.0,9.19,49.48,3.23,316.8,99.12,0.0
2020122601,0.0,0.0,0.0,9.02,50.72,3.17,317.6,99.08,0.0
2020122602,0.0,0.0,0.0,8.65,52.56,3.13,317.6,99.05,0.0
2020122603,0.0,0.0,0.0,8.36,54.17,3.06,316.7,99.03,0.0
2020122604,0.0,0.0,0.0,7.62,57.43,3.06,313.7,99.04,0.0
2020122605,0.0,0.0,0.0,6.72,61.59,3.08,309.2,99.08,0.0
2020122606,0.0,0.0,0.0,6.18,64.47,3.09,303.8,99.13,0.0
2020122607,78.22,91.53,59.29,8.5,55.47,3.58,296.9,99.2,0.0
2020122608,214.73,243.77,123.61,11.35,46.21,3.93,290.4,99.28,0.0
2020122609,360.83,360.48,173.33,14.84,37.09,3.02,280.7,99.35,0.0
2020122610,481.92,460.72,197.67,19.43,26.39,4.31,289.8,99.33,0.0
2020122611,504.38,387.63,238.83,22.1,20.58,4.93,291.2,99.26,0.0
2020122612,515.15,454.12,217.38,23.52,18.32,4.9,292.3,99.18,0.0
2020122613,450.17,426.05,201.14,23.8,17.52,4.53,294.9,99.1,0.0
2020122614,319.27,310.5,173.24,23.29,17.83,4.18,297.5,99.05,0.0
2020122615,172.0,195.67,113.39,22.04,19.53,3.16,303.1,99.03,0.0
2020122616,36.03,17.12,38.56,17.79,26.74,2.57,315.0,99.02,0.0
2020122617,0.0,0.0,0.0,15.31,30.14,2.85,326.3,99.06,0.0
2020122618,0.0,0.0,0.0,14.5,31.68,2.77,338.0,99.11,0.0
2020122619,0.0,0.0,0.0,13.81,32.84,2.69,350.4,99.16,0.0
2020122620,0.0,0.0,0.0,13.17,33.94,2.69,1.1,99.2,0.0
2020122621,0.0,0.0,0.0,12.48,35.08,2.74,9.0,99.22,0.0
2020122622,0.0,0.0,0.0,11.85,36.22,2.8,14.0,99.21,0.0
2020122623,0.0,0.0,0.0,11.35,37.18,2.82,17.7,99.16,0.0
2020122700,0.0,0.0,0.0,10.87,38.24,2.77,21.6,99.1,0.0
2020122701,0.0,0.0,0.0,10.4,39.44,2.67,21.8,99.06,0.0
2020122702,0.0,0.0,0.0,10.31,39.91,2.41,19.1,99.02,0.0
2020122703,0.0,0.0,0.0,10.53,39.7,2.01,15.9,99.0,0.0
2020122704,0.0,0.0,0.0,11.03,38.52,1.49,14.8,99.01,0.0
2020122705,0.0,0.0,0.0,11.5,37.35,0.89,22.5,99.04,0.0
2020122706,0.0,0.0,0.0,11.99,36.06,0.37,74.5,99.08,0.0
2020122707,72.53,53.13,64.16,12.12,35.65,0.81,152.8,99.1,0.0
2020122708,211.82,231.53,138.55,13.85,31.85,1.71,164.7,99.14,0.0
2020122709,367.67,417.32,163.02,16.5,27.03,2.08,166.4,99.15,0.0
2020122710,495.62,537.48,176.99,21.03,22.06,2.81,171.4,99.09,0.0
2020122711,465.58,353.68,214.77,22.87,20.72,2.92,173.9,98.98,0.0
2020122712,460.88,357.87,212.65,23.7,20.49,3.16,178.7,98.85,0.0
2020122713,387.6,303.37,204.1,23.89,21.04,3.44,182.8,98.74,0.0
2020122714,281.02,254.32,155.47,23.45,22.51,3.72,182.2,98.66,0.0
2020122715,147.38,121.49,107.97,22.27,25.28,3.1,175.6,98.61,0.0
2020122716,30.23,10.98,31.08,18.23,33.43,2.71,156.7,98.59,0.0
2020122717,0.0,0.0,0.0,15.98,38.82,3.26,142.4,98.62,0.0
2020122718,0.0,0.0,0.0,15.53,40.15,3.45,136.2,98.66,0.0
2020122719,0.0,0.0,0.0,15.52,40.01,3.55,139.2,98.69,0.0
2020122720,0.0,0.0,0.0,15.15,40.63,3.14,151.2,98.74,0.0
2020122721,0.0,0.0,0.0,14.14,43.3,2.35,195.8,98.81,0.01
2020122722,0.0,0.0,0.0,13.54,44.13,2.76,254.7,98.87,0.04
2020122723,0.0,0.0,0.0,12.85,43.72,3.51,286.2,98.89,0.03
2020122800,0.0,0.0,0.0,11.42,44.77,3.98,305.6,98.9,0.01
2020122801,0.0,0.0,0.0,10.29,46.25,4.82,316.4,98.91,0.0
2020122802,0.0,0.0,0.0,9.06,49.68,4.95,320.3,98.92,0.0
2020122803,0.0,0.0,0.0,7.91,52.83,4.67,321.6,98.92,0.0
2020122804,0.0,0.0,0.0,6.85,55.22,4.2,323.4,98.96,0.0
2020122805,0.0,0.0,0.0,5.9,56.79,3.69,327.0,99.04,0.0
2020122806,0.0,0.0,0.0,5.16,57.87,3.43,331.3,99.13,0.0
2020122807,90.55,142.69,60.25,7.23,48.95,4.42,335.7,99.22,0.0
2020122808,245.05,328.07,127.38,10.21,39.4,4.41,336.9,99.3,0.0
2020122809,408.35,474.61,169.35,14.75,22.14,4.63,339.5,99.37,0.0
2020122810,526.25,549.26,189.48,17.85,12.4,4.26,336.8,99.35,0.0
2020122811,551.17,439.9,248.1,19.22,10.3,3.8,328.4,99.27,0.0
2020122812,546.58,483.91,222.91,20.0,9.87,3.96,321.6,99.18,0.0
2020122813,475.4,455.73,205.75,20.18,10.3,4.45,319.7,99.12,0.0
2020122814,344.38,355.85,179.79,19.73,11.21,4.74,321.2,99.09,0.0
2020122815,201.2,285.7,109.24,18.75,12.65,4.54,323.7,99.08,0.0
2020122816,41.75,31.36,35.06,14.66,18.69,3.04,324.8,99.11,0.0
2020122817,0.0,0.0,0.0,11.49,24.42,3.48,327.5,99.16,0.0
2020122818,0.0,0.0,0.0,10.64,28.08,3.5,331.2,99.22,0.0
2020122819,0.0,0.0,0.0,9.84,32.52,3.49,333.4,99.26,0.0
2020122820,0.0,0.0,0.0,9.13,37.14,3.5,335.0,99.29,0.0
2020122821,0.0,0.0,0.0,8.58,41.4,3.56,336.7,99.29,0.0
2020122822,0.0,0.0,0.0,8.06,45.1,3.61,338.6,99.28,0.0
2020122823,0.0,0.0,0.0,7.39,49.05,3.5,338.2,99.25,0.0
2020122900,0.0,0.0,0.0,6.66,53.03,3.33,334.7,99.25,0.0
2020122901,0.0,0.0,0.0,6.08,56.2,3.25,329.1,99.23,0.0
2020122902,0.0,0.0,0.0,5.65,58.57,3.25,323.6,99.19,0.0
2020122903,0.0,0.0,0.0,5.33,60.23,3.32,319.0,99.16,0.0
2020122904,0.0,0.0,0.0,5.07,61.51,3.41,316.4,99.17,0.0
2020122905,0.0,0.0,0.0,4.82,62.61,3.44,314.6,99.2,0.0
2020122906,0.0,0.0,0.0,4.58,63.14,3.48,313.4,99.24,0.0
2020122907,78.78,67.74,60.04,6.91,53.27,4.67,311.1,99.29,0.0
2020122908,231.55,272.06,132.79,9.74,43.59,4.43,305.6,99.36,0.0
2020122909,389.58,409.54,178.69,14.05,33.21,5.03,307.9,99.43,0.0
2020122910,505.58,480.08,210.14,17.55,26.47,6.66,315.7,99.43,0.0
2020122911,590.2,600.99,197.99,19.28,22.45,6.2,315.3,99.36,0.0
2020122912,580.17,590.06,202.68,20.37,19.84,5.8,315.7,99.28,0.0
2020122913,500.38,536.86,192.25,20.78,18.23,5.51,316.7,99.21,0.0
2020122914,367.83,447.98,164.91,20.47,17.84,5.22,317.2,99.16,0.0
2020122915,206.98,319.5,107.36,19.48,18.69,4.65,316.7,99.14,0.0
2020122916,46.35,62.0,36.7,15.18,25.36,3.04,312.7,99.16,0.0
2020122917,0.0,0.0,0.0,11.93,31.24,3.48,309.9,99.21,0.0
2020122918,0.0,0.0,0.0,11.04,33.65,3.55,309.5,99.27,0.0
2020122919,0.0,0.0,0.0,10.25,35.87,3.6,312.2,99.33,0.0
2020122920,0.0,0.0,0.0,9.53,38.19,3.75,316.7,99.37,0.0
2020122921,0.0,0.0,0.0,8.84,41.0,3.93,321.1,99.39,0.0
2020122922,0.0,0.0,0.0,8.06,44.56,4.07,324.7,99.38,0.0
2020122923,0.0,0.0,0.0,7.24,49.15,4.08,326.9,99.37,0.0
2020123000,0.0,0.0,0.0,6.46,54.82,4.02,327.7,99.36,0.0
2020123001,0.0,0.0,0.0,5.92,60.83,3.99,326.5,99.37,0.0
2020123002,0.0,0.0,0.0,5.31,67.74,3.59,323.0,99.36,0.0
2020123003,0.0,0.0,0.0,4.87,73.89,3.37,317.6,99.34,0.0
2020123004,0.0,0.0,0.0,4.57,79.21,3.33,313.1,99.35,0.0
2020123005,0.0,0.0,0.0,4.56,82.1,3.34,309.7,99.37,0.0
2020123006,0.0,0.0,0.0,4.95,81.58,3.38,307.8,99.42,0.0
2020123007,65.1,38.78,60.34,6.71,73.05,4.38,306.1,99.46,0.0
2020123008,169.57,121.42,129.54,8.8,64.23,3.79,302.7,99.53,0.0
2020123009,280.55,153.44,197.2,12.37,49.87,3.91,312.7,99.58,0.0
2020123010,370.23,228.39,223.33,15.64,35.49,4.8,322.3,99.57,0.0
2020123011,436.27,174.97,289.21,17.12,28.85,4.26,319.9,99.52,0.0
2020123012,468.33,383.81,229.3,18.25,24.04,3.86,317.6,99.45,0.0
2020123013,417.85,357.19,216.29,18.9,20.67,3.58,314.8,99.4,0.0
2020123014,317.92,310.09,176.12,19.11,18.88,3.64,312.7,99.36,0.0
2020123015,183.25,185.34,128.92,18.33,19.14,3.62,311.3,99.34,0.0
2020123016,41.47,21.73,38.14,13.97,26.08,2.75,310.4,99.35,0.0
2020123017,0.0,0.0,0.0,10.79,32.16,3.34,310.5,99.41,0.0
2020123018,0.0,0.0,0.0,9.89,35.61,3.47,312.8,99.46,0.0
2020123019,0.0,0.0,0.0,9.08,39.27,3.51,320.0,99.47,0.0
2020123020,0.0,0.0,0.0,8.29,42.89,3.5,324.3,99.48,0.0
2020123021,0.0,0.0,0.0,7.52,46.12,3.47,323.0,99.48,0.0
2020123022,0.0,0.0,0.0,6.83,48.99,3.44,322.3,99.46,0.0
2020123023,0.0,0.0,0.0,6.21,51.44,3.42,322.1,99.42,0.0
2020123100,0.0,0.0,0.0,5.79,53.46,3.44,322.6,99.38,0.0
2020123101,0.0,0.0,0.0,5.23,56.65,3.48,319.1,99.37,0.0
2020123102,0.0,0.0,0.0,4.81,59.8,3.5,317.2,99.36,0.0
2020123103,0.0,0.0,0.0,4.41,63.38,3.64,316.7,99.32,0.0
2020123104,0.0,0.0,0.0,4.12,66.63,3.81,314.5,99.33,0.0
2020123105,0.0,0.0,0.0,3.54,70.84,3.57,312.8,99.36,0.0
2020123106,0.0,0.0,0.0,3.05,73.79,3.48,310.1,99.41,0.0
2020123107,57.58,15.32,51.07,5.1,63.75,4.52,306.6,99.48,0.0
2020123108,150.1,53.23,124.9,7.87,52.4,3.88,300.1,99.55,0.0
2020123109,252.45,84.82,197.16,12.06,38.79,3.01,292.9,99.58,0.0
2020123110,334.92,159.5,223.05,17.7,22.87,3.74,311.5,99.55,0.0
2020123111,438.85,249.35,258.2,20.03,17.23,2.96,312.5,99.45,0.0
2020123112,411.58,141.64,285.19,21.16,14.54,2.45,310.2,99.35,0.0
2020123113,354.77,113.56,267.3,21.72,12.93,2.16,305.4,99.27,0.0
2020123114,286.67,116.61,221.92,21.43,12.47,2.21,303.0,99.21,0.0
2020123115,158.07,46.36,133.1,19.86,14.63,1.91,303.4,99.18,0.0
2020123116,39.45,5.22,39.34,15.46,20.57,2.26,304.5,99.17,0.0
2020123117,0.0,0.0,0.0,12.5,23.73,2.76,306.0,99.22,0.0
2020123118,0.0,0.0,0.0,10.87,27.18,3.03,309.8,99.26,0.0
2020123119,0.0,0.0,0.0,9.63,31.27,3.17,312.4,99.31,0.0
2020123120,0.0,0.0,0.0,8.64,35.29,3.2,313.7,99.35,0.0
2020123121,0.0,0.0,0.0,8.13,37.86,3.1,314.0,99.35,0.0
2020123122,0.0,0.0,0.0,7.87,39.27,2.98,313.5,99.32,0.0
2020123123,0.0,0.0,0.0,7.7,40.18,2.93,313.3,99.3,0.0
